generation,pair_id,parent1_x1,parent1_x2,parent2_x1,parent2_x2,crossover_applied,child1_x1_before_mutation,child1_x2_before_mutation,child1_mutated_gene,child1_mutation_delta,child1_x1,child1_x2,child2_x1_before_mutation,child2_x2_before_mutation,child2_mutated_gene,child2_mutation_delta,child2_x1,child2_x2
1,1,-1.3818738944660955,-4.12350080683899,-2.7309065094911587,1.698139946825103,True,-1.3818738944660955,1.698139946825103,,,-1.3818738944660955,1.698139946825103,-2.7309065094911587,-4.12350080683899,,,-2.7309065094911587,-4.12350080683899
1,2,-0.6284808112766926,3.3267819605783746,-2.064062422333164,1.6191651472689506,True,-0.6284808112766926,1.6191651472689506,,,-0.6284808112766926,1.6191651472689506,-2.064062422333164,3.3267819605783746,,,-2.064062422333164,3.3267819605783746
1,3,-2.064062422333164,1.6191651472689506,1.6840296179047165,-0.28903793856867477,True,-2.064062422333164,-0.28903793856867477,,,-2.064062422333164,-0.28903793856867477,1.6840296179047165,1.6191651472689506,,,1.6840296179047165,1.6191651472689506
1,4,3.585979199113824,1.9736802905936388,1.4386512008066452,3.227616132708299,True,3.585979199113824,3.227616132708299,,,3.585979199113824,3.227616132708299,1.4386512008066452,1.9736802905936388,,,1.4386512008066452,1.9736802905936388
1,5,2.7395604855596334,-0.6112156024794766,2.5808774008537387,-1.4547403187013161,True,2.7395604855596334,-1.4547403187013161,,,2.7395604855596334,-1.4547403187013161,2.5808774008537387,-0.6112156024794766,0.0,0.41755562295728943,2.998433023811028,-0.6112156024794766
1,6,1.6431354032738756,-0.9361313855992943,1.347183200005908,0.535794006579958,True,1.6431354032738756,0.535794006579958,,,1.6431354032738756,0.535794006579958,1.347183200005908,-0.9361313855992943,,,1.347183200005908,-0.9361313855992943
1,7,2.7395604855596334,-0.6112156024794766,-1.7417464186184803,-1.2954029396513111,True,2.7395604855596334,-1.2954029396513111,0.0,-0.7354031472513292,2.0041573383083042,-1.2954029396513111,-1.7417464186184803,-0.6112156024794766,,,-1.7417464186184803,-0.6112156024794766
1,8,-3.7007849466452836,-0.24295073774066278,-0.5384372442596934,-1.1897877390351752,True,-3.7007849466452836,-1.1897877390351752,,,-3.7007849466452836,-1.1897877390351752,-0.5384372442596934,-0.24295073774066278,,,-0.5384372442596934,-0.24295073774066278
1,9,2.7395604855596334,-0.6112156024794766,0.6523610648118883,2.649988574160256,True,2.7395604855596334,2.649988574160256,,,2.7395604855596334,2.649988574160256,0.6523610648118883,-0.6112156024794766,,,0.6523610648118883,-0.6112156024794766
1,10,-2.064062422333164,1.6191651472689506,-0.41084224461660046,0.6874119595289372,False,-2.064062422333164,1.6191651472689506,,,-2.064062422333164,1.6191651472689506,-0.41084224461660046,0.6874119595289372,,,-0.41084224461660046,0.6874119595289372
1,11,0.5703215234127832,2.8389820910641355,1.347183200005908,0.535794006579958,True,0.5703215234127832,0.535794006579958,,,0.5703215234127832,0.535794006579958,1.347183200005908,2.8389820910641355,,,1.347183200005908,2.8389820910641355
1,12,2.783834970737619,-3.0536129214803243,1.4386512008066452,3.227616132708299,True,2.783834970737619,3.227616132708299,,,2.783834970737619,3.227616132708299,1.4386512008066452,-3.0536129214803243,,,1.4386512008066452,-3.0536129214803243
1,13,-0.41084224461660046,0.6874119595289372,0.5703215234127832,2.8389820910641355,True,-0.41084224461660046,2.8389820910641355,,,-0.41084224461660046,2.8389820910641355,0.5703215234127832,0.6874119595289372,,,0.5703215234127832,0.6874119595289372
1,14,-1.984879108521235,1.3028259311888846,0.5458478701583482,-4.3618274389582465,True,-1.984879108521235,-4.3618274389582465,,,-1.984879108521235,-4.3618274389582465,0.5458478701583482,1.3028259311888846,,,0.5458478701583482,1.3028259311888846
1,15,-3.0009179752489166,-4.926377302489945,1.6431354032738756,-0.9361313855992943,True,-3.0009179752489166,-0.9361313855992943,,,-3.0009179752489166,-0.9361313855992943,1.6431354032738756,-4.926377302489945,,,1.6431354032738756,-4.926377302489945
1,16,3.3225980139520104,3.047643574968019,3.27631171992582,1.3166439912206487,False,3.3225980139520104,3.047643574968019,,,3.3225980139520104,3.047643574968019,3.27631171992582,1.3166439912206487,,,3.27631171992582,1.3166439912206487
1,17,-1.984879108521235,1.3028259311888846,1.4386512008066452,3.227616132708299,True,-1.984879108521235,3.227616132708299,,,-1.984879108521235,3.227616132708299,1.4386512008066452,1.3028259311888846,,,1.4386512008066452,1.3028259311888846
1,18,3.27631171992582,1.3166439912206487,0.5920716074541357,-1.960499019373878,False,3.27631171992582,1.3166439912206487,,,3.27631171992582,1.3166439912206487,0.5920716074541357,-1.960499019373878,,,0.5920716074541357,-1.960499019373878
1,19,-3.7188636732445413,-0.49614062104432843,1.6431354032738756,-0.9361313855992943,True,-3.7188636732445413,-0.9361313855992943,,,-3.7188636732445413,-0.9361313855992943,1.6431354032738756,-0.49614062104432843,,,1.6431354032738756,-0.49614062104432843
1,20,1.6840296179047165,-0.28903793856867477,-1.984879108521235,1.3028259311888846,True,1.6840296179047165,1.3028259311888846,,,1.6840296179047165,1.3028259311888846,-1.984879108521235,-0.28903793856867477,,,-1.984879108521235,-0.28903793856867477
1,21,1.6431354032738756,-0.9361313855992943,-0.41084224461660046,0.6874119595289372,True,1.6431354032738756,0.6874119595289372,,,1.6431354032738756,0.6874119595289372,-0.41084224461660046,-0.9361313855992943,,,-0.41084224461660046,-0.9361313855992943
1,22,1.347183200005908,0.535794006579958,2.0516537862633513,2.8072903102196793,True,1.347183200005908,2.8072903102196793,,,1.347183200005908,2.8072903102196793,2.0516537862633513,0.535794006579958,,,2.0516537862633513,0.535794006579958
1,23,2.6113970199035297,2.8606430527695377,-0.6284808112766926,3.3267819605783746,True,2.6113970199035297,3.3267819605783746,,,2.6113970199035297,3.3267819605783746,-0.6284808112766926,2.8606430527695377,,,-0.6284808112766926,2.8606430527695377
1,24,-1.2920197576741876,4.267649888486018,2.2235935059645033,-0.3812276974861266,True,-1.2920197576741876,-0.3812276974861266,,,-1.2920197576741876,-0.3812276974861266,2.2235935059645033,4.267649888486018,,,2.2235935059645033,4.267649888486018
1,25,3.5340307326816607,-2.6606051413465925,2.0026510200224914,-1.8763335861795891,False,3.5340307326816607,-2.6606051413465925,1.0,0.08828667922685529,3.5340307326816607,-2.5723184621197372,2.0026510200224914,-1.8763335861795891,,,2.0026510200224914,-1.8763335861795891
2,1,-0.41084224461660046,-0.9361313855992943,-2.064062422333164,-0.28903793856867477,False,-0.41084224461660046,-0.9361313855992943,,,-0.41084224461660046,-0.9361313855992943,-2.064062422333164,-0.28903793856867477,,,-2.064062422333164,-0.28903793856867477
2,2,-0.6284808112766926,2.8606430527695377,-0.6284808112766926,1.6191651472689506,True,-0.6284808112766926,1.6191651472689506,1.0,0.6029268104441168,-0.6284808112766926,2.2220919577130673,-0.6284808112766926,2.8606430527695377,,,-0.6284808112766926,2.8606430527695377
2,3,-0.6284808112766926,2.8606430527695377,0.6523610648118883,-0.6112156024794766,True,-0.6284808112766926,-0.6112156024794766,,,-0.6284808112766926,-0.6112156024794766,0.6523610648118883,2.8606430527695377,,,0.6523610648118883,2.8606430527695377
2,4,2.0516537862633513,0.535794006579958,-2.064062422333164,-0.28903793856867477,True,2.0516537862633513,-0.28903793856867477,,,2.0516537862633513,-0.28903793856867477,-2.064062422333164,0.535794006579958,,,-2.064062422333164,0.535794006579958
2,5,1.347183200005908,2.8072903102196793,-0.6284808112766926,1.6191651472689506,True,1.347183200005908,1.6191651472689506,,,1.347183200005908,1.6191651472689506,-0.6284808112766926,2.8072903102196793,,,-0.6284808112766926,2.8072903102196793
2,6,-0.41084224461660046,2.8389820910641355,-0.41084224461660046,0.6874119595289372,True,-0.41084224461660046,0.6874119595289372,,,-0.41084224461660046,0.6874119595289372,-0.41084224461660046,2.8389820910641355,,,-0.41084224461660046,2.8389820910641355
2,7,2.998433023811028,-0.6112156024794766,1.347183200005908,-0.9361313855992943,True,2.998433023811028,-0.9361313855992943,,,2.998433023811028,-0.9361313855992943,1.347183200005908,-0.6112156024794766,,,1.347183200005908,-0.6112156024794766
2,8,-1.2920197576741876,-0.3812276974861266,-0.41084224461660046,-0.9361313855992943,True,-1.2920197576741876,-0.9361313855992943,1.0,0.11608494481312803,-1.2920197576741876,-0.8200464407861663,-0.41084224461660046,-0.3812276974861266,,,-0.41084224461660046,-0.3812276974861266
2,9,2.0516537862633513,0.535794006579958,-3.0009179752489166,-0.9361313855992943,True,2.0516537862633513,-0.9361313855992943,,,2.0516537862633513,-0.9361313855992943,-3.0009179752489166,0.535794006579958,,,-3.0009179752489166,0.535794006579958
2,10,2.7395604855596334,-1.4547403187013161,1.347183200005908,2.8389820910641355,True,2.7395604855596334,2.8389820910641355,,,2.7395604855596334,2.8389820910641355,1.347183200005908,-1.4547403187013161,,,1.347183200005908,-1.4547403187013161
2,11,0.6523610648118883,-0.6112156024794766,0.5920716074541357,-1.960499019373878,True,0.6523610648118883,-1.960499019373878,0.0,-0.556205735991709,0.0961553288201793,-1.960499019373878,0.5920716074541357,-0.6112156024794766,,,0.5920716074541357,-0.6112156024794766
2,12,-0.41084224461660046,0.6874119595289372,3.27631171992582,1.3166439912206487,True,-0.41084224461660046,1.3166439912206487,,,-0.41084224461660046,1.3166439912206487,3.27631171992582,0.6874119595289372,,,3.27631171992582,0.6874119595289372
2,13,2.783834970737619,3.227616132708299,-0.6284808112766926,2.8606430527695377,True,2.783834970737619,2.8606430527695377,,,2.783834970737619,2.8606430527695377,-0.6284808112766926,3.227616132708299,,,-0.6284808112766926,3.227616132708299
2,14,-0.41084224461660046,-0.9361313855992943,-1.7417464186184803,-0.6112156024794766,True,-0.41084224461660046,-0.6112156024794766,,,-0.41084224461660046,-0.6112156024794766,-1.7417464186184803,-0.9361313855992943,,,-1.7417464186184803,-0.9361313855992943
2,15,-1.984879108521235,-0.28903793856867477,2.0041573383083042,-1.2954029396513111,True,-1.984879108521235,-1.2954029396513111,,,-1.984879108521235,-1.2954029396513111,2.0041573383083042,-0.28903793856867477,,,2.0041573383083042,-0.28903793856867477
2,16,-2.064062422333164,-0.28903793856867477,0.6523610648118883,-0.6112156024794766,True,-2.064062422333164,-0.6112156024794766,,,-2.064062422333164,-0.6112156024794766,0.6523610648118883,-0.28903793856867477,,,0.6523610648118883,-0.28903793856867477
2,17,-1.984879108521235,-0.28903793856867477,-3.0009179752489166,-0.9361313855992943,True,-1.984879108521235,-0.9361313855992943,,,-1.984879108521235,-0.9361313855992943,-3.0009179752489166,-0.28903793856867477,,,-3.0009179752489166,-0.28903793856867477
2,18,1.6431354032738756,-0.49614062104432843,1.347183200005908,-0.9361313855992943,True,1.6431354032738756,-0.9361313855992943,,,1.6431354032738756,-0.9361313855992943,1.347183200005908,-0.49614062104432843,,,1.347183200005908,-0.49614062104432843
2,19,-0.6284808112766926,2.8606430527695377,-1.7417464186184803,-0.6112156024794766,True,-0.6284808112766926,-0.6112156024794766,,,-0.6284808112766926,-0.6112156024794766,-1.7417464186184803,2.8606430527695377,,,-1.7417464186184803,2.8606430527695377
2,20,0.5703215234127832,0.6874119595289372,-3.0009179752489166,-0.9361313855992943,False,0.5703215234127832,0.6874119595289372,,,0.5703215234127832,0.6874119595289372,-3.0009179752489166,-0.9361313855992943,,,-3.0009179752489166,-0.9361313855992943
2,21,-0.41084224461660046,0.6874119595289372,-1.3818738944660955,1.698139946825103,True,-0.41084224461660046,1.698139946825103,,,-0.41084224461660046,1.698139946825103,-1.3818738944660955,0.6874119595289372,,,-1.3818738944660955,0.6874119595289372
2,22,-3.7007849466452836,-1.1897877390351752,-0.6284808112766926,2.8606430527695377,True,-3.7007849466452836,2.8606430527695377,,,-3.7007849466452836,2.8606430527695377,-0.6284808112766926,-1.1897877390351752,,,-0.6284808112766926,-1.1897877390351752
2,23,-2.064062422333164,3.3267819605783746,0.6523610648118883,-0.6112156024794766,True,-2.064062422333164,-0.6112156024794766,,,-2.064062422333164,-0.6112156024794766,0.6523610648118883,3.3267819605783746,,,0.6523610648118883,3.3267819605783746
2,24,0.5703215234127832,0.535794006579958,0.5920716074541357,-1.960499019373878,True,0.5703215234127832,-1.960499019373878,,,0.5703215234127832,-1.960499019373878,0.5920716074541357,0.535794006579958,,,0.5920716074541357,0.535794006579958
2,25,1.6840296179047165,1.6191651472689506,-0.6284808112766926,2.8606430527695377,True,1.6840296179047165,2.8606430527695377,,,1.6840296179047165,2.8606430527695377,-0.6284808112766926,1.6191651472689506,,,-0.6284808112766926,1.6191651472689506
3,1,-0.41084224461660046,-0.6112156024794766,-0.41084224461660046,-0.6112156024794766,True,-0.41084224461660046,-0.6112156024794766,,,-0.41084224461660046,-0.6112156024794766,-0.41084224461660046,-0.6112156024794766,,,-0.41084224461660046,-0.6112156024794766
3,2,-1.984879108521235,-1.2954029396513111,-0.41084224461660046,1.698139946825103,True,-1.984879108521235,1.698139946825103,,,-1.984879108521235,1.698139946825103,-0.41084224461660046,-1.2954029396513111,,,-0.41084224461660046,-1.2954029396513111
3,3,0.5703215234127832,0.6874119595289372,0.0961553288201793,-1.960499019373878,True,0.5703215234127832,-1.960499019373878,,,0.5703215234127832,-1.960499019373878,0.0961553288201793,0.6874119595289372,,,0.0961553288201793,0.6874119595289372
3,4,-3.0009179752489166,0.535794006579958,-1.2920197576741876,-0.8200464407861663,True,-3.0009179752489166,-0.8200464407861663,,,-3.0009179752489166,-0.8200464407861663,-1.2920197576741876,0.535794006579958,,,-1.2920197576741876,0.535794006579958
3,5,-3.0009179752489166,0.535794006579958,-1.984879108521235,-1.2954029396513111,True,-3.0009179752489166,-1.2954029396513111,,,-3.0009179752489166,-1.2954029396513111,-1.984879108521235,0.535794006579958,,,-1.984879108521235,0.535794006579958
3,6,-2.064062422333164,-0.6112156024794766,-1.7417464186184803,2.8606430527695377,True,-2.064062422333164,2.8606430527695377,,,-2.064062422333164,2.8606430527695377,-1.7417464186184803,-0.6112156024794766,,,-1.7417464186184803,-0.6112156024794766
3,7,-0.41084224461660046,-0.6112156024794766,2.0041573383083042,-0.28903793856867477,True,-0.41084224461660046,-0.28903793856867477,0.0,-0.8011297705294627,-1.2119720151460631,-0.28903793856867477,2.0041573383083042,-0.6112156024794766,,,2.0041573383083042,-0.6112156024794766
3,8,2.0516537862633513,-0.9361313855992943,-1.2920197576741876,-0.8200464407861663,True,2.0516537862633513,-0.8200464407861663,,,2.0516537862633513,-0.8200464407861663,-1.2920197576741876,-0.9361313855992943,,,-1.2920197576741876,-0.9361313855992943
3,9,-0.41084224461660046,-0.6112156024794766,2.7395604855596334,2.8389820910641355,False,-0.41084224461660046,-0.6112156024794766,,,-0.41084224461660046,-0.6112156024794766,2.7395604855596334,2.8389820910641355,,,2.7395604855596334,2.8389820910641355
3,10,-0.41084224461660046,-0.6112156024794766,2.7395604855596334,2.8389820910641355,True,-0.41084224461660046,2.8389820910641355,,,-0.41084224461660046,2.8389820910641355,2.7395604855596334,-0.6112156024794766,,,2.7395604855596334,-0.6112156024794766
3,11,0.6523610648118883,2.8606430527695377,-0.5384372442596934,-0.24295073774066278,True,0.6523610648118883,-0.24295073774066278,,,0.6523610648118883,-0.24295073774066278,-0.5384372442596934,2.8606430527695377,,,-0.5384372442596934,2.8606430527695377
3,12,0.5920716074541357,0.535794006579958,-0.6284808112766926,2.8606430527695377,True,0.5920716074541357,2.8606430527695377,0.0,-0.05877108366406514,0.5333005237900705,2.8606430527695377,-0.6284808112766926,0.535794006579958,,,-0.6284808112766926,0.535794006579958
3,13,2.0041573383083042,-0.28903793856867477,1.347183200005908,-1.4547403187013161,True,2.0041573383083042,-1.4547403187013161,,,2.0041573383083042,-1.4547403187013161,1.347183200005908,-0.28903793856867477,,,1.347183200005908,-0.28903793856867477
3,14,1.347183200005908,-1.4547403187013161,-0.6284808112766926,2.8072903102196793,True,1.347183200005908,2.8072903102196793,,,1.347183200005908,2.8072903102196793,-0.6284808112766926,-1.4547403187013161,,,-0.6284808112766926,-1.4547403187013161
3,15,-0.41084224461660046,-0.3812276974861266,0.5920716074541357,0.535794006579958,True,-0.41084224461660046,0.535794006579958,,,-0.41084224461660046,0.535794006579958,0.5920716074541357,-0.3812276974861266,,,0.5920716074541357,-0.3812276974861266
3,16,2.0516537862633513,-0.28903793856867477,1.347183200005908,1.6191651472689506,True,2.0516537862633513,1.6191651472689506,,,2.0516537862633513,1.6191651472689506,1.347183200005908,-0.28903793856867477,,,1.347183200005908,-0.28903793856867477
3,17,0.5703215234127832,0.6874119595289372,0.5703215234127832,-1.960499019373878,False,0.5703215234127832,0.6874119595289372,,,0.5703215234127832,0.6874119595289372,0.5703215234127832,-1.960499019373878,,,0.5703215234127832,-1.960499019373878
3,18,1.6431354032738756,-0.9361313855992943,-0.41084224461660046,-0.3812276974861266,False,1.6431354032738756,-0.9361313855992943,,,1.6431354032738756,-0.9361313855992943,-0.41084224461660046,-0.3812276974861266,,,-0.41084224461660046,-0.3812276974861266
3,19,0.6523610648118883,-0.28903793856867477,-0.41084224461660046,-0.9361313855992943,False,0.6523610648118883,-0.28903793856867477,,,0.6523610648118883,-0.28903793856867477,-0.41084224461660046,-0.9361313855992943,,,-0.41084224461660046,-0.9361313855992943
3,20,2.0516537862633513,-0.28903793856867477,-1.3818738944660955,0.6874119595289372,True,2.0516537862633513,0.6874119595289372,,,2.0516537862633513,0.6874119595289372,-1.3818738944660955,-0.28903793856867477,,,-1.3818738944660955,-0.28903793856867477
3,21,-1.3818738944660955,0.6874119595289372,0.5703215234127832,-1.960499019373878,True,-1.3818738944660955,-1.960499019373878,,,-1.3818738944660955,-1.960499019373878,0.5703215234127832,0.6874119595289372,,,0.5703215234127832,0.6874119595289372
3,22,1.347183200005908,-0.49614062104432843,-1.984879108521235,-0.9361313855992943,True,1.347183200005908,-0.9361313855992943,,,1.347183200005908,-0.9361313855992943,-1.984879108521235,-0.49614062104432843,,,-1.984879108521235,-0.49614062104432843
3,23,0.5703215234127832,0.6874119595289372,-0.6284808112766926,-0.6112156024794766,True,0.5703215234127832,-0.6112156024794766,,,0.5703215234127832,-0.6112156024794766,-0.6284808112766926,0.6874119595289372,,,-0.6284808112766926,0.6874119595289372
3,24,-1.984879108521235,-0.9361313855992943,-1.984879108521235,-0.9361313855992943,True,-1.984879108521235,-0.9361313855992943,,,-1.984879108521235,-0.9361313855992943,-1.984879108521235,-0.9361313855992943,,,-1.984879108521235,-0.9361313855992943
3,25,-0.41084224461660046,-0.3812276974861266,-1.2920197576741876,-0.8200464407861663,True,-0.41084224461660046,-0.8200464407861663,,,-0.41084224461660046,-0.8200464407861663,-1.2920197576741876,-0.3812276974861266,,,-1.2920197576741876,-0.3812276974861266
4,1,-1.984879108521235,-0.9361313855992943,-1.2920197576741876,0.535794006579958,True,-1.984879108521235,0.535794006579958,,,-1.984879108521235,0.535794006579958,-1.2920197576741876,-0.9361313855992943,,,-1.2920197576741876,-0.9361313855992943
4,2,-1.7417464186184803,-0.6112156024794766,-1.984879108521235,-0.9361313855992943,True,-1.7417464186184803,-0.9361313855992943,,,-1.7417464186184803,-0.9361313855992943,-1.984879108521235,-0.6112156024794766,,,-1.984879108521235,-0.6112156024794766
4,3,-1.2119720151460631,-0.28903793856867477,2.0516537862633513,-0.8200464407861663,False,-1.2119720151460631,-0.28903793856867477,,,-1.2119720151460631,-0.28903793856867477,2.0516537862633513,-0.8200464407861663,,,2.0516537862633513,-0.8200464407861663
4,4,-1.2920197576741876,-0.9361313855992943,2.0516537862633513,0.6874119595289372,True,-1.2920197576741876,0.6874119595289372,,,-1.2920197576741876,0.6874119595289372,2.0516537862633513,-0.9361313855992943,,,2.0516537862633513,-0.9361313855992943
4,5,0.6523610648118883,-0.24295073774066278,-0.41084224461660046,-0.3812276974861266,False,0.6523610648118883,-0.24295073774066278,,,0.6523610648118883,-0.24295073774066278,-0.41084224461660046,-0.3812276974861266,,,-0.41084224461660046,-0.3812276974861266
4,6,-0.41084224461660046,-0.9361313855992943,-0.41084224461660046,0.535794006579958,True,-0.41084224461660046,0.535794006579958,,,-0.41084224461660046,0.535794006579958,-0.41084224461660046,-0.9361313855992943,0.0,-0.7475304151136024,-1.1583726597302029,-0.9361313855992943
4,7,-0.6284808112766926,0.535794006579958,0.6523610648118883,-0.28903793856867477,True,-0.6284808112766926,-0.28903793856867477,,,-0.6284808112766926,-0.28903793856867477,0.6523610648118883,0.535794006579958,,,0.6523610648118883,0.535794006579958
4,8,-2.064062422333164,2.8606430527695377,1.347183200005908,2.8072903102196793,True,-2.064062422333164,2.8072903102196793,,,-2.064062422333164,2.8072903102196793,1.347183200005908,2.8606430527695377,,,1.347183200005908,2.8606430527695377
4,9,-1.2920197576741876,0.535794006579958,0.5703215234127832,-0.6112156024794766,True,-1.2920197576741876,-0.6112156024794766,1.0,0.3954030608450403,-1.2920197576741876,-0.2158125416344363,0.5703215234127832,0.535794006579958,,,0.5703215234127832,0.535794006579958
4,10,-0.41084224461660046,0.535794006579958,-0.41084224461660046,0.535794006579958,False,-0.41084224461660046,0.535794006579958,,,-0.41084224461660046,0.535794006579958,-0.41084224461660046,0.535794006579958,,,-0.41084224461660046,0.535794006579958
4,11,0.5703215234127832,-1.960499019373878,-3.0009179752489166,-1.2954029396513111,True,0.5703215234127832,-1.2954029396513111,,,0.5703215234127832,-1.2954029396513111,-3.0009179752489166,-1.960499019373878,,,-3.0009179752489166,-1.960499019373878
4,12,-0.41084224461660046,-0.3812276974861266,1.6431354032738756,-0.9361313855992943,True,-0.41084224461660046,-0.9361313855992943,,,-0.41084224461660046,-0.9361313855992943,1.6431354032738756,-0.3812276974861266,,,1.6431354032738756,-0.3812276974861266
4,13,-0.41084224461660046,0.535794006579958,-1.984879108521235,1.698139946825103,True,-0.41084224461660046,1.698139946825103,,,-0.41084224461660046,1.698139946825103,-1.984879108521235,0.535794006579958,,,-1.984879108521235,0.535794006579958
4,14,-0.6284808112766926,0.6874119595289372,-1.984879108521235,-0.9361313855992943,True,-0.6284808112766926,-0.9361313855992943,,,-0.6284808112766926,-0.9361313855992943,-1.984879108521235,0.6874119595289372,,,-1.984879108521235,0.6874119595289372
4,15,2.0041573383083042,-0.6112156024794766,-0.41084224461660046,-1.2954029396513111,True,2.0041573383083042,-1.2954029396513111,,,2.0041573383083042,-1.2954029396513111,-0.41084224461660046,-0.6112156024794766,,,-0.41084224461660046,-0.6112156024794766
4,16,-0.5384372442596934,-0.24295073774066278,-0.6284808112766926,0.535794006579958,True,-0.5384372442596934,0.535794006579958,,,-0.5384372442596934,0.535794006579958,-0.6284808112766926,-0.24295073774066278,,,-0.6284808112766926,-0.24295073774066278
4,17,-0.6284808112766926,0.6874119595289372,-0.6284808112766926,-1.4547403187013161,False,-0.6284808112766926,0.6874119595289372,,,-0.6284808112766926,0.6874119595289372,-0.6284808112766926,-1.4547403187013161,,,-0.6284808112766926,-1.4547403187013161
4,18,-1.984879108521235,-0.9361313855992943,2.0041573383083042,-0.6112156024794766,True,-1.984879108521235,-0.6112156024794766,,,-1.984879108521235,-0.6112156024794766,2.0041573383083042,-0.9361313855992943,,,2.0041573383083042,-0.9361313855992943
4,19,0.6523610648118883,-0.24295073774066278,0.5703215234127832,-0.6112156024794766,False,0.6523610648118883,-0.24295073774066278,,,0.6523610648118883,-0.24295073774066278,0.5703215234127832,-0.6112156024794766,,,0.5703215234127832,-0.6112156024794766
4,20,-0.41084224461660046,-0.9361313855992943,0.5920716074541357,-0.3812276974861266,True,-0.41084224461660046,-0.3812276974861266,,,-0.41084224461660046,-0.3812276974861266,0.5920716074541357,-0.9361313855992943,,,0.5920716074541357,-0.9361313855992943
4,21,-0.41084224461660046,-0.8200464407861663,1.347183200005908,-0.28903793856867477,True,-0.41084224461660046,-0.28903793856867477,,,-0.41084224461660046,-0.28903793856867477,1.347183200005908,-0.8200464407861663,,,1.347183200005908,-0.8200464407861663
4,22,-0.41084224461660046,-1.2954029396513111,0.5333005237900705,2.8606430527695377,True,-0.41084224461660046,2.8606430527695377,,,-0.41084224461660046,2.8606430527695377,0.5333005237900705,-1.2954029396513111,,,0.5333005237900705,-1.2954029396513111
4,23,-1.3818738944660955,-1.960499019373878,2.0516537862633513,-0.8200464407861663,False,-1.3818738944660955,-1.960499019373878,,,-1.3818738944660955,-1.960499019373878,2.0516537862633513,-0.8200464407861663,,,2.0516537862633513,-0.8200464407861663
4,24,0.6523610648118883,-0.24295073774066278,2.0516537862633513,-0.8200464407861663,True,0.6523610648118883,-0.8200464407861663,,,0.6523610648118883,-0.8200464407861663,2.0516537862633513,-0.24295073774066278,,,2.0516537862633513,-0.24295073774066278
4,25,2.7395604855596334,-0.6112156024794766,0.5333005237900705,2.8606430527695377,True,2.7395604855596334,2.8606430527695377,,,2.7395604855596334,2.8606430527695377,0.5333005237900705,-0.6112156024794766,,,0.5333005237900705,-0.6112156024794766
5,1,-0.41084224461660046,-0.9361313855992943,-0.6284808112766926,-0.24295073774066278,True,-0.41084224461660046,-0.24295073774066278,,,-0.41084224461660046,-0.24295073774066278,-0.6284808112766926,-0.9361313855992943,,,-0.6284808112766926,-0.9361313855992943
5,2,-0.41084224461660046,2.8606430527695377,0.5703215234127832,-0.6112156024794766,False,-0.41084224461660046,2.8606430527695377,,,-0.41084224461660046,2.8606430527695377,0.5703215234127832,-0.6112156024794766,,,0.5703215234127832,-0.6112156024794766
5,3,-0.41084224461660046,-0.3812276974861266,-0.6284808112766926,0.6874119595289372,False,-0.41084224461660046,-0.3812276974861266,,,-0.41084224461660046,-0.3812276974861266,-0.6284808112766926,0.6874119595289372,,,-0.6284808112766926,0.6874119595289372
5,4,-0.41084224461660046,-0.28903793856867477,-0.5384372442596934,0.535794006579958,True,-0.41084224461660046,0.535794006579958,,,-0.41084224461660046,0.535794006579958,-0.5384372442596934,-0.28903793856867477,,,-0.5384372442596934,-0.28903793856867477
5,5,0.5333005237900705,-1.2954029396513111,-1.7417464186184803,-0.9361313855992943,False,0.5333005237900705,-1.2954029396513111,,,0.5333005237900705,-1.2954029396513111,-1.7417464186184803,-0.9361313855992943,,,-1.7417464186184803,-0.9361313855992943
5,6,-0.41084224461660046,-0.28903793856867477,-0.41084224461660046,0.535794006579958,True,-0.41084224461660046,0.535794006579958,,,-0.41084224461660046,0.535794006579958,-0.41084224461660046,-0.28903793856867477,1.0,-0.30983296706430674,-0.41084224461660046,-0.5988709056329815
5,7,0.0961553288201793,0.6874119595289372,0.5703215234127832,0.535794006579958,False,0.0961553288201793,0.6874119595289372,,,0.0961553288201793,0.6874119595289372,0.5703215234127832,0.535794006579958,,,0.5703215234127832,0.535794006579958
5,8,1.6431354032738756,-0.3812276974861266,-0.41084224461660046,-0.9361313855992943,False,1.6431354032738756,-0.3812276974861266,,,1.6431354032738756,-0.3812276974861266,-0.41084224461660046,-0.9361313855992943,,,-0.41084224461660046,-0.9361313855992943
5,9,0.5703215234127832,0.535794006579958,-0.41084224461660046,0.535794006579958,False,0.5703215234127832,0.535794006579958,,,0.5703215234127832,0.535794006579958,-0.41084224461660046,0.535794006579958,,,-0.41084224461660046,0.535794006579958
5,10,-0.41084224461660046,-0.9361313855992943,0.5333005237900705,-1.2954029396513111,False,-0.41084224461660046,-0.9361313855992943,,,-0.41084224461660046,-0.9361313855992943,0.5333005237900705,-1.2954029396513111,,,0.5333005237900705,-1.2954029396513111
5,11,-1.1583726597302029,-0.9361313855992943,-0.6284808112766926,-0.24295073774066278,True,-1.1583726597302029,-0.24295073774066278,,,-1.1583726597302029,-0.24295073774066278,-0.6284808112766926,-0.9361313855992943,,,-0.6284808112766926,-0.9361313855992943
5,12,-1.2119720151460631,-0.28903793856867477,0.5703215234127832,0.535794006579958,False,-1.2119720151460631,-0.28903793856867477,,,-1.2119720151460631,-0.28903793856867477,0.5703215234127832,0.535794006579958,,,0.5703215234127832,0.535794006579958
5,13,-0.5384372442596934,0.535794006579958,-0.41084224461660046,-0.3812276974861266,True,-0.5384372442596934,-0.3812276974861266,1.0,-0.4345236239323912,-0.5384372442596934,-0.8157513214185178,-0.41084224461660046,0.535794006579958,,,-0.41084224461660046,0.535794006579958
5,14,-0.41084224461660046,-0.9361313855992943,-1.1583726597302029,-0.9361313855992943,False,-0.41084224461660046,-0.9361313855992943,,,-0.41084224461660046,-0.9361313855992943,-1.1583726597302029,-0.9361313855992943,,,-1.1583726597302029,-0.9361313855992943
5,15,-0.41084224461660046,0.535794006579958,-1.984879108521235,-0.6112156024794766,True,-0.41084224461660046,-0.6112156024794766,,,-0.41084224461660046,-0.6112156024794766,-1.984879108521235,0.535794006579958,,,-1.984879108521235,0.535794006579958
5,16,0.5920716074541357,-0.9361313855992943,0.5703215234127832,-1.2954029396513111,True,0.5920716074541357,-1.2954029396513111,,,0.5920716074541357,-1.2954029396513111,0.5703215234127832,-0.9361313855992943,,,0.5703215234127832,-0.9361313855992943
5,17,-0.41084224461660046,0.535794006579958,-0.41084224461660046,-0.6112156024794766,True,-0.41084224461660046,-0.6112156024794766,,,-0.41084224461660046,-0.6112156024794766,-0.41084224461660046,0.535794006579958,,,-0.41084224461660046,0.535794006579958
5,18,-0.6284808112766926,0.6874119595289372,2.0516537862633513,-0.8200464407861663,True,-0.6284808112766926,-0.8200464407861663,,,-0.6284808112766926,-0.8200464407861663,2.0516537862633513,0.6874119595289372,,,2.0516537862633513,0.6874119595289372
5,19,-2.064062422333164,2.8072903102196793,2.0516537862633513,-0.9361313855992943,False,-2.064062422333164,2.8072903102196793,,,-2.064062422333164,2.8072903102196793,2.0516537862633513,-0.9361313855992943,,,2.0516537862633513,-0.9361313855992943
5,20,0.6523610648118883,-0.24295073774066278,-0.6284808112766926,0.6874119595289372,True,0.6523610648118883,0.6874119595289372,,,0.6523610648118883,0.6874119595289372,-0.6284808112766926,-0.24295073774066278,,,-0.6284808112766926,-0.24295073774066278
5,21,0.6523610648118883,-0.8200464407861663,0.6523610648118883,0.535794006579958,True,0.6523610648118883,0.535794006579958,,,0.6523610648118883,0.535794006579958,0.6523610648118883,-0.8200464407861663,,,0.6523610648118883,-0.8200464407861663
5,22,-0.41084224461660046,-0.28903793856867477,-0.41084224461660046,0.535794006579958,True,-0.41084224461660046,0.535794006579958,,,-0.41084224461660046,0.535794006579958,-0.41084224461660046,-0.28903793856867477,,,-0.41084224461660046,-0.28903793856867477
5,23,-0.41084224461660046,-0.6112156024794766,-0.41084224461660046,-0.28903793856867477,True,-0.41084224461660046,-0.28903793856867477,,,-0.41084224461660046,-0.28903793856867477,-0.41084224461660046,-0.6112156024794766,,,-0.41084224461660046,-0.6112156024794766
5,24,-1.2920197576741876,0.6874119595289372,-0.6284808112766926,-0.28903793856867477,True,-1.2920197576741876,-0.28903793856867477,,,-1.2920197576741876,-0.28903793856867477,-0.6284808112766926,0.6874119595289372,,,-0.6284808112766926,0.6874119595289372
5,25,0.0961553288201793,0.6874119595289372,-0.41084224461660046,-0.3812276974861266,False,0.0961553288201793,0.6874119595289372,0.0,-0.6079454620520653,-0.511790133231886,0.6874119595289372,-0.41084224461660046,-0.3812276974861266,,,-0.41084224461660046,-0.3812276974861266
6,1,-0.41084224461660046,-0.6112156024794766,0.5703215234127832,-0.9361313855992943,False,-0.41084224461660046,-0.6112156024794766,,,-0.41084224461660046,-0.6112156024794766,0.5703215234127832,-0.9361313855992943,,,0.5703215234127832,-0.9361313855992943
6,2,-0.41084224461660046,0.535794006579958,-0.41084224461660046,-0.9361313855992943,True,-0.41084224461660046,-0.9361313855992943,,,-0.41084224461660046,-0.9361313855992943,-0.41084224461660046,0.535794006579958,,,-0.41084224461660046,0.535794006579958
6,3,0.5333005237900705,-1.2954029396513111,0.0961553288201793,0.6874119595289372,True,0.5333005237900705,0.6874119595289372,,,0.5333005237900705,0.6874119595289372,0.0961553288201793,-1.2954029396513111,,,0.0961553288201793,-1.2954029396513111
6,4,0.0961553288201793,0.6874119595289372,-0.41084224461660046,-0.3812276974861266,False,0.0961553288201793,0.6874119595289372,1.0,0.38888369454246274,0.0961553288201793,1.0762956540714,-0.41084224461660046,-0.3812276974861266,0.0,-1.1236342776704278,-1.5344765222870282,-0.3812276974861266
6,5,-0.41084224461660046,0.535794006579958,-1.1583726597302029,-0.9361313855992943,True,-0.41084224461660046,-0.9361313855992943,,,-0.41084224461660046,-0.9361313855992943,-1.1583726597302029,0.535794006579958,0.0,0.46541911317526474,-0.6929535465549381,0.535794006579958
6,6,-0.511790133231886,0.6874119595289372,-0.6284808112766926,-0.24295073774066278,True,-0.511790133231886,-0.24295073774066278,,,-0.511790133231886,-0.24295073774066278,-0.6284808112766926,0.6874119595289372,,,-0.6284808112766926,0.6874119595289372
6,7,0.5333005237900705,-1.2954029396513111,-0.41084224461660046,-0.9361313855992943,True,0.5333005237900705,-0.9361313855992943,,,0.5333005237900705,-0.9361313855992943,-0.41084224461660046,-1.2954029396513111,,,-0.41084224461660046,-1.2954029396513111
6,8,-0.6284808112766926,0.6874119595289372,-0.41084224461660046,0.535794006579958,True,-0.6284808112766926,0.535794006579958,,,-0.6284808112766926,0.535794006579958,-0.41084224461660046,0.6874119595289372,,,-0.41084224461660046,0.6874119595289372
6,9,-0.41084224461660046,-0.6112156024794766,-0.41084224461660046,0.535794006579958,True,-0.41084224461660046,0.535794006579958,1.0,0.04181053870527862,-0.41084224461660046,0.5776045452852366,-0.41084224461660046,-0.6112156024794766,,,-0.41084224461660046,-0.6112156024794766
6,10,0.6523610648118883,-0.8200464407861663,-0.6284808112766926,-0.9361313855992943,True,0.6523610648118883,-0.9361313855992943,,,0.6523610648118883,-0.9361313855992943,-0.6284808112766926,-0.8200464407861663,,,-0.6284808112766926,-0.8200464407861663
6,11,-1.1583726597302029,-0.24295073774066278,-0.41084224461660046,-0.28903793856867477,True,-1.1583726597302029,-0.28903793856867477,,,-1.1583726597302029,-0.28903793856867477,-0.41084224461660046,-0.24295073774066278,,,-0.41084224461660046,-0.24295073774066278
6,12,0.5703215234127832,0.535794006579958,-1.984879108521235,0.535794006579958,True,0.5703215234127832,0.535794006579958,0.0,0.8987805833223201,1.4691021067351033,0.535794006579958,-1.984879108521235,0.535794006579958,,,-1.984879108521235,0.535794006579958
6,13,-0.41084224461660046,-0.28903793856867477,2.0516537862633513,-0.9361313855992943,False,-0.41084224461660046,-0.28903793856867477,,,-0.41084224461660046,-0.28903793856867477,2.0516537862633513,-0.9361313855992943,,,2.0516537862633513,-0.9361313855992943
6,14,-0.41084224461660046,0.535794006579958,0.0961553288201793,0.6874119595289372,True,-0.41084224461660046,0.6874119595289372,,,-0.41084224461660046,0.6874119595289372,0.0961553288201793,0.535794006579958,,,0.0961553288201793,0.535794006579958
6,15,-0.6284808112766926,0.6874119595289372,0.0961553288201793,0.6874119595289372,True,-0.6284808112766926,0.6874119595289372,,,-0.6284808112766926,0.6874119595289372,0.0961553288201793,0.6874119595289372,,,0.0961553288201793,0.6874119595289372
6,16,-0.41084224461660046,0.535794006579958,-0.511790133231886,0.6874119595289372,True,-0.41084224461660046,0.6874119595289372,,,-0.41084224461660046,0.6874119595289372,-0.511790133231886,0.535794006579958,,,-0.511790133231886,0.535794006579958
6,17,0.6523610648118883,-0.8200464407861663,0.5703215234127832,0.535794006579958,True,0.6523610648118883,0.535794006579958,,,0.6523610648118883,0.535794006579958,0.5703215234127832,-0.8200464407861663,,,0.5703215234127832,-0.8200464407861663
6,18,0.5703215234127832,0.535794006579958,0.0961553288201793,0.6874119595289372,True,0.5703215234127832,0.6874119595289372,,,0.5703215234127832,0.6874119595289372,0.0961553288201793,0.535794006579958,,,0.0961553288201793,0.535794006579958
6,19,-0.41084224461660046,-0.28903793856867477,-1.2920197576741876,-0.28903793856867477,True,-0.41084224461660046,-0.28903793856867477,,,-0.41084224461660046,-0.28903793856867477,-1.2920197576741876,-0.28903793856867477,,,-1.2920197576741876,-0.28903793856867477
6,20,-1.7417464186184803,-0.9361313855992943,-0.6284808112766926,-0.24295073774066278,True,-1.7417464186184803,-0.24295073774066278,,,-1.7417464186184803,-0.24295073774066278,-0.6284808112766926,-0.9361313855992943,,,-0.6284808112766926,-0.9361313855992943
6,21,-0.41084224461660046,0.535794006579958,-0.41084224461660046,-0.9361313855992943,True,-0.41084224461660046,-0.9361313855992943,,,-0.41084224461660046,-0.9361313855992943,-0.41084224461660046,0.535794006579958,,,-0.41084224461660046,0.535794006579958
6,22,0.5703215234127832,0.535794006579958,-0.5384372442596934,-0.8157513214185178,True,0.5703215234127832,-0.8157513214185178,,,0.5703215234127832,-0.8157513214185178,-0.5384372442596934,0.535794006579958,,,-0.5384372442596934,0.535794006579958
6,23,-0.41084224461660046,-0.28903793856867477,2.0516537862633513,-0.9361313855992943,False,-0.41084224461660046,-0.28903793856867477,,,-0.41084224461660046,-0.28903793856867477,2.0516537862633513,-0.9361313855992943,,,2.0516537862633513,-0.9361313855992943
6,24,-0.5384372442596934,-0.28903793856867477,-0.5384372442596934,-0.8157513214185178,True,-0.5384372442596934,-0.8157513214185178,,,-0.5384372442596934,-0.8157513214185178,-0.5384372442596934,-0.28903793856867477,,,-0.5384372442596934,-0.28903793856867477
6,25,0.6523610648118883,-0.8200464407861663,-1.2920197576741876,-0.28903793856867477,True,0.6523610648118883,-0.28903793856867477,,,0.6523610648118883,-0.28903793856867477,-1.2920197576741876,-0.8200464407861663,,,-1.2920197576741876,-0.8200464407861663
7,1,-0.41084224461660046,-0.9361313855992943,-0.41084224461660046,0.5776045452852366,True,-0.41084224461660046,0.5776045452852366,,,-0.41084224461660046,0.5776045452852366,-0.41084224461660046,-0.9361313855992943,,,-0.41084224461660046,-0.9361313855992943
7,2,-0.41084224461660046,-0.28903793856867477,-0.41084224461660046,0.535794006579958,True,-0.41084224461660046,0.535794006579958,,,-0.41084224461660046,0.535794006579958,-0.41084224461660046,-0.28903793856867477,,,-0.41084224461660046,-0.28903793856867477
7,3,0.5333005237900705,0.6874119595289372,0.6523610648118883,-0.28903793856867477,False,0.5333005237900705,0.6874119595289372,,,0.5333005237900705,0.6874119595289372,0.6523610648118883,-0.28903793856867477,,,0.6523610648118883,-0.28903793856867477
7,4,-0.5384372442596934,-0.8157513214185178,-0.6284808112766926,0.6874119595289372,True,-0.5384372442596934,0.6874119595289372,,,-0.5384372442596934,0.6874119595289372,-0.6284808112766926,-0.8157513214185178,,,-0.6284808112766926,-0.8157513214185178
7,5,-0.511790133231886,0.535794006579958,-0.41084224461660046,0.6874119595289372,True,-0.511790133231886,0.6874119595289372,0.0,0.3621413387281141,-0.14964879450377194,0.6874119595289372,-0.41084224461660046,0.535794006579958,,,-0.41084224461660046,0.535794006579958
7,6,-0.41084224461660046,0.6874119595289372,0.0961553288201793,0.6874119595289372,True,-0.41084224461660046,0.6874119595289372,,,-0.41084224461660046,0.6874119595289372,0.0961553288201793,0.6874119595289372,,,0.0961553288201793,0.6874119595289372
7,7,-0.6284808112766926,0.6874119595289372,-0.6284808112766926,0.6874119595289372,False,-0.6284808112766926,0.6874119595289372,,,-0.6284808112766926,0.6874119595289372,-0.6284808112766926,0.6874119595289372,,,-0.6284808112766926,0.6874119595289372
7,8,0.0961553288201793,0.535794006579958,0.0961553288201793,0.6874119595289372,True,0.0961553288201793,0.6874119595289372,,,0.0961553288201793,0.6874119595289372,0.0961553288201793,0.535794006579958,,,0.0961553288201793,0.535794006579958
7,9,0.5333005237900705,-0.9361313855992943,-0.5384372442596934,0.535794006579958,True,0.5333005237900705,0.535794006579958,,,0.5333005237900705,0.535794006579958,-0.5384372442596934,-0.9361313855992943,,,-0.5384372442596934,-0.9361313855992943
7,10,-0.41084224461660046,-0.24295073774066278,0.5333005237900705,-0.9361313855992943,True,-0.41084224461660046,-0.9361313855992943,,,-0.41084224461660046,-0.9361313855992943,0.5333005237900705,-0.24295073774066278,,,0.5333005237900705,-0.24295073774066278
7,11,-0.41084224461660046,0.535794006579958,-0.41084224461660046,0.5776045452852366,True,-0.41084224461660046,0.5776045452852366,,,-0.41084224461660046,0.5776045452852366,-0.41084224461660046,0.535794006579958,,,-0.41084224461660046,0.535794006579958
7,12,0.0961553288201793,-1.2954029396513111,0.0961553288201793,0.6874119595289372,False,0.0961553288201793,-1.2954029396513111,,,0.0961553288201793,-1.2954029396513111,0.0961553288201793,0.6874119595289372,,,0.0961553288201793,0.6874119595289372
7,13,0.5333005237900705,-0.9361313855992943,-0.41084224461660046,-0.24295073774066278,True,0.5333005237900705,-0.24295073774066278,,,0.5333005237900705,-0.24295073774066278,-0.41084224461660046,-0.9361313855992943,,,-0.41084224461660046,-0.9361313855992943
7,14,-0.6929535465549381,0.535794006579958,0.5333005237900705,-0.9361313855992943,False,-0.6929535465549381,0.535794006579958,,,-0.6929535465549381,0.535794006579958,0.5333005237900705,-0.9361313855992943,,,0.5333005237900705,-0.9361313855992943
7,15,-0.41084224461660046,-0.28903793856867477,-0.41084224461660046,-0.28903793856867477,True,-0.41084224461660046,-0.28903793856867477,,,-0.41084224461660046,-0.28903793856867477,-0.41084224461660046,-0.28903793856867477,,,-0.41084224461660046,-0.28903793856867477
7,16,0.5703215234127832,-0.8200464407861663,-0.41084224461660046,0.6874119595289372,True,0.5703215234127832,0.6874119595289372,,,0.5703215234127832,0.6874119595289372,-0.41084224461660046,-0.8200464407861663,,,-0.41084224461660046,-0.8200464407861663
7,17,-0.41084224461660046,-0.6112156024794766,0.0961553288201793,0.6874119595289372,True,-0.41084224461660046,0.6874119595289372,,,-0.41084224461660046,0.6874119595289372,0.0961553288201793,-0.6112156024794766,,,0.0961553288201793,-0.6112156024794766
7,18,-1.2920197576741876,-0.28903793856867477,-0.41084224461660046,-0.24295073774066278,True,-1.2920197576741876,-0.24295073774066278,,,-1.2920197576741876,-0.24295073774066278,-0.41084224461660046,-0.28903793856867477,,,-0.41084224461660046,-0.28903793856867477
7,19,0.0961553288201793,1.0762956540714,0.0961553288201793,0.6874119595289372,False,0.0961553288201793,1.0762956540714,,,0.0961553288201793,1.0762956540714,0.0961553288201793,0.6874119595289372,,,0.0961553288201793,0.6874119595289372
7,20,-0.41084224461660046,0.6874119595289372,-0.41084224461660046,0.5776045452852366,True,-0.41084224461660046,0.5776045452852366,,,-0.41084224461660046,0.5776045452852366,-0.41084224461660046,0.6874119595289372,,,-0.41084224461660046,0.6874119595289372
7,21,0.5703215234127832,-0.8157513214185178,-0.5384372442596934,-0.8157513214185178,True,0.5703215234127832,-0.8157513214185178,,,0.5703215234127832,-0.8157513214185178,-0.5384372442596934,-0.8157513214185178,,,-0.5384372442596934,-0.8157513214185178
7,22,0.6523610648118883,-0.28903793856867477,0.0961553288201793,0.535794006579958,True,0.6523610648118883,0.535794006579958,,,0.6523610648118883,0.535794006579958,0.0961553288201793,-0.28903793856867477,,,0.0961553288201793,-0.28903793856867477
7,23,-0.5384372442596934,-0.8157513214185178,0.5703215234127832,-0.8200464407861663,True,-0.5384372442596934,-0.8200464407861663,,,-0.5384372442596934,-0.8200464407861663,0.5703215234127832,-0.8157513214185178,,,0.5703215234127832,-0.8157513214185178
7,24,-0.6284808112766926,0.535794006579958,0.0961553288201793,1.0762956540714,False,-0.6284808112766926,0.535794006579958,,,-0.6284808112766926,0.535794006579958,0.0961553288201793,1.0762956540714,,,0.0961553288201793,1.0762956540714
7,25,-0.41084224461660046,0.6874119595289372,0.0961553288201793,0.6874119595289372,True,-0.41084224461660046,0.6874119595289372,,,-0.41084224461660046,0.6874119595289372,0.0961553288201793,0.6874119595289372,,,0.0961553288201793,0.6874119595289372
8,1,0.5703215234127832,0.6874119595289372,0.0961553288201793,0.6874119595289372,True,0.5703215234127832,0.6874119595289372,,,0.5703215234127832,0.6874119595289372,0.0961553288201793,0.6874119595289372,,,0.0961553288201793,0.6874119595289372
8,2,-0.41084224461660046,0.535794006579958,-0.41084224461660046,-0.28903793856867477,False,-0.41084224461660046,0.535794006579958,,,-0.41084224461660046,0.535794006579958,-0.41084224461660046,-0.28903793856867477,,,-0.41084224461660046,-0.28903793856867477
8,3,-0.41084224461660046,0.5776045452852366,0.5333005237900705,0.6874119595289372,True,-0.41084224461660046,0.6874119595289372,,,-0.41084224461660046,0.6874119595289372,0.5333005237900705,0.5776045452852366,,,0.5333005237900705,0.5776045452852366
8,4,-0.41084224461660046,-0.8200464407861663,-0.6284808112766926,0.6874119595289372,True,-0.41084224461660046,0.6874119595289372,,,-0.41084224461660046,0.6874119595289372,-0.6284808112766926,-0.8200464407861663,,,-0.6284808112766926,-0.8200464407861663
8,5,0.5703215234127832,-0.8157513214185178,-0.14964879450377194,0.6874119595289372,True,0.5703215234127832,0.6874119595289372,,,0.5703215234127832,0.6874119595289372,-0.14964879450377194,-0.8157513214185178,,,-0.14964879450377194,-0.8157513214185178
8,6,-0.41084224461660046,0.6874119595289372,0.5333005237900705,-0.24295073774066278,False,-0.41084224461660046,0.6874119595289372,,,-0.41084224461660046,0.6874119595289372,0.5333005237900705,-0.24295073774066278,,,0.5333005237900705,-0.24295073774066278
8,7,0.0961553288201793,-0.6112156024794766,-0.41084224461660046,-0.28903793856867477,True,0.0961553288201793,-0.28903793856867477,,,0.0961553288201793,-0.28903793856867477,-0.41084224461660046,-0.6112156024794766,,,-0.41084224461660046,-0.6112156024794766
8,8,-0.41084224461660046,0.5776045452852366,-0.41084224461660046,0.5776045452852366,True,-0.41084224461660046,0.5776045452852366,0.0,-0.6174065434557394,-1.0282487880723399,0.5776045452852366,-0.41084224461660046,0.5776045452852366,,,-0.41084224461660046,0.5776045452852366
8,9,-0.41084224461660046,-0.9361313855992943,-0.6929535465549381,0.535794006579958,True,-0.41084224461660046,0.535794006579958,,,-0.41084224461660046,0.535794006579958,-0.6929535465549381,-0.9361313855992943,,,-0.6929535465549381,-0.9361313855992943
8,10,0.0961553288201793,0.6874119595289372,0.0961553288201793,1.0762956540714,True,0.0961553288201793,1.0762956540714,,,0.0961553288201793,1.0762956540714,0.0961553288201793,0.6874119595289372,,,0.0961553288201793,0.6874119595289372
8,11,0.0961553288201793,0.6874119595289372,0.5333005237900705,-0.24295073774066278,True,0.0961553288201793,-0.24295073774066278,,,0.0961553288201793,-0.24295073774066278,0.5333005237900705,0.6874119595289372,,,0.5333005237900705,0.6874119595289372
8,12,0.0961553288201793,0.6874119595289372,-0.41084224461660046,0.535794006579958,True,0.0961553288201793,0.535794006579958,,,0.0961553288201793,0.535794006579958,-0.41084224461660046,0.6874119595289372,,,-0.41084224461660046,0.6874119595289372
8,13,-0.41084224461660046,0.6874119595289372,0.0961553288201793,-0.28903793856867477,True,-0.41084224461660046,-0.28903793856867477,,,-0.41084224461660046,-0.28903793856867477,0.0961553288201793,0.6874119595289372,,,0.0961553288201793,0.6874119595289372
8,14,-0.41084224461660046,-0.28903793856867477,0.5703215234127832,-0.8157513214185178,False,-0.41084224461660046,-0.28903793856867477,,,-0.41084224461660046,-0.28903793856867477,0.5703215234127832,-0.8157513214185178,,,0.5703215234127832,-0.8157513214185178
8,15,-0.41084224461660046,-0.28903793856867477,-0.41084224461660046,0.5776045452852366,True,-0.41084224461660046,0.5776045452852366,,,-0.41084224461660046,0.5776045452852366,-0.41084224461660046,-0.28903793856867477,,,-0.41084224461660046,-0.28903793856867477
8,16,0.5703215234127832,0.6874119595289372,0.6523610648118883,0.535794006579958,False,0.5703215234127832,0.6874119595289372,,,0.5703215234127832,0.6874119595289372,0.6523610648118883,0.535794006579958,,,0.6523610648118883,0.535794006579958
8,17,0.5333005237900705,0.535794006579958,-0.41084224461660046,-0.28903793856867477,True,0.5333005237900705,-0.28903793856867477,,,0.5333005237900705,-0.28903793856867477,-0.41084224461660046,0.535794006579958,,,-0.41084224461660046,0.535794006579958
8,18,0.0961553288201793,0.6874119595289372,0.0961553288201793,0.6874119595289372,True,0.0961553288201793,0.6874119595289372,,,0.0961553288201793,0.6874119595289372,0.0961553288201793,0.6874119595289372,,,0.0961553288201793,0.6874119595289372
8,19,-0.41084224461660046,-0.9361313855992943,-0.6929535465549381,0.535794006579958,True,-0.41084224461660046,0.535794006579958,0.0,0.22751186017375996,-0.1833303844428405,0.535794006579958,-0.6929535465549381,-0.9361313855992943,,,-0.6929535465549381,-0.9361313855992943
8,20,0.0961553288201793,1.0762956540714,0.5333005237900705,0.535794006579958,True,0.0961553288201793,0.535794006579958,,,0.0961553288201793,0.535794006579958,0.5333005237900705,1.0762956540714,,,0.5333005237900705,1.0762956540714
8,21,0.0961553288201793,0.6874119595289372,0.0961553288201793,1.0762956540714,True,0.0961553288201793,1.0762956540714,,,0.0961553288201793,1.0762956540714,0.0961553288201793,0.6874119595289372,,,0.0961553288201793,0.6874119595289372
8,22,-0.6284808112766926,0.6874119595289372,0.0961553288201793,1.0762956540714,True,-0.6284808112766926,1.0762956540714,,,-0.6284808112766926,1.0762956540714,0.0961553288201793,0.6874119595289372,,,0.0961553288201793,0.6874119595289372
8,23,-0.5384372442596934,-0.8200464407861663,-0.41084224461660046,0.5776045452852366,True,-0.5384372442596934,0.5776045452852366,,,-0.5384372442596934,0.5776045452852366,-0.41084224461660046,-0.8200464407861663,,,-0.41084224461660046,-0.8200464407861663
8,24,-0.41084224461660046,-0.28903793856867477,0.5333005237900705,-0.24295073774066278,True,-0.41084224461660046,-0.24295073774066278,,,-0.41084224461660046,-0.24295073774066278,0.5333005237900705,-0.28903793856867477,,,0.5333005237900705,-0.28903793856867477
8,25,-0.6284808112766926,0.6874119595289372,0.0961553288201793,-1.2954029396513111,True,-0.6284808112766926,-1.2954029396513111,,,-0.6284808112766926,-1.2954029396513111,0.0961553288201793,0.6874119595289372,,,0.0961553288201793,0.6874119595289372
9,1,-1.0282487880723399,0.5776045452852366,0.0961553288201793,0.6874119595289372,True,-1.0282487880723399,0.6874119595289372,,,-1.0282487880723399,0.6874119595289372,0.0961553288201793,0.5776045452852366,,,0.0961553288201793,0.5776045452852366
9,2,-0.41084224461660046,0.535794006579958,0.0961553288201793,0.6874119595289372,True,-0.41084224461660046,0.6874119595289372,,,-0.41084224461660046,0.6874119595289372,0.0961553288201793,0.535794006579958,,,0.0961553288201793,0.535794006579958
9,3,0.0961553288201793,0.6874119595289372,0.0961553288201793,0.6874119595289372,True,0.0961553288201793,0.6874119595289372,,,0.0961553288201793,0.6874119595289372,0.0961553288201793,0.6874119595289372,,,0.0961553288201793,0.6874119595289372
9,4,0.5333005237900705,0.6874119595289372,0.0961553288201793,1.0762956540714,False,0.5333005237900705,0.6874119595289372,,,0.5333005237900705,0.6874119595289372,0.0961553288201793,1.0762956540714,,,0.0961553288201793,1.0762956540714
9,5,-0.41084224461660046,-0.28903793856867477,0.0961553288201793,-0.28903793856867477,True,-0.41084224461660046,-0.28903793856867477,0.0,-0.3749066691422587,-0.7857489137588591,-0.28903793856867477,0.0961553288201793,-0.28903793856867477,,,0.0961553288201793,-0.28903793856867477
9,6,0.0961553288201793,-0.24295073774066278,-0.41084224461660046,0.535794006579958,False,0.0961553288201793,-0.24295073774066278,,,0.0961553288201793,-0.24295073774066278,-0.41084224461660046,0.535794006579958,,,-0.41084224461660046,0.535794006579958
9,7,0.5333005237900705,0.5776045452852366,-0.6929535465549381,-0.9361313855992943,True,0.5333005237900705,-0.9361313855992943,,,0.5333005237900705,-0.9361313855992943,-0.6929535465549381,0.5776045452852366,,,-0.6929535465549381,0.5776045452852366
9,8,0.0961553288201793,0.6874119595289372,-0.41084224461660046,-0.6112156024794766,True,0.0961553288201793,-0.6112156024794766,,,0.0961553288201793,-0.6112156024794766,-0.41084224461660046,0.6874119595289372,,,-0.41084224461660046,0.6874119595289372
9,9,-0.41084224461660046,0.6874119595289372,-0.1833303844428405,0.535794006579958,True,-0.41084224461660046,0.535794006579958,,,-0.41084224461660046,0.535794006579958,-0.1833303844428405,0.6874119595289372,,,-0.1833303844428405,0.6874119595289372
9,10,-0.41084224461660046,0.6874119595289372,0.0961553288201793,1.0762956540714,True,-0.41084224461660046,1.0762956540714,,,-0.41084224461660046,1.0762956540714,0.0961553288201793,0.6874119595289372,,,0.0961553288201793,0.6874119595289372
9,11,-0.6929535465549381,-0.9361313855992943,0.0961553288201793,0.6874119595289372,False,-0.6929535465549381,-0.9361313855992943,,,-0.6929535465549381,-0.9361313855992943,0.0961553288201793,0.6874119595289372,,,0.0961553288201793,0.6874119595289372
9,12,-0.41084224461660046,-0.24295073774066278,0.0961553288201793,0.6874119595289372,False,-0.41084224461660046,-0.24295073774066278,,,-0.41084224461660046,-0.24295073774066278,0.0961553288201793,0.6874119595289372,,,0.0961553288201793,0.6874119595289372
9,13,0.0961553288201793,0.535794006579958,0.0961553288201793,0.535794006579958,True,0.0961553288201793,0.535794006579958,,,0.0961553288201793,0.535794006579958,0.0961553288201793,0.535794006579958,,,0.0961553288201793,0.535794006579958
9,14,-0.41084224461660046,-0.28903793856867477,-0.41084224461660046,-0.28903793856867477,False,-0.41084224461660046,-0.28903793856867477,,,-0.41084224461660046,-0.28903793856867477,-0.41084224461660046,-0.28903793856867477,1.0,-0.5746019985941471,-0.41084224461660046,-0.8636399371628218
9,15,-0.41084224461660046,-0.28903793856867477,0.0961553288201793,0.6874119595289372,True,-0.41084224461660046,0.6874119595289372,,,-0.41084224461660046,0.6874119595289372,0.0961553288201793,-0.28903793856867477,,,0.0961553288201793,-0.28903793856867477
9,16,-0.41084224461660046,-0.28903793856867477,0.0961553288201793,0.6874119595289372,True,-0.41084224461660046,0.6874119595289372,,,-0.41084224461660046,0.6874119595289372,0.0961553288201793,-0.28903793856867477,,,0.0961553288201793,-0.28903793856867477
9,17,-0.41084224461660046,-0.28903793856867477,-0.41084224461660046,0.535794006579958,True,-0.41084224461660046,0.535794006579958,0.0,-0.688193749538974,-1.0990359941555745,0.535794006579958,-0.41084224461660046,-0.28903793856867477,,,-0.41084224461660046,-0.28903793856867477
9,18,-0.41084224461660046,0.535794006579958,0.0961553288201793,0.535794006579958,False,-0.41084224461660046,0.535794006579958,,,-0.41084224461660046,0.535794006579958,0.0961553288201793,0.535794006579958,,,0.0961553288201793,0.535794006579958
9,19,0.5703215234127832,0.6874119595289372,0.0961553288201793,-0.28903793856867477,True,0.5703215234127832,-0.28903793856867477,,,0.5703215234127832,-0.28903793856867477,0.0961553288201793,0.6874119595289372,,,0.0961553288201793,0.6874119595289372
9,20,-0.41084224461660046,0.535794006579958,0.0961553288201793,0.535794006579958,True,-0.41084224461660046,0.535794006579958,,,-0.41084224461660046,0.535794006579958,0.0961553288201793,0.535794006579958,,,0.0961553288201793,0.535794006579958
9,21,0.0961553288201793,0.535794006579958,0.0961553288201793,1.0762956540714,False,0.0961553288201793,0.535794006579958,,,0.0961553288201793,0.535794006579958,0.0961553288201793,1.0762956540714,,,0.0961553288201793,1.0762956540714
9,22,0.0961553288201793,-0.28903793856867477,0.0961553288201793,0.6874119595289372,True,0.0961553288201793,0.6874119595289372,,,0.0961553288201793,0.6874119595289372,0.0961553288201793,-0.28903793856867477,,,0.0961553288201793,-0.28903793856867477
9,23,0.6523610648118883,0.535794006579958,0.5703215234127832,0.6874119595289372,True,0.6523610648118883,0.6874119595289372,,,0.6523610648118883,0.6874119595289372,0.5703215234127832,0.535794006579958,,,0.5703215234127832,0.535794006579958
9,24,0.5333005237900705,-0.28903793856867477,0.0961553288201793,1.0762956540714,False,0.5333005237900705,-0.28903793856867477,,,0.5333005237900705,-0.28903793856867477,0.0961553288201793,1.0762956540714,,,0.0961553288201793,1.0762956540714
9,25,-0.41084224461660046,-0.28903793856867477,0.5333005237900705,1.0762956540714,True,-0.41084224461660046,1.0762956540714,,,-0.41084224461660046,1.0762956540714,0.5333005237900705,-0.28903793856867477,,,0.5333005237900705,-0.28903793856867477
10,1,0.5703215234127832,0.535794006579958,0.0961553288201793,0.6874119595289372,False,0.5703215234127832,0.535794006579958,,,0.5703215234127832,0.535794006579958,0.0961553288201793,0.6874119595289372,,,0.0961553288201793,0.6874119595289372
10,2,0.0961553288201793,0.5776045452852366,0.0961553288201793,0.5776045452852366,False,0.0961553288201793,0.5776045452852366,,,0.0961553288201793,0.5776045452852366,0.0961553288201793,0.5776045452852366,,,0.0961553288201793,0.5776045452852366
10,3,0.0961553288201793,0.6874119595289372,0.0961553288201793,-0.28903793856867477,True,0.0961553288201793,-0.28903793856867477,,,0.0961553288201793,-0.28903793856867477,0.0961553288201793,0.6874119595289372,,,0.0961553288201793,0.6874119595289372
10,4,-0.41084224461660046,0.535794006579958,0.0961553288201793,0.6874119595289372,True,-0.41084224461660046,0.6874119595289372,,,-0.41084224461660046,0.6874119595289372,0.0961553288201793,0.535794006579958,,,0.0961553288201793,0.535794006579958
10,5,0.0961553288201793,0.6874119595289372,-0.41084224461660046,0.6874119595289372,False,0.0961553288201793,0.6874119595289372,,,0.0961553288201793,0.6874119595289372,-0.41084224461660046,0.6874119595289372,,,-0.41084224461660046,0.6874119595289372
10,6,0.0961553288201793,0.535794006579958,0.0961553288201793,0.6874119595289372,True,0.0961553288201793,0.6874119595289372,,,0.0961553288201793,0.6874119595289372,0.0961553288201793,0.535794006579958,,,0.0961553288201793,0.535794006579958
10,7,0.0961553288201793,1.0762956540714,0.0961553288201793,0.535794006579958,True,0.0961553288201793,0.535794006579958,,,0.0961553288201793,0.535794006579958,0.0961553288201793,1.0762956540714,,,0.0961553288201793,1.0762956540714
10,8,0.0961553288201793,-0.6112156024794766,0.0961553288201793,0.535794006579958,True,0.0961553288201793,0.535794006579958,,,0.0961553288201793,0.535794006579958,0.0961553288201793,-0.6112156024794766,,,0.0961553288201793,-0.6112156024794766
10,9,0.0961553288201793,1.0762956540714,0.5703215234127832,-0.28903793856867477,False,0.0961553288201793,1.0762956540714,,,0.0961553288201793,1.0762956540714,0.5703215234127832,-0.28903793856867477,,,0.5703215234127832,-0.28903793856867477
10,10,0.0961553288201793,-0.24295073774066278,-0.41084224461660046,-0.8636399371628218,True,0.0961553288201793,-0.8636399371628218,,,0.0961553288201793,-0.8636399371628218,-0.41084224461660046,-0.24295073774066278,,,-0.41084224461660046,-0.24295073774066278
10,11,0.0961553288201793,-0.24295073774066278,0.0961553288201793,-0.24295073774066278,True,0.0961553288201793,-0.24295073774066278,,,0.0961553288201793,-0.24295073774066278,0.0961553288201793,-0.24295073774066278,0.0,-1.0853077048977058,-0.9891523760775265,-0.24295073774066278
10,12,0.0961553288201793,0.5776045452852366,0.0961553288201793,0.535794006579958,True,0.0961553288201793,0.535794006579958,,,0.0961553288201793,0.535794006579958,0.0961553288201793,0.5776045452852366,,,0.0961553288201793,0.5776045452852366
10,13,-0.41084224461660046,0.535794006579958,0.0961553288201793,0.535794006579958,True,-0.41084224461660046,0.535794006579958,,,-0.41084224461660046,0.535794006579958,0.0961553288201793,0.535794006579958,,,0.0961553288201793,0.535794006579958
10,14,-0.41084224461660046,-0.28903793856867477,0.0961553288201793,0.5776045452852366,True,-0.41084224461660046,0.5776045452852366,,,-0.41084224461660046,0.5776045452852366,0.0961553288201793,-0.28903793856867477,,,0.0961553288201793,-0.28903793856867477
10,15,-0.41084224461660046,0.535794006579958,0.0961553288201793,-0.28903793856867477,True,-0.41084224461660046,-0.28903793856867477,,,-0.41084224461660046,-0.28903793856867477,0.0961553288201793,0.535794006579958,,,0.0961553288201793,0.535794006579958
10,16,0.0961553288201793,-0.28903793856867477,0.5333005237900705,-0.28903793856867477,True,0.0961553288201793,-0.28903793856867477,,,0.0961553288201793,-0.28903793856867477,0.5333005237900705,-0.28903793856867477,,,0.5333005237900705,-0.28903793856867477
10,17,0.0961553288201793,0.6874119595289372,0.0961553288201793,0.535794006579958,True,0.0961553288201793,0.535794006579958,,,0.0961553288201793,0.535794006579958,0.0961553288201793,0.6874119595289372,,,0.0961553288201793,0.6874119595289372
10,18,-0.1833303844428405,0.6874119595289372,-0.7857489137588591,-0.28903793856867477,True,-0.1833303844428405,-0.28903793856867477,,,-0.1833303844428405,-0.28903793856867477,-0.7857489137588591,0.6874119595289372,,,-0.7857489137588591,0.6874119595289372
10,19,0.0961553288201793,-0.24295073774066278,0.0961553288201793,0.6874119595289372,True,0.0961553288201793,0.6874119595289372,,,0.0961553288201793,0.6874119595289372,0.0961553288201793,-0.24295073774066278,,,0.0961553288201793,-0.24295073774066278
10,20,0.0961553288201793,0.6874119595289372,0.0961553288201793,0.535794006579958,True,0.0961553288201793,0.535794006579958,1.0,0.48373313646250526,0.0961553288201793,1.0195271430424633,0.0961553288201793,0.6874119595289372,,,0.0961553288201793,0.6874119595289372
10,21,0.0961553288201793,-0.28903793856867477,0.0961553288201793,-0.28903793856867477,True,0.0961553288201793,-0.28903793856867477,,,0.0961553288201793,-0.28903793856867477,0.0961553288201793,-0.28903793856867477,,,0.0961553288201793,-0.28903793856867477
10,22,0.5703215234127832,0.535794006579958,0.0961553288201793,0.535794006579958,False,0.5703215234127832,0.535794006579958,,,0.5703215234127832,0.535794006579958,0.0961553288201793,0.535794006579958,,,0.0961553288201793,0.535794006579958
10,23,0.0961553288201793,0.6874119595289372,-0.41084224461660046,0.535794006579958,True,0.0961553288201793,0.535794006579958,,,0.0961553288201793,0.535794006579958,-0.41084224461660046,0.6874119595289372,,,-0.41084224461660046,0.6874119595289372
10,24,0.0961553288201793,-0.24295073774066278,0.0961553288201793,0.6874119595289372,False,0.0961553288201793,-0.24295073774066278,,,0.0961553288201793,-0.24295073774066278,0.0961553288201793,0.6874119595289372,0.0,0.4579651511397993,0.5541204799599786,0.6874119595289372
10,25,-0.41084224461660046,0.6874119595289372,0.0961553288201793,-0.24295073774066278,False,-0.41084224461660046,0.6874119595289372,,,-0.41084224461660046,0.6874119595289372,0.0961553288201793,-0.24295073774066278,,,0.0961553288201793,-0.24295073774066278
11,1,0.0961553288201793,-0.24295073774066278,0.0961553288201793,0.6874119595289372,True,0.0961553288201793,0.6874119595289372,,,0.0961553288201793,0.6874119595289372,0.0961553288201793,-0.24295073774066278,,,0.0961553288201793,-0.24295073774066278
11,2,0.0961553288201793,0.535794006579958,0.0961553288201793,1.0195271430424633,True,0.0961553288201793,1.0195271430424633,,,0.0961553288201793,1.0195271430424633,0.0961553288201793,0.535794006579958,,,0.0961553288201793,0.535794006579958
11,3,0.0961553288201793,-0.28903793856867477,0.0961553288201793,-0.28903793856867477,True,0.0961553288201793,-0.28903793856867477,,,0.0961553288201793,-0.28903793856867477,0.0961553288201793,-0.28903793856867477,,,0.0961553288201793,-0.28903793856867477
11,4,0.0961553288201793,0.6874119595289372,0.0961553288201793,0.5776045452852366,False,0.0961553288201793,0.6874119595289372,,,0.0961553288201793,0.6874119595289372,0.0961553288201793,0.5776045452852366,,,0.0961553288201793,0.5776045452852366
11,5,-0.9891523760775265,-0.24295073774066278,0.0961553288201793,-0.24295073774066278,True,-0.9891523760775265,-0.24295073774066278,,,-0.9891523760775265,-0.24295073774066278,0.0961553288201793,-0.24295073774066278,,,0.0961553288201793,-0.24295073774066278
11,6,0.0961553288201793,-0.6112156024794766,-0.41084224461660046,0.535794006579958,True,0.0961553288201793,0.535794006579958,,,0.0961553288201793,0.535794006579958,-0.41084224461660046,-0.6112156024794766,,,-0.41084224461660046,-0.6112156024794766
11,7,-0.1833303844428405,-0.28903793856867477,-0.1833303844428405,-0.28903793856867477,True,-0.1833303844428405,-0.28903793856867477,,,-0.1833303844428405,-0.28903793856867477,-0.1833303844428405,-0.28903793856867477,,,-0.1833303844428405,-0.28903793856867477
11,8,0.0961553288201793,0.6874119595289372,0.0961553288201793,1.0762956540714,False,0.0961553288201793,0.6874119595289372,,,0.0961553288201793,0.6874119595289372,0.0961553288201793,1.0762956540714,1.0,0.23110624450531225,0.0961553288201793,1.3074018985767122
11,9,0.0961553288201793,-0.28903793856867477,-0.41084224461660046,0.5776045452852366,True,0.0961553288201793,0.5776045452852366,,,0.0961553288201793,0.5776045452852366,-0.41084224461660046,-0.28903793856867477,,,-0.41084224461660046,-0.28903793856867477
11,10,-0.41084224461660046,0.5776045452852366,0.0961553288201793,-0.28903793856867477,True,-0.41084224461660046,-0.28903793856867477,,,-0.41084224461660046,-0.28903793856867477,0.0961553288201793,0.5776045452852366,,,0.0961553288201793,0.5776045452852366
11,11,0.0961553288201793,-0.28903793856867477,0.0961553288201793,0.535794006579958,False,0.0961553288201793,-0.28903793856867477,,,0.0961553288201793,-0.28903793856867477,0.0961553288201793,0.535794006579958,,,0.0961553288201793,0.535794006579958
11,12,0.0961553288201793,-0.28903793856867477,0.0961553288201793,0.6874119595289372,True,0.0961553288201793,0.6874119595289372,,,0.0961553288201793,0.6874119595289372,0.0961553288201793,-0.28903793856867477,,,0.0961553288201793,-0.28903793856867477
11,13,0.0961553288201793,-0.28903793856867477,0.0961553288201793,-0.24295073774066278,True,0.0961553288201793,-0.24295073774066278,,,0.0961553288201793,-0.24295073774066278,0.0961553288201793,-0.28903793856867477,,,0.0961553288201793,-0.28903793856867477
11,14,-0.1833303844428405,-0.28903793856867477,0.0961553288201793,0.6874119595289372,True,-0.1833303844428405,0.6874119595289372,,,-0.1833303844428405,0.6874119595289372,0.0961553288201793,-0.28903793856867477,,,0.0961553288201793,-0.28903793856867477
11,15,0.0961553288201793,0.535794006579958,0.0961553288201793,0.535794006579958,True,0.0961553288201793,0.535794006579958,,,0.0961553288201793,0.535794006579958,0.0961553288201793,0.535794006579958,,,0.0961553288201793,0.535794006579958
11,16,0.0961553288201793,-0.24295073774066278,-0.9891523760775265,-0.24295073774066278,True,0.0961553288201793,-0.24295073774066278,,,0.0961553288201793,-0.24295073774066278,-0.9891523760775265,-0.24295073774066278,,,-0.9891523760775265,-0.24295073774066278
11,17,0.0961553288201793,0.535794006579958,0.0961553288201793,0.535794006579958,True,0.0961553288201793,0.535794006579958,,,0.0961553288201793,0.535794006579958,0.0961553288201793,0.535794006579958,,,0.0961553288201793,0.535794006579958
11,18,0.0961553288201793,1.0762956540714,0.0961553288201793,-0.8636399371628218,True,0.0961553288201793,-0.8636399371628218,,,0.0961553288201793,-0.8636399371628218,0.0961553288201793,1.0762956540714,,,0.0961553288201793,1.0762956540714
11,19,0.0961553288201793,0.535794006579958,0.0961553288201793,-0.24295073774066278,False,0.0961553288201793,0.535794006579958,,,0.0961553288201793,0.535794006579958,0.0961553288201793,-0.24295073774066278,,,0.0961553288201793,-0.24295073774066278
11,20,0.0961553288201793,1.0762956540714,0.0961553288201793,-0.24295073774066278,False,0.0961553288201793,1.0762956540714,,,0.0961553288201793,1.0762956540714,0.0961553288201793,-0.24295073774066278,,,0.0961553288201793,-0.24295073774066278
11,21,0.0961553288201793,-0.8636399371628218,0.0961553288201793,0.535794006579958,False,0.0961553288201793,-0.8636399371628218,,,0.0961553288201793,-0.8636399371628218,0.0961553288201793,0.535794006579958,,,0.0961553288201793,0.535794006579958
11,22,0.0961553288201793,0.535794006579958,0.0961553288201793,0.535794006579958,False,0.0961553288201793,0.535794006579958,,,0.0961553288201793,0.535794006579958,0.0961553288201793,0.535794006579958,,,0.0961553288201793,0.535794006579958
11,23,0.0961553288201793,0.6874119595289372,0.0961553288201793,0.535794006579958,True,0.0961553288201793,0.535794006579958,,,0.0961553288201793,0.535794006579958,0.0961553288201793,0.6874119595289372,,,0.0961553288201793,0.6874119595289372
11,24,0.0961553288201793,0.6874119595289372,0.0961553288201793,-0.24295073774066278,True,0.0961553288201793,-0.24295073774066278,,,0.0961553288201793,-0.24295073774066278,0.0961553288201793,0.6874119595289372,,,0.0961553288201793,0.6874119595289372
11,25,-0.41084224461660046,-0.24295073774066278,0.0961553288201793,-0.28903793856867477,True,-0.41084224461660046,-0.28903793856867477,,,-0.41084224461660046,-0.28903793856867477,0.0961553288201793,-0.24295073774066278,,,0.0961553288201793,-0.24295073774066278
12,1,0.0961553288201793,-0.24295073774066278,0.0961553288201793,-0.28903793856867477,True,0.0961553288201793,-0.28903793856867477,,,0.0961553288201793,-0.28903793856867477,0.0961553288201793,-0.24295073774066278,,,0.0961553288201793,-0.24295073774066278
12,2,0.0961553288201793,0.535794006579958,0.0961553288201793,-0.24295073774066278,True,0.0961553288201793,-0.24295073774066278,,,0.0961553288201793,-0.24295073774066278,0.0961553288201793,0.535794006579958,,,0.0961553288201793,0.535794006579958
12,3,0.0961553288201793,-0.28903793856867477,0.0961553288201793,-0.28903793856867477,True,0.0961553288201793,-0.28903793856867477,,,0.0961553288201793,-0.28903793856867477,0.0961553288201793,-0.28903793856867477,,,0.0961553288201793,-0.28903793856867477
12,4,0.0961553288201793,-0.24295073774066278,0.0961553288201793,1.0195271430424633,True,0.0961553288201793,1.0195271430424633,,,0.0961553288201793,1.0195271430424633,0.0961553288201793,-0.24295073774066278,,,0.0961553288201793,-0.24295073774066278
12,5,-0.1833303844428405,-0.28903793856867477,0.0961553288201793,0.6874119595289372,True,-0.1833303844428405,0.6874119595289372,,,-0.1833303844428405,0.6874119595289372,0.0961553288201793,-0.28903793856867477,,,0.0961553288201793,-0.28903793856867477
12,6,-0.1833303844428405,-0.28903793856867477,0.0961553288201793,-0.28903793856867477,True,-0.1833303844428405,-0.28903793856867477,,,-0.1833303844428405,-0.28903793856867477,0.0961553288201793,-0.28903793856867477,,,0.0961553288201793,-0.28903793856867477
12,7,0.0961553288201793,-0.28903793856867477,0.0961553288201793,-0.24295073774066278,True,0.0961553288201793,-0.24295073774066278,,,0.0961553288201793,-0.24295073774066278,0.0961553288201793,-0.28903793856867477,,,0.0961553288201793,-0.28903793856867477
12,8,0.0961553288201793,-0.24295073774066278,0.0961553288201793,0.535794006579958,False,0.0961553288201793,-0.24295073774066278,,,0.0961553288201793,-0.24295073774066278,0.0961553288201793,0.535794006579958,,,0.0961553288201793,0.535794006579958
12,9,0.0961553288201793,0.6874119595289372,-0.41084224461660046,-0.6112156024794766,True,0.0961553288201793,-0.6112156024794766,,,0.0961553288201793,-0.6112156024794766,-0.41084224461660046,0.6874119595289372,,,-0.41084224461660046,0.6874119595289372
12,10,0.0961553288201793,0.5776045452852366,-0.1833303844428405,-0.28903793856867477,True,0.0961553288201793,-0.28903793856867477,1.0,0.3086407902461292,0.0961553288201793,0.019602851677454458,-0.1833303844428405,0.5776045452852366,,,-0.1833303844428405,0.5776045452852366
12,11,0.0961553288201793,0.535794006579958,0.0961553288201793,1.0762956540714,False,0.0961553288201793,0.535794006579958,,,0.0961553288201793,0.535794006579958,0.0961553288201793,1.0762956540714,,,0.0961553288201793,1.0762956540714
12,12,0.0961553288201793,0.5776045452852366,0.0961553288201793,0.6874119595289372,False,0.0961553288201793,0.5776045452852366,,,0.0961553288201793,0.5776045452852366,0.0961553288201793,0.6874119595289372,,,0.0961553288201793,0.6874119595289372
12,13,0.0961553288201793,-0.28903793856867477,0.0961553288201793,-0.28903793856867477,True,0.0961553288201793,-0.28903793856867477,,,0.0961553288201793,-0.28903793856867477,0.0961553288201793,-0.28903793856867477,,,0.0961553288201793,-0.28903793856867477
12,14,0.0961553288201793,-0.28903793856867477,0.0961553288201793,1.0762956540714,True,0.0961553288201793,1.0762956540714,,,0.0961553288201793,1.0762956540714,0.0961553288201793,-0.28903793856867477,,,0.0961553288201793,-0.28903793856867477
12,15,0.0961553288201793,-0.24295073774066278,-0.41084224461660046,-0.28903793856867477,True,0.0961553288201793,-0.28903793856867477,,,0.0961553288201793,-0.28903793856867477,-0.41084224461660046,-0.24295073774066278,,,-0.41084224461660046,-0.24295073774066278
12,16,0.0961553288201793,-0.24295073774066278,0.0961553288201793,-0.24295073774066278,False,0.0961553288201793,-0.24295073774066278,,,0.0961553288201793,-0.24295073774066278,0.0961553288201793,-0.24295073774066278,,,0.0961553288201793,-0.24295073774066278
12,17,0.0961553288201793,-0.24295073774066278,0.0961553288201793,0.535794006579958,False,0.0961553288201793,-0.24295073774066278,,,0.0961553288201793,-0.24295073774066278,0.0961553288201793,0.535794006579958,,,0.0961553288201793,0.535794006579958
12,18,-0.1833303844428405,0.6874119595289372,0.0961553288201793,-0.28903793856867477,True,-0.1833303844428405,-0.28903793856867477,,,-0.1833303844428405,-0.28903793856867477,0.0961553288201793,0.6874119595289372,,,0.0961553288201793,0.6874119595289372
12,19,0.0961553288201793,0.5776045452852366,0.0961553288201793,0.5776045452852366,True,0.0961553288201793,0.5776045452852366,,,0.0961553288201793,0.5776045452852366,0.0961553288201793,0.5776045452852366,,,0.0961553288201793,0.5776045452852366
12,20,0.0961553288201793,-0.24295073774066278,0.0961553288201793,0.535794006579958,False,0.0961553288201793,-0.24295073774066278,0.0,0.5948110026438216,0.6909663314640009,-0.24295073774066278,0.0961553288201793,0.535794006579958,,,0.0961553288201793,0.535794006579958
12,21,0.0961553288201793,0.5776045452852366,0.0961553288201793,-0.24295073774066278,True,0.0961553288201793,-0.24295073774066278,,,0.0961553288201793,-0.24295073774066278,0.0961553288201793,0.5776045452852366,,,0.0961553288201793,0.5776045452852366
12,22,0.0961553288201793,-0.24295073774066278,0.0961553288201793,-0.24295073774066278,True,0.0961553288201793,-0.24295073774066278,,,0.0961553288201793,-0.24295073774066278,0.0961553288201793,-0.24295073774066278,,,0.0961553288201793,-0.24295073774066278
12,23,0.0961553288201793,0.535794006579958,0.0961553288201793,0.535794006579958,False,0.0961553288201793,0.535794006579958,,,0.0961553288201793,0.535794006579958,0.0961553288201793,0.535794006579958,,,0.0961553288201793,0.535794006579958
12,24,-0.41084224461660046,-0.28903793856867477,0.0961553288201793,-0.24295073774066278,True,-0.41084224461660046,-0.24295073774066278,,,-0.41084224461660046,-0.24295073774066278,0.0961553288201793,-0.28903793856867477,,,0.0961553288201793,-0.28903793856867477
12,25,-0.1833303844428405,-0.28903793856867477,0.0961553288201793,-0.24295073774066278,True,-0.1833303844428405,-0.24295073774066278,,,-0.1833303844428405,-0.24295073774066278,0.0961553288201793,-0.28903793856867477,,,0.0961553288201793,-0.28903793856867477
13,1,0.0961553288201793,0.535794006579958,0.0961553288201793,0.5776045452852366,False,0.0961553288201793,0.535794006579958,,,0.0961553288201793,0.535794006579958,0.0961553288201793,0.5776045452852366,,,0.0961553288201793,0.5776045452852366
13,2,0.0961553288201793,-0.24295073774066278,0.0961553288201793,-0.24295073774066278,False,0.0961553288201793,-0.24295073774066278,,,0.0961553288201793,-0.24295073774066278,0.0961553288201793,-0.24295073774066278,,,0.0961553288201793,-0.24295073774066278
13,3,0.0961553288201793,0.535794006579958,0.0961553288201793,-0.28903793856867477,True,0.0961553288201793,-0.28903793856867477,,,0.0961553288201793,-0.28903793856867477,0.0961553288201793,0.535794006579958,,,0.0961553288201793,0.535794006579958
13,4,0.0961553288201793,0.535794006579958,0.0961553288201793,-0.24295073774066278,False,0.0961553288201793,0.535794006579958,,,0.0961553288201793,0.535794006579958,0.0961553288201793,-0.24295073774066278,,,0.0961553288201793,-0.24295073774066278
13,5,0.0961553288201793,-0.24295073774066278,0.0961553288201793,-0.24295073774066278,False,0.0961553288201793,-0.24295073774066278,,,0.0961553288201793,-0.24295073774066278,0.0961553288201793,-0.24295073774066278,,,0.0961553288201793,-0.24295073774066278
13,6,0.0961553288201793,1.0762956540714,0.0961553288201793,-0.24295073774066278,True,0.0961553288201793,-0.24295073774066278,,,0.0961553288201793,-0.24295073774066278,0.0961553288201793,1.0762956540714,,,0.0961553288201793,1.0762956540714
13,7,0.0961553288201793,-0.28903793856867477,0.0961553288201793,0.5776045452852366,True,0.0961553288201793,0.5776045452852366,,,0.0961553288201793,0.5776045452852366,0.0961553288201793,-0.28903793856867477,,,0.0961553288201793,-0.28903793856867477
13,8,0.0961553288201793,1.0195271430424633,0.0961553288201793,-0.24295073774066278,True,0.0961553288201793,-0.24295073774066278,,,0.0961553288201793,-0.24295073774066278,0.0961553288201793,1.0195271430424633,,,0.0961553288201793,1.0195271430424633
13,9,0.0961553288201793,-0.28903793856867477,0.0961553288201793,-0.28903793856867477,True,0.0961553288201793,-0.28903793856867477,,,0.0961553288201793,-0.28903793856867477,0.0961553288201793,-0.28903793856867477,,,0.0961553288201793,-0.28903793856867477
13,10,0.0961553288201793,-0.24295073774066278,-0.1833303844428405,-0.28903793856867477,True,0.0961553288201793,-0.28903793856867477,,,0.0961553288201793,-0.28903793856867477,-0.1833303844428405,-0.24295073774066278,,,-0.1833303844428405,-0.24295073774066278
13,11,0.0961553288201793,0.535794006579958,-0.41084224461660046,-0.24295073774066278,True,0.0961553288201793,-0.24295073774066278,,,0.0961553288201793,-0.24295073774066278,-0.41084224461660046,0.535794006579958,,,-0.41084224461660046,0.535794006579958
13,12,0.0961553288201793,-0.24295073774066278,0.0961553288201793,-0.28903793856867477,True,0.0961553288201793,-0.28903793856867477,,,0.0961553288201793,-0.28903793856867477,0.0961553288201793,-0.24295073774066278,,,0.0961553288201793,-0.24295073774066278
13,13,0.0961553288201793,-0.28903793856867477,0.0961553288201793,0.5776045452852366,True,0.0961553288201793,0.5776045452852366,,,0.0961553288201793,0.5776045452852366,0.0961553288201793,-0.28903793856867477,,,0.0961553288201793,-0.28903793856867477
13,14,-0.1833303844428405,0.5776045452852366,0.0961553288201793,0.5776045452852366,True,-0.1833303844428405,0.5776045452852366,,,-0.1833303844428405,0.5776045452852366,0.0961553288201793,0.5776045452852366,,,0.0961553288201793,0.5776045452852366
13,15,0.0961553288201793,-0.28903793856867477,0.0961553288201793,-0.28903793856867477,False,0.0961553288201793,-0.28903793856867477,0.0,-0.5127050638889522,-0.4165497350687729,-0.28903793856867477,0.0961553288201793,-0.28903793856867477,,,0.0961553288201793,-0.28903793856867477
13,16,0.0961553288201793,-0.28903793856867477,0.0961553288201793,-0.24295073774066278,True,0.0961553288201793,-0.24295073774066278,,,0.0961553288201793,-0.24295073774066278,0.0961553288201793,-0.28903793856867477,0.0,-0.07069775107190109,0.025457577748278212,-0.28903793856867477
13,17,-0.41084224461660046,-0.24295073774066278,0.0961553288201793,-0.24295073774066278,True,-0.41084224461660046,-0.24295073774066278,,,-0.41084224461660046,-0.24295073774066278,0.0961553288201793,-0.24295073774066278,,,0.0961553288201793,-0.24295073774066278
13,18,0.0961553288201793,1.0195271430424633,0.0961553288201793,0.5776045452852366,True,0.0961553288201793,0.5776045452852366,,,0.0961553288201793,0.5776045452852366,0.0961553288201793,1.0195271430424633,,,0.0961553288201793,1.0195271430424633
13,19,0.0961553288201793,-0.24295073774066278,0.0961553288201793,-0.24295073774066278,True,0.0961553288201793,-0.24295073774066278,,,0.0961553288201793,-0.24295073774066278,0.0961553288201793,-0.24295073774066278,,,0.0961553288201793,-0.24295073774066278
13,20,0.0961553288201793,-0.28903793856867477,0.0961553288201793,1.0195271430424633,True,0.0961553288201793,1.0195271430424633,,,0.0961553288201793,1.0195271430424633,0.0961553288201793,-0.28903793856867477,,,0.0961553288201793,-0.28903793856867477
13,21,0.0961553288201793,-0.28903793856867477,0.0961553288201793,-0.24295073774066278,False,0.0961553288201793,-0.28903793856867477,,,0.0961553288201793,-0.28903793856867477,0.0961553288201793,-0.24295073774066278,,,0.0961553288201793,-0.24295073774066278
13,22,0.0961553288201793,-0.28903793856867477,0.0961553288201793,-0.24295073774066278,False,0.0961553288201793,-0.28903793856867477,,,0.0961553288201793,-0.28903793856867477,0.0961553288201793,-0.24295073774066278,,,0.0961553288201793,-0.24295073774066278
13,23,0.0961553288201793,-0.24295073774066278,0.0961553288201793,-0.24295073774066278,True,0.0961553288201793,-0.24295073774066278,,,0.0961553288201793,-0.24295073774066278,0.0961553288201793,-0.24295073774066278,,,0.0961553288201793,-0.24295073774066278
13,24,0.0961553288201793,-0.24295073774066278,-0.1833303844428405,0.6874119595289372,True,0.0961553288201793,0.6874119595289372,,,0.0961553288201793,0.6874119595289372,-0.1833303844428405,-0.24295073774066278,,,-0.1833303844428405,-0.24295073774066278
13,25,0.0961553288201793,-0.28903793856867477,0.0961553288201793,1.0762956540714,True,0.0961553288201793,1.0762956540714,,,0.0961553288201793,1.0762956540714,0.0961553288201793,-0.28903793856867477,,,0.0961553288201793,-0.28903793856867477
14,1,0.025457577748278212,-0.28903793856867477,0.0961553288201793,-0.28903793856867477,True,0.025457577748278212,-0.28903793856867477,,,0.025457577748278212,-0.28903793856867477,0.0961553288201793,-0.28903793856867477,,,0.0961553288201793,-0.28903793856867477
14,2,0.0961553288201793,-0.24295073774066278,-0.1833303844428405,-0.24295073774066278,True,0.0961553288201793,-0.24295073774066278,,,0.0961553288201793,-0.24295073774066278,-0.1833303844428405,-0.24295073774066278,,,-0.1833303844428405,-0.24295073774066278
14,3,0.0961553288201793,1.0195271430424633,0.0961553288201793,-0.24295073774066278,True,0.0961553288201793,-0.24295073774066278,,,0.0961553288201793,-0.24295073774066278,0.0961553288201793,1.0195271430424633,,,0.0961553288201793,1.0195271430424633
14,4,0.0961553288201793,-0.28903793856867477,0.0961553288201793,-0.24295073774066278,True,0.0961553288201793,-0.24295073774066278,,,0.0961553288201793,-0.24295073774066278,0.0961553288201793,-0.28903793856867477,,,0.0961553288201793,-0.28903793856867477
14,5,0.0961553288201793,-0.24295073774066278,0.0961553288201793,-0.28903793856867477,True,0.0961553288201793,-0.28903793856867477,,,0.0961553288201793,-0.28903793856867477,0.0961553288201793,-0.24295073774066278,,,0.0961553288201793,-0.24295073774066278
14,6,0.0961553288201793,-0.28903793856867477,0.0961553288201793,-0.28903793856867477,True,0.0961553288201793,-0.28903793856867477,,,0.0961553288201793,-0.28903793856867477,0.0961553288201793,-0.28903793856867477,,,0.0961553288201793,-0.28903793856867477
14,7,0.0961553288201793,-0.28903793856867477,0.0961553288201793,-0.24295073774066278,True,0.0961553288201793,-0.24295073774066278,,,0.0961553288201793,-0.24295073774066278,0.0961553288201793,-0.28903793856867477,,,0.0961553288201793,-0.28903793856867477
14,8,0.0961553288201793,-0.24295073774066278,0.0961553288201793,-0.24295073774066278,True,0.0961553288201793,-0.24295073774066278,,,0.0961553288201793,-0.24295073774066278,0.0961553288201793,-0.24295073774066278,,,0.0961553288201793,-0.24295073774066278
14,9,0.0961553288201793,-0.28903793856867477,0.0961553288201793,-0.28903793856867477,True,0.0961553288201793,-0.28903793856867477,,,0.0961553288201793,-0.28903793856867477,0.0961553288201793,-0.28903793856867477,,,0.0961553288201793,-0.28903793856867477
14,10,0.0961553288201793,0.5776045452852366,0.0961553288201793,-0.24295073774066278,True,0.0961553288201793,-0.24295073774066278,,,0.0961553288201793,-0.24295073774066278,0.0961553288201793,0.5776045452852366,,,0.0961553288201793,0.5776045452852366
14,11,0.0961553288201793,-0.24295073774066278,0.025457577748278212,-0.28903793856867477,True,0.0961553288201793,-0.28903793856867477,,,0.0961553288201793,-0.28903793856867477,0.025457577748278212,-0.24295073774066278,,,0.025457577748278212,-0.24295073774066278
14,12,0.0961553288201793,-0.24295073774066278,0.0961553288201793,0.5776045452852366,True,0.0961553288201793,0.5776045452852366,,,0.0961553288201793,0.5776045452852366,0.0961553288201793,-0.24295073774066278,,,0.0961553288201793,-0.24295073774066278
14,13,0.0961553288201793,-0.24295073774066278,0.0961553288201793,0.019602851677454458,True,0.0961553288201793,0.019602851677454458,,,0.0961553288201793,0.019602851677454458,0.0961553288201793,-0.24295073774066278,,,0.0961553288201793,-0.24295073774066278
14,14,0.0961553288201793,0.019602851677454458,0.0961553288201793,-0.28903793856867477,True,0.0961553288201793,-0.28903793856867477,,,0.0961553288201793,-0.28903793856867477,0.0961553288201793,0.019602851677454458,,,0.0961553288201793,0.019602851677454458
14,15,0.0961553288201793,-0.28903793856867477,0.0961553288201793,-0.24295073774066278,True,0.0961553288201793,-0.24295073774066278,,,0.0961553288201793,-0.24295073774066278,0.0961553288201793,-0.28903793856867477,,,0.0961553288201793,-0.28903793856867477
14,16,0.0961553288201793,-0.24295073774066278,0.0961553288201793,0.535794006579958,True,0.0961553288201793,0.535794006579958,,,0.0961553288201793,0.535794006579958,0.0961553288201793,-0.24295073774066278,,,0.0961553288201793,-0.24295073774066278
14,17,-0.1833303844428405,0.5776045452852366,0.0961553288201793,-0.24295073774066278,True,-0.1833303844428405,-0.24295073774066278,,,-0.1833303844428405,-0.24295073774066278,0.0961553288201793,0.5776045452852366,,,0.0961553288201793,0.5776045452852366
14,18,0.0961553288201793,-0.28903793856867477,-0.1833303844428405,0.5776045452852366,False,0.0961553288201793,-0.28903793856867477,,,0.0961553288201793,-0.28903793856867477,-0.1833303844428405,0.5776045452852366,,,-0.1833303844428405,0.5776045452852366
14,19,0.0961553288201793,1.0195271430424633,0.0961553288201793,0.5776045452852366,True,0.0961553288201793,0.5776045452852366,,,0.0961553288201793,0.5776045452852366,0.0961553288201793,1.0195271430424633,,,0.0961553288201793,1.0195271430424633
14,20,0.0961553288201793,-0.24295073774066278,0.0961553288201793,-0.24295073774066278,False,0.0961553288201793,-0.24295073774066278,,,0.0961553288201793,-0.24295073774066278,0.0961553288201793,-0.24295073774066278,,,0.0961553288201793,-0.24295073774066278
14,21,-0.1833303844428405,-0.24295073774066278,0.0961553288201793,-0.24295073774066278,True,-0.1833303844428405,-0.24295073774066278,,,-0.1833303844428405,-0.24295073774066278,0.0961553288201793,-0.24295073774066278,,,0.0961553288201793,-0.24295073774066278
14,22,0.025457577748278212,-0.28903793856867477,0.0961553288201793,-0.28903793856867477,True,0.025457577748278212,-0.28903793856867477,,,0.025457577748278212,-0.28903793856867477,0.0961553288201793,-0.28903793856867477,,,0.0961553288201793,-0.28903793856867477
14,23,0.0961553288201793,-0.24295073774066278,0.0961553288201793,-0.24295073774066278,True,0.0961553288201793,-0.24295073774066278,,,0.0961553288201793,-0.24295073774066278,0.0961553288201793,-0.24295073774066278,,,0.0961553288201793,-0.24295073774066278
14,24,0.0961553288201793,-0.24295073774066278,0.0961553288201793,-0.28903793856867477,True,0.0961553288201793,-0.28903793856867477,1.0,-0.3207713603914233,0.0961553288201793,-0.6098092989600981,0.0961553288201793,-0.24295073774066278,,,0.0961553288201793,-0.24295073774066278
14,25,0.0961553288201793,-0.24295073774066278,0.0961553288201793,-0.24295073774066278,True,0.0961553288201793,-0.24295073774066278,,,0.0961553288201793,-0.24295073774066278,0.0961553288201793,-0.24295073774066278,0.0,0.5218716988602472,0.6180270276804265,-0.24295073774066278
15,1,0.025457577748278212,-0.24295073774066278,0.0961553288201793,-0.24295073774066278,True,0.025457577748278212,-0.24295073774066278,,,0.025457577748278212,-0.24295073774066278,0.0961553288201793,-0.24295073774066278,,,0.0961553288201793,-0.24295073774066278
15,2,0.0961553288201793,-0.28903793856867477,0.0961553288201793,-0.28903793856867477,True,0.0961553288201793,-0.28903793856867477,,,0.0961553288201793,-0.28903793856867477,0.0961553288201793,-0.28903793856867477,,,0.0961553288201793,-0.28903793856867477
15,3,0.0961553288201793,-0.24295073774066278,0.025457577748278212,-0.24295073774066278,True,0.0961553288201793,-0.24295073774066278,,,0.0961553288201793,-0.24295073774066278,0.025457577748278212,-0.24295073774066278,,,0.025457577748278212,-0.24295073774066278
15,4,0.0961553288201793,-0.24295073774066278,-0.1833303844428405,-0.24295073774066278,True,0.0961553288201793,-0.24295073774066278,,,0.0961553288201793,-0.24295073774066278,-0.1833303844428405,-0.24295073774066278,,,-0.1833303844428405,-0.24295073774066278
15,5,0.0961553288201793,-0.24295073774066278,0.0961553288201793,-0.24295073774066278,True,0.0961553288201793,-0.24295073774066278,,,0.0961553288201793,-0.24295073774066278,0.0961553288201793,-0.24295073774066278,,,0.0961553288201793,-0.24295073774066278
15,6,0.0961553288201793,0.019602851677454458,0.0961553288201793,-0.24295073774066278,True,0.0961553288201793,-0.24295073774066278,,,0.0961553288201793,-0.24295073774066278,0.0961553288201793,0.019602851677454458,,,0.0961553288201793,0.019602851677454458
15,7,0.0961553288201793,-0.28903793856867477,0.0961553288201793,-0.28903793856867477,True,0.0961553288201793,-0.28903793856867477,,,0.0961553288201793,-0.28903793856867477,0.0961553288201793,-0.28903793856867477,,,0.0961553288201793,-0.28903793856867477
15,8,0.0961553288201793,-0.24295073774066278,0.0961553288201793,0.019602851677454458,True,0.0961553288201793,0.019602851677454458,,,0.0961553288201793,0.019602851677454458,0.0961553288201793,-0.24295073774066278,,,0.0961553288201793,-0.24295073774066278
15,9,0.0961553288201793,-0.24295073774066278,0.0961553288201793,-0.28903793856867477,False,0.0961553288201793,-0.24295073774066278,,,0.0961553288201793,-0.24295073774066278,0.0961553288201793,-0.28903793856867477,,,0.0961553288201793,-0.28903793856867477
15,10,0.0961553288201793,0.019602851677454458,-0.1833303844428405,-0.24295073774066278,False,0.0961553288201793,0.019602851677454458,1.0,-0.23491825424936344,0.0961553288201793,-0.21531540257190898,-0.1833303844428405,-0.24295073774066278,,,-0.1833303844428405,-0.24295073774066278
15,11,0.0961553288201793,1.0195271430424633,0.0961553288201793,-0.24295073774066278,True,0.0961553288201793,-0.24295073774066278,,,0.0961553288201793,-0.24295073774066278,0.0961553288201793,1.0195271430424633,,,0.0961553288201793,1.0195271430424633
15,12,0.025457577748278212,-0.28903793856867477,0.0961553288201793,-0.24295073774066278,True,0.025457577748278212,-0.24295073774066278,,,0.025457577748278212,-0.24295073774066278,0.0961553288201793,-0.28903793856867477,,,0.0961553288201793,-0.28903793856867477
15,13,0.0961553288201793,0.019602851677454458,0.0961553288201793,-0.28903793856867477,False,0.0961553288201793,0.019602851677454458,,,0.0961553288201793,0.019602851677454458,0.0961553288201793,-0.28903793856867477,,,0.0961553288201793,-0.28903793856867477
15,14,0.0961553288201793,-0.24295073774066278,0.0961553288201793,1.0195271430424633,True,0.0961553288201793,1.0195271430424633,,,0.0961553288201793,1.0195271430424633,0.0961553288201793,-0.24295073774066278,,,0.0961553288201793,-0.24295073774066278
15,15,0.0961553288201793,-0.24295073774066278,0.0961553288201793,-0.24295073774066278,False,0.0961553288201793,-0.24295073774066278,,,0.0961553288201793,-0.24295073774066278,0.0961553288201793,-0.24295073774066278,,,0.0961553288201793,-0.24295073774066278
15,16,0.0961553288201793,-0.28903793856867477,0.0961553288201793,-0.24295073774066278,False,0.0961553288201793,-0.28903793856867477,,,0.0961553288201793,-0.28903793856867477,0.0961553288201793,-0.24295073774066278,,,0.0961553288201793,-0.24295073774066278
15,17,-0.1833303844428405,-0.24295073774066278,0.0961553288201793,-0.24295073774066278,True,-0.1833303844428405,-0.24295073774066278,,,-0.1833303844428405,-0.24295073774066278,0.0961553288201793,-0.24295073774066278,,,0.0961553288201793,-0.24295073774066278
15,18,0.0961553288201793,0.019602851677454458,0.0961553288201793,-0.28903793856867477,True,0.0961553288201793,-0.28903793856867477,,,0.0961553288201793,-0.28903793856867477,0.0961553288201793,0.019602851677454458,,,0.0961553288201793,0.019602851677454458
15,19,0.0961553288201793,-0.28903793856867477,0.0961553288201793,-0.24295073774066278,True,0.0961553288201793,-0.24295073774066278,,,0.0961553288201793,-0.24295073774066278,0.0961553288201793,-0.28903793856867477,,,0.0961553288201793,-0.28903793856867477
15,20,0.0961553288201793,-0.28903793856867477,0.0961553288201793,-0.24295073774066278,False,0.0961553288201793,-0.28903793856867477,,,0.0961553288201793,-0.28903793856867477,0.0961553288201793,-0.24295073774066278,,,0.0961553288201793,-0.24295073774066278
15,21,0.0961553288201793,-0.28903793856867477,0.0961553288201793,-0.24295073774066278,True,0.0961553288201793,-0.24295073774066278,,,0.0961553288201793,-0.24295073774066278,0.0961553288201793,-0.28903793856867477,,,0.0961553288201793,-0.28903793856867477
15,22,0.0961553288201793,0.019602851677454458,0.0961553288201793,-0.24295073774066278,True,0.0961553288201793,-0.24295073774066278,,,0.0961553288201793,-0.24295073774066278,0.0961553288201793,0.019602851677454458,,,0.0961553288201793,0.019602851677454458
15,23,0.0961553288201793,-0.24295073774066278,0.0961553288201793,-0.24295073774066278,True,0.0961553288201793,-0.24295073774066278,,,0.0961553288201793,-0.24295073774066278,0.0961553288201793,-0.24295073774066278,,,0.0961553288201793,-0.24295073774066278
15,24,0.025457577748278212,-0.28903793856867477,0.0961553288201793,0.019602851677454458,True,0.025457577748278212,0.019602851677454458,,,0.025457577748278212,0.019602851677454458,0.0961553288201793,-0.28903793856867477,,,0.0961553288201793,-0.28903793856867477
15,25,0.0961553288201793,-0.24295073774066278,0.0961553288201793,-0.28903793856867477,True,0.0961553288201793,-0.28903793856867477,,,0.0961553288201793,-0.28903793856867477,0.0961553288201793,-0.24295073774066278,,,0.0961553288201793,-0.24295073774066278
16,1,0.025457577748278212,0.019602851677454458,0.0961553288201793,-0.24295073774066278,True,0.025457577748278212,-0.24295073774066278,,,0.025457577748278212,-0.24295073774066278,0.0961553288201793,0.019602851677454458,,,0.0961553288201793,0.019602851677454458
16,2,0.0961553288201793,-0.24295073774066278,0.0961553288201793,-0.28903793856867477,True,0.0961553288201793,-0.28903793856867477,,,0.0961553288201793,-0.28903793856867477,0.0961553288201793,-0.24295073774066278,,,0.0961553288201793,-0.24295073774066278
16,3,0.0961553288201793,0.019602851677454458,0.0961553288201793,-0.28903793856867477,True,0.0961553288201793,-0.28903793856867477,,,0.0961553288201793,-0.28903793856867477,0.0961553288201793,0.019602851677454458,,,0.0961553288201793,0.019602851677454458
16,4,0.025457577748278212,0.019602851677454458,0.0961553288201793,-0.24295073774066278,True,0.025457577748278212,-0.24295073774066278,,,0.025457577748278212,-0.24295073774066278,0.0961553288201793,0.019602851677454458,,,0.0961553288201793,0.019602851677454458
16,5,-0.1833303844428405,-0.24295073774066278,0.025457577748278212,0.019602851677454458,True,-0.1833303844428405,0.019602851677454458,,,-0.1833303844428405,0.019602851677454458,0.025457577748278212,-0.24295073774066278,,,0.025457577748278212,-0.24295073774066278
16,6,0.0961553288201793,-0.24295073774066278,-0.1833303844428405,-0.24295073774066278,True,0.0961553288201793,-0.24295073774066278,,,0.0961553288201793,-0.24295073774066278,-0.1833303844428405,-0.24295073774066278,,,-0.1833303844428405,-0.24295073774066278
16,7,0.0961553288201793,-0.28903793856867477,0.0961553288201793,0.019602851677454458,True,0.0961553288201793,0.019602851677454458,,,0.0961553288201793,0.019602851677454458,0.0961553288201793,-0.28903793856867477,,,0.0961553288201793,-0.28903793856867477
16,8,0.0961553288201793,-0.28903793856867477,0.0961553288201793,-0.24295073774066278,False,0.0961553288201793,-0.28903793856867477,,,0.0961553288201793,-0.28903793856867477,0.0961553288201793,-0.24295073774066278,,,0.0961553288201793,-0.24295073774066278
16,9,0.0961553288201793,-0.28903793856867477,0.0961553288201793,-0.24295073774066278,True,0.0961553288201793,-0.24295073774066278,,,0.0961553288201793,-0.24295073774066278,0.0961553288201793,-0.28903793856867477,,,0.0961553288201793,-0.28903793856867477
16,10,0.0961553288201793,-0.24295073774066278,-0.1833303844428405,-0.24295073774066278,True,0.0961553288201793,-0.24295073774066278,,,0.0961553288201793,-0.24295073774066278,-0.1833303844428405,-0.24295073774066278,1.0,0.05687407674307171,-0.1833303844428405,-0.18607666099759107
16,11,0.0961553288201793,0.019602851677454458,0.0961553288201793,-0.24295073774066278,True,0.0961553288201793,-0.24295073774066278,,,0.0961553288201793,-0.24295073774066278,0.0961553288201793,0.019602851677454458,,,0.0961553288201793,0.019602851677454458
16,12,0.025457577748278212,-0.24295073774066278,0.025457577748278212,-0.24295073774066278,True,0.025457577748278212,-0.24295073774066278,,,0.025457577748278212,-0.24295073774066278,0.025457577748278212,-0.24295073774066278,,,0.025457577748278212,-0.24295073774066278
16,13,0.0961553288201793,-0.28903793856867477,0.0961553288201793,-0.24295073774066278,True,0.0961553288201793,-0.24295073774066278,,,0.0961553288201793,-0.24295073774066278,0.0961553288201793,-0.28903793856867477,,,0.0961553288201793,-0.28903793856867477
16,14,0.025457577748278212,0.019602851677454458,0.0961553288201793,-0.24295073774066278,True,0.025457577748278212,-0.24295073774066278,,,0.025457577748278212,-0.24295073774066278,0.0961553288201793,0.019602851677454458,,,0.0961553288201793,0.019602851677454458
16,15,0.0961553288201793,0.019602851677454458,0.0961553288201793,-0.28903793856867477,False,0.0961553288201793,0.019602851677454458,,,0.0961553288201793,0.019602851677454458,0.0961553288201793,-0.28903793856867477,,,0.0961553288201793,-0.28903793856867477
16,16,0.0961553288201793,-0.24295073774066278,-0.1833303844428405,-0.24295073774066278,True,0.0961553288201793,-0.24295073774066278,,,0.0961553288201793,-0.24295073774066278,-0.1833303844428405,-0.24295073774066278,,,-0.1833303844428405,-0.24295073774066278
16,17,0.0961553288201793,-0.24295073774066278,0.0961553288201793,0.019602851677454458,True,0.0961553288201793,0.019602851677454458,0.0,-0.09800214892250793,-0.0018468201023286307,0.019602851677454458,0.0961553288201793,-0.24295073774066278,1.0,-0.703457082800931,0.0961553288201793,-0.9464078205415938
16,18,0.0961553288201793,0.019602851677454458,0.0961553288201793,0.019602851677454458,True,0.0961553288201793,0.019602851677454458,,,0.0961553288201793,0.019602851677454458,0.0961553288201793,0.019602851677454458,,,0.0961553288201793,0.019602851677454458
16,19,0.025457577748278212,-0.24295073774066278,0.025457577748278212,-0.24295073774066278,True,0.025457577748278212,-0.24295073774066278,,,0.025457577748278212,-0.24295073774066278,0.025457577748278212,-0.24295073774066278,,,0.025457577748278212,-0.24295073774066278
16,20,0.025457577748278212,0.019602851677454458,0.0961553288201793,0.019602851677454458,True,0.025457577748278212,0.019602851677454458,,,0.025457577748278212,0.019602851677454458,0.0961553288201793,0.019602851677454458,,,0.0961553288201793,0.019602851677454458
16,21,0.0961553288201793,-0.24295073774066278,0.0961553288201793,-0.24295073774066278,True,0.0961553288201793,-0.24295073774066278,,,0.0961553288201793,-0.24295073774066278,0.0961553288201793,-0.24295073774066278,,,0.0961553288201793,-0.24295073774066278
16,22,0.0961553288201793,-0.28903793856867477,0.0961553288201793,-0.28903793856867477,True,0.0961553288201793,-0.28903793856867477,,,0.0961553288201793,-0.28903793856867477,0.0961553288201793,-0.28903793856867477,,,0.0961553288201793,-0.28903793856867477
16,23,0.0961553288201793,0.019602851677454458,0.0961553288201793,-0.28903793856867477,True,0.0961553288201793,-0.28903793856867477,,,0.0961553288201793,-0.28903793856867477,0.0961553288201793,0.019602851677454458,,,0.0961553288201793,0.019602851677454458
16,24,0.0961553288201793,0.019602851677454458,0.0961553288201793,-0.24295073774066278,True,0.0961553288201793,-0.24295073774066278,,,0.0961553288201793,-0.24295073774066278,0.0961553288201793,0.019602851677454458,,,0.0961553288201793,0.019602851677454458
16,25,0.0961553288201793,-0.24295073774066278,0.0961553288201793,-0.28903793856867477,True,0.0961553288201793,-0.28903793856867477,,,0.0961553288201793,-0.28903793856867477,0.0961553288201793,-0.24295073774066278,,,0.0961553288201793,-0.24295073774066278
17,1,-0.0018468201023286307,0.019602851677454458,0.0961553288201793,0.019602851677454458,True,-0.0018468201023286307,0.019602851677454458,,,-0.0018468201023286307,0.019602851677454458,0.0961553288201793,0.019602851677454458,,,0.0961553288201793,0.019602851677454458
17,2,-0.1833303844428405,-0.18607666099759107,0.0961553288201793,0.019602851677454458,False,-0.1833303844428405,-0.18607666099759107,,,-0.1833303844428405,-0.18607666099759107,0.0961553288201793,0.019602851677454458,,,0.0961553288201793,0.019602851677454458
17,3,0.0961553288201793,0.019602851677454458,0.0961553288201793,0.019602851677454458,True,0.0961553288201793,0.019602851677454458,,,0.0961553288201793,0.019602851677454458,0.0961553288201793,0.019602851677454458,,,0.0961553288201793,0.019602851677454458
17,4,0.0961553288201793,0.019602851677454458,-0.1833303844428405,0.019602851677454458,True,0.0961553288201793,0.019602851677454458,,,0.0961553288201793,0.019602851677454458,-0.1833303844428405,0.019602851677454458,,,-0.1833303844428405,0.019602851677454458
17,5,0.0961553288201793,-0.28903793856867477,0.0961553288201793,-0.24295073774066278,False,0.0961553288201793,-0.28903793856867477,,,0.0961553288201793,-0.28903793856867477,0.0961553288201793,-0.24295073774066278,,,0.0961553288201793,-0.24295073774066278
17,6,0.0961553288201793,0.019602851677454458,0.0961553288201793,0.019602851677454458,False,0.0961553288201793,0.019602851677454458,,,0.0961553288201793,0.019602851677454458,0.0961553288201793,0.019602851677454458,,,0.0961553288201793,0.019602851677454458
17,7,0.0961553288201793,-0.28903793856867477,0.025457577748278212,0.019602851677454458,True,0.0961553288201793,0.019602851677454458,,,0.0961553288201793,0.019602851677454458,0.025457577748278212,-0.28903793856867477,,,0.025457577748278212,-0.28903793856867477
17,8,0.025457577748278212,-0.24295073774066278,0.0961553288201793,-0.24295073774066278,True,0.025457577748278212,-0.24295073774066278,,,0.025457577748278212,-0.24295073774066278,0.0961553288201793,-0.24295073774066278,,,0.0961553288201793,-0.24295073774066278
17,9,0.025457577748278212,-0.24295073774066278,0.025457577748278212,0.019602851677454458,False,0.025457577748278212,-0.24295073774066278,,,0.025457577748278212,-0.24295073774066278,0.025457577748278212,0.019602851677454458,,,0.025457577748278212,0.019602851677454458
17,10,0.0961553288201793,0.019602851677454458,0.025457577748278212,-0.24295073774066278,True,0.0961553288201793,-0.24295073774066278,,,0.0961553288201793,-0.24295073774066278,0.025457577748278212,0.019602851677454458,,,0.025457577748278212,0.019602851677454458
17,11,0.025457577748278212,0.019602851677454458,-0.1833303844428405,-0.24295073774066278,True,0.025457577748278212,-0.24295073774066278,,,0.025457577748278212,-0.24295073774066278,-0.1833303844428405,0.019602851677454458,,,-0.1833303844428405,0.019602851677454458
17,12,0.0961553288201793,-0.28903793856867477,0.025457577748278212,0.019602851677454458,True,0.0961553288201793,0.019602851677454458,,,0.0961553288201793,0.019602851677454458,0.025457577748278212,-0.28903793856867477,,,0.025457577748278212,-0.28903793856867477
17,13,0.0961553288201793,0.019602851677454458,0.0961553288201793,0.019602851677454458,True,0.0961553288201793,0.019602851677454458,,,0.0961553288201793,0.019602851677454458,0.0961553288201793,0.019602851677454458,,,0.0961553288201793,0.019602851677454458
17,14,0.0961553288201793,-0.28903793856867477,0.0961553288201793,0.019602851677454458,True,0.0961553288201793,0.019602851677454458,,,0.0961553288201793,0.019602851677454458,0.0961553288201793,-0.28903793856867477,0.0,1.0605717013168336,1.156727030137013,-0.28903793856867477
17,15,0.025457577748278212,-0.24295073774066278,0.025457577748278212,0.019602851677454458,False,0.025457577748278212,-0.24295073774066278,,,0.025457577748278212,-0.24295073774066278,0.025457577748278212,0.019602851677454458,,,0.025457577748278212,0.019602851677454458
17,16,0.0961553288201793,0.019602851677454458,0.0961553288201793,0.019602851677454458,True,0.0961553288201793,0.019602851677454458,,,0.0961553288201793,0.019602851677454458,0.0961553288201793,0.019602851677454458,,,0.0961553288201793,0.019602851677454458
17,17,0.025457577748278212,0.019602851677454458,0.0961553288201793,0.019602851677454458,True,0.025457577748278212,0.019602851677454458,,,0.025457577748278212,0.019602851677454458,0.0961553288201793,0.019602851677454458,,,0.0961553288201793,0.019602851677454458
17,18,0.0961553288201793,0.019602851677454458,0.025457577748278212,-0.24295073774066278,True,0.0961553288201793,-0.24295073774066278,,,0.0961553288201793,-0.24295073774066278,0.025457577748278212,0.019602851677454458,,,0.025457577748278212,0.019602851677454458
17,19,0.0961553288201793,-0.24295073774066278,0.0961553288201793,0.019602851677454458,True,0.0961553288201793,0.019602851677454458,,,0.0961553288201793,0.019602851677454458,0.0961553288201793,-0.24295073774066278,,,0.0961553288201793,-0.24295073774066278
17,20,0.0961553288201793,-0.28903793856867477,0.0961553288201793,-0.24295073774066278,True,0.0961553288201793,-0.24295073774066278,,,0.0961553288201793,-0.24295073774066278,0.0961553288201793,-0.28903793856867477,,,0.0961553288201793,-0.28903793856867477
17,21,-0.1833303844428405,-0.24295073774066278,0.0961553288201793,0.019602851677454458,True,-0.1833303844428405,0.019602851677454458,,,-0.1833303844428405,0.019602851677454458,0.0961553288201793,-0.24295073774066278,,,0.0961553288201793,-0.24295073774066278
17,22,0.0961553288201793,-0.24295073774066278,0.0961553288201793,0.019602851677454458,True,0.0961553288201793,0.019602851677454458,,,0.0961553288201793,0.019602851677454458,0.0961553288201793,-0.24295073774066278,,,0.0961553288201793,-0.24295073774066278
17,23,0.025457577748278212,-0.24295073774066278,0.0961553288201793,-0.24295073774066278,False,0.025457577748278212,-0.24295073774066278,,,0.025457577748278212,-0.24295073774066278,0.0961553288201793,-0.24295073774066278,1.0,0.07546076340324798,0.0961553288201793,-0.1674899743374148
17,24,0.0961553288201793,0.019602851677454458,0.0961553288201793,-0.24295073774066278,True,0.0961553288201793,-0.24295073774066278,,,0.0961553288201793,-0.24295073774066278,0.0961553288201793,0.019602851677454458,,,0.0961553288201793,0.019602851677454458
17,25,0.0961553288201793,0.019602851677454458,0.025457577748278212,-0.24295073774066278,True,0.0961553288201793,-0.24295073774066278,,,0.0961553288201793,-0.24295073774066278,0.025457577748278212,0.019602851677454458,,,0.025457577748278212,0.019602851677454458
18,1,0.025457577748278212,-0.24295073774066278,0.0961553288201793,0.019602851677454458,True,0.025457577748278212,0.019602851677454458,,,0.025457577748278212,0.019602851677454458,0.0961553288201793,-0.24295073774066278,,,0.0961553288201793,-0.24295073774066278
18,2,-0.1833303844428405,0.019602851677454458,0.0961553288201793,0.019602851677454458,True,-0.1833303844428405,0.019602851677454458,0.0,-0.3723116782192816,-0.5556420626621221,0.019602851677454458,0.0961553288201793,0.019602851677454458,1.0,0.5828360449419095,0.0961553288201793,0.602438896619364
18,3,0.025457577748278212,-0.28903793856867477,0.025457577748278212,-0.24295073774066278,True,0.025457577748278212,-0.24295073774066278,,,0.025457577748278212,-0.24295073774066278,0.025457577748278212,-0.28903793856867477,,,0.025457577748278212,-0.28903793856867477
18,4,0.0961553288201793,0.019602851677454458,0.0961553288201793,0.019602851677454458,True,0.0961553288201793,0.019602851677454458,,,0.0961553288201793,0.019602851677454458,0.0961553288201793,0.019602851677454458,,,0.0961553288201793,0.019602851677454458
18,5,0.0961553288201793,-0.28903793856867477,0.025457577748278212,0.019602851677454458,True,0.0961553288201793,0.019602851677454458,,,0.0961553288201793,0.019602851677454458,0.025457577748278212,-0.28903793856867477,,,0.025457577748278212,-0.28903793856867477
18,6,0.0961553288201793,0.019602851677454458,0.025457577748278212,0.019602851677454458,True,0.0961553288201793,0.019602851677454458,,,0.0961553288201793,0.019602851677454458,0.025457577748278212,0.019602851677454458,,,0.025457577748278212,0.019602851677454458
18,7,-0.0018468201023286307,0.019602851677454458,0.025457577748278212,0.019602851677454458,True,-0.0018468201023286307,0.019602851677454458,,,-0.0018468201023286307,0.019602851677454458,0.025457577748278212,0.019602851677454458,,,0.025457577748278212,0.019602851677454458
18,8,0.0961553288201793,-0.28903793856867477,0.0961553288201793,0.019602851677454458,True,0.0961553288201793,0.019602851677454458,,,0.0961553288201793,0.019602851677454458,0.0961553288201793,-0.28903793856867477,,,0.0961553288201793,-0.28903793856867477
18,9,0.0961553288201793,0.019602851677454458,0.0961553288201793,0.019602851677454458,False,0.0961553288201793,0.019602851677454458,,,0.0961553288201793,0.019602851677454458,0.0961553288201793,0.019602851677454458,,,0.0961553288201793,0.019602851677454458
18,10,0.025457577748278212,-0.24295073774066278,0.0961553288201793,-0.24295073774066278,True,0.025457577748278212,-0.24295073774066278,,,0.025457577748278212,-0.24295073774066278,0.0961553288201793,-0.24295073774066278,,,0.0961553288201793,-0.24295073774066278
18,11,0.025457577748278212,0.019602851677454458,0.025457577748278212,0.019602851677454458,True,0.025457577748278212,0.019602851677454458,,,0.025457577748278212,0.019602851677454458,0.025457577748278212,0.019602851677454458,,,0.025457577748278212,0.019602851677454458
18,12,0.025457577748278212,0.019602851677454458,0.0961553288201793,-0.24295073774066278,False,0.025457577748278212,0.019602851677454458,,,0.025457577748278212,0.019602851677454458,0.0961553288201793,-0.24295073774066278,1.0,-0.4450103748818015,0.0961553288201793,-0.6879611126224643
18,13,0.0961553288201793,0.019602851677454458,0.0961553288201793,0.019602851677454458,True,0.0961553288201793,0.019602851677454458,,,0.0961553288201793,0.019602851677454458,0.0961553288201793,0.019602851677454458,,,0.0961553288201793,0.019602851677454458
18,14,0.0961553288201793,0.019602851677454458,0.0961553288201793,-0.28903793856867477,True,0.0961553288201793,-0.28903793856867477,,,0.0961553288201793,-0.28903793856867477,0.0961553288201793,0.019602851677454458,,,0.0961553288201793,0.019602851677454458
18,15,0.0961553288201793,0.019602851677454458,0.0961553288201793,-0.24295073774066278,True,0.0961553288201793,-0.24295073774066278,,,0.0961553288201793,-0.24295073774066278,0.0961553288201793,0.019602851677454458,,,0.0961553288201793,0.019602851677454458
18,16,0.0961553288201793,0.019602851677454458,0.0961553288201793,0.019602851677454458,True,0.0961553288201793,0.019602851677454458,,,0.0961553288201793,0.019602851677454458,0.0961553288201793,0.019602851677454458,,,0.0961553288201793,0.019602851677454458
18,17,0.0961553288201793,0.019602851677454458,0.0961553288201793,0.019602851677454458,True,0.0961553288201793,0.019602851677454458,,,0.0961553288201793,0.019602851677454458,0.0961553288201793,0.019602851677454458,,,0.0961553288201793,0.019602851677454458
18,18,0.0961553288201793,0.019602851677454458,0.025457577748278212,0.019602851677454458,True,0.0961553288201793,0.019602851677454458,,,0.0961553288201793,0.019602851677454458,0.025457577748278212,0.019602851677454458,,,0.025457577748278212,0.019602851677454458
18,19,0.025457577748278212,0.019602851677454458,-0.0018468201023286307,0.019602851677454458,True,0.025457577748278212,0.019602851677454458,,,0.025457577748278212,0.019602851677454458,-0.0018468201023286307,0.019602851677454458,,,-0.0018468201023286307,0.019602851677454458
18,20,-0.0018468201023286307,0.019602851677454458,0.025457577748278212,-0.24295073774066278,True,-0.0018468201023286307,-0.24295073774066278,,,-0.0018468201023286307,-0.24295073774066278,0.025457577748278212,0.019602851677454458,,,0.025457577748278212,0.019602851677454458
18,21,0.0961553288201793,0.019602851677454458,-0.0018468201023286307,0.019602851677454458,True,0.0961553288201793,0.019602851677454458,,,0.0961553288201793,0.019602851677454458,-0.0018468201023286307,0.019602851677454458,,,-0.0018468201023286307,0.019602851677454458
18,22,0.0961553288201793,0.019602851677454458,0.025457577748278212,0.019602851677454458,True,0.0961553288201793,0.019602851677454458,,,0.0961553288201793,0.019602851677454458,0.025457577748278212,0.019602851677454458,,,0.025457577748278212,0.019602851677454458
18,23,0.025457577748278212,-0.24295073774066278,0.0961553288201793,-0.24295073774066278,False,0.025457577748278212,-0.24295073774066278,,,0.025457577748278212,-0.24295073774066278,0.0961553288201793,-0.24295073774066278,,,0.0961553288201793,-0.24295073774066278
18,24,0.0961553288201793,0.019602851677454458,0.0961553288201793,0.019602851677454458,False,0.0961553288201793,0.019602851677454458,,,0.0961553288201793,0.019602851677454458,0.0961553288201793,0.019602851677454458,,,0.0961553288201793,0.019602851677454458
18,25,0.0961553288201793,0.019602851677454458,0.0961553288201793,0.019602851677454458,True,0.0961553288201793,0.019602851677454458,,,0.0961553288201793,0.019602851677454458,0.0961553288201793,0.019602851677454458,,,0.0961553288201793,0.019602851677454458
19,1,0.0961553288201793,0.019602851677454458,-0.0018468201023286307,0.019602851677454458,False,0.0961553288201793,0.019602851677454458,,,0.0961553288201793,0.019602851677454458,-0.0018468201023286307,0.019602851677454458,,,-0.0018468201023286307,0.019602851677454458
19,2,0.0961553288201793,0.019602851677454458,-0.0018468201023286307,0.019602851677454458,False,0.0961553288201793,0.019602851677454458,,,0.0961553288201793,0.019602851677454458,-0.0018468201023286307,0.019602851677454458,,,-0.0018468201023286307,0.019602851677454458
19,3,0.0961553288201793,0.019602851677454458,0.0961553288201793,0.019602851677454458,True,0.0961553288201793,0.019602851677454458,,,0.0961553288201793,0.019602851677454458,0.0961553288201793,0.019602851677454458,,,0.0961553288201793,0.019602851677454458
19,4,0.0961553288201793,0.019602851677454458,0.025457577748278212,0.019602851677454458,True,0.0961553288201793,0.019602851677454458,,,0.0961553288201793,0.019602851677454458,0.025457577748278212,0.019602851677454458,,,0.025457577748278212,0.019602851677454458
19,5,0.0961553288201793,0.019602851677454458,0.0961553288201793,0.019602851677454458,True,0.0961553288201793,0.019602851677454458,,,0.0961553288201793,0.019602851677454458,0.0961553288201793,0.019602851677454458,,,0.0961553288201793,0.019602851677454458
19,6,0.025457577748278212,0.019602851677454458,0.0961553288201793,0.019602851677454458,True,0.025457577748278212,0.019602851677454458,,,0.025457577748278212,0.019602851677454458,0.0961553288201793,0.019602851677454458,0.0,-0.09164877821362992,0.004506550606549378,0.019602851677454458
19,7,0.0961553288201793,0.019602851677454458,0.0961553288201793,0.019602851677454458,True,0.0961553288201793,0.019602851677454458,,,0.0961553288201793,0.019602851677454458,0.0961553288201793,0.019602851677454458,,,0.0961553288201793,0.019602851677454458
19,8,0.0961553288201793,0.019602851677454458,0.0961553288201793,0.019602851677454458,True,0.0961553288201793,0.019602851677454458,,,0.0961553288201793,0.019602851677454458,0.0961553288201793,0.019602851677454458,,,0.0961553288201793,0.019602851677454458
19,9,0.025457577748278212,0.019602851677454458,0.0961553288201793,0.019602851677454458,False,0.025457577748278212,0.019602851677454458,,,0.025457577748278212,0.019602851677454458,0.0961553288201793,0.019602851677454458,,,0.0961553288201793,0.019602851677454458
19,10,0.0961553288201793,0.019602851677454458,0.025457577748278212,0.019602851677454458,True,0.0961553288201793,0.019602851677454458,,,0.0961553288201793,0.019602851677454458,0.025457577748278212,0.019602851677454458,,,0.025457577748278212,0.019602851677454458
19,11,0.0961553288201793,0.019602851677454458,0.025457577748278212,0.019602851677454458,True,0.0961553288201793,0.019602851677454458,,,0.0961553288201793,0.019602851677454458,0.025457577748278212,0.019602851677454458,,,0.025457577748278212,0.019602851677454458
19,12,0.0961553288201793,0.019602851677454458,0.025457577748278212,0.019602851677454458,True,0.0961553288201793,0.019602851677454458,,,0.0961553288201793,0.019602851677454458,0.025457577748278212,0.019602851677454458,,,0.025457577748278212,0.019602851677454458
19,13,0.0961553288201793,0.019602851677454458,0.0961553288201793,-0.24295073774066278,True,0.0961553288201793,-0.24295073774066278,,,0.0961553288201793,-0.24295073774066278,0.0961553288201793,0.019602851677454458,,,0.0961553288201793,0.019602851677454458
19,14,0.025457577748278212,0.019602851677454458,0.0961553288201793,0.019602851677454458,True,0.025457577748278212,0.019602851677454458,,,0.025457577748278212,0.019602851677454458,0.0961553288201793,0.019602851677454458,,,0.0961553288201793,0.019602851677454458
19,15,0.025457577748278212,0.019602851677454458,0.0961553288201793,0.019602851677454458,False,0.025457577748278212,0.019602851677454458,,,0.025457577748278212,0.019602851677454458,0.0961553288201793,0.019602851677454458,,,0.0961553288201793,0.019602851677454458
19,16,0.0961553288201793,-0.24295073774066278,0.025457577748278212,-0.24295073774066278,True,0.0961553288201793,-0.24295073774066278,,,0.0961553288201793,-0.24295073774066278,0.025457577748278212,-0.24295073774066278,,,0.025457577748278212,-0.24295073774066278
19,17,0.0961553288201793,0.019602851677454458,0.0961553288201793,0.019602851677454458,True,0.0961553288201793,0.019602851677454458,,,0.0961553288201793,0.019602851677454458,0.0961553288201793,0.019602851677454458,,,0.0961553288201793,0.019602851677454458
19,18,0.0961553288201793,0.019602851677454458,0.025457577748278212,0.019602851677454458,True,0.0961553288201793,0.019602851677454458,,,0.0961553288201793,0.019602851677454458,0.025457577748278212,0.019602851677454458,,,0.025457577748278212,0.019602851677454458
19,19,0.0961553288201793,0.019602851677454458,0.0961553288201793,0.019602851677454458,True,0.0961553288201793,0.019602851677454458,,,0.0961553288201793,0.019602851677454458,0.0961553288201793,0.019602851677454458,,,0.0961553288201793,0.019602851677454458
19,20,-0.0018468201023286307,0.019602851677454458,0.025457577748278212,0.019602851677454458,False,-0.0018468201023286307,0.019602851677454458,,,-0.0018468201023286307,0.019602851677454458,0.025457577748278212,0.019602851677454458,,,0.025457577748278212,0.019602851677454458
19,21,0.0961553288201793,0.019602851677454458,0.025457577748278212,0.019602851677454458,True,0.0961553288201793,0.019602851677454458,,,0.0961553288201793,0.019602851677454458,0.025457577748278212,0.019602851677454458,,,0.025457577748278212,0.019602851677454458
19,22,0.0961553288201793,0.019602851677454458,0.0961553288201793,-0.24295073774066278,True,0.0961553288201793,-0.24295073774066278,,,0.0961553288201793,-0.24295073774066278,0.0961553288201793,0.019602851677454458,,,0.0961553288201793,0.019602851677454458
19,23,0.0961553288201793,0.019602851677454458,0.0961553288201793,0.019602851677454458,True,0.0961553288201793,0.019602851677454458,,,0.0961553288201793,0.019602851677454458,0.0961553288201793,0.019602851677454458,,,0.0961553288201793,0.019602851677454458
19,24,-0.0018468201023286307,0.019602851677454458,0.0961553288201793,-0.24295073774066278,True,-0.0018468201023286307,-0.24295073774066278,,,-0.0018468201023286307,-0.24295073774066278,0.0961553288201793,0.019602851677454458,,,0.0961553288201793,0.019602851677454458
19,25,-0.0018468201023286307,0.019602851677454458,0.0961553288201793,0.019602851677454458,True,-0.0018468201023286307,0.019602851677454458,,,-0.0018468201023286307,0.019602851677454458,0.0961553288201793,0.019602851677454458,,,0.0961553288201793,0.019602851677454458
20,1,0.025457577748278212,0.019602851677454458,0.0961553288201793,0.019602851677454458,True,0.025457577748278212,0.019602851677454458,,,0.025457577748278212,0.019602851677454458,0.0961553288201793,0.019602851677454458,,,0.0961553288201793,0.019602851677454458
20,2,0.025457577748278212,0.019602851677454458,0.025457577748278212,0.019602851677454458,True,0.025457577748278212,0.019602851677454458,,,0.025457577748278212,0.019602851677454458,0.025457577748278212,0.019602851677454458,,,0.025457577748278212,0.019602851677454458
20,3,0.0961553288201793,0.019602851677454458,0.025457577748278212,0.019602851677454458,True,0.0961553288201793,0.019602851677454458,0.0,0.5043341779774195,0.6004895067975988,0.019602851677454458,0.025457577748278212,0.019602851677454458,0.0,0.6088625937255682,0.6343201714738463,0.019602851677454458
20,4,0.0961553288201793,0.019602851677454458,0.0961553288201793,0.019602851677454458,True,0.0961553288201793,0.019602851677454458,,,0.0961553288201793,0.019602851677454458,0.0961553288201793,0.019602851677454458,,,0.0961553288201793,0.019602851677454458
20,5,-0.0018468201023286307,0.019602851677454458,-0.0018468201023286307,0.019602851677454458,True,-0.0018468201023286307,0.019602851677454458,,,-0.0018468201023286307,0.019602851677454458,-0.0018468201023286307,0.019602851677454458,1.0,0.005491446291200661,-0.0018468201023286307,0.02509429796865512
20,6,0.0961553288201793,0.019602851677454458,0.0961553288201793,0.019602851677454458,True,0.0961553288201793,0.019602851677454458,,,0.0961553288201793,0.019602851677454458,0.0961553288201793,0.019602851677454458,,,0.0961553288201793,0.019602851677454458
20,7,-0.0018468201023286307,0.019602851677454458,0.0961553288201793,0.019602851677454458,True,-0.0018468201023286307,0.019602851677454458,,,-0.0018468201023286307,0.019602851677454458,0.0961553288201793,0.019602851677454458,,,0.0961553288201793,0.019602851677454458
20,8,0.025457577748278212,0.019602851677454458,-0.0018468201023286307,0.019602851677454458,True,0.025457577748278212,0.019602851677454458,,,0.025457577748278212,0.019602851677454458,-0.0018468201023286307,0.019602851677454458,,,-0.0018468201023286307,0.019602851677454458
20,9,0.0961553288201793,0.019602851677454458,0.025457577748278212,0.019602851677454458,True,0.0961553288201793,0.019602851677454458,,,0.0961553288201793,0.019602851677454458,0.025457577748278212,0.019602851677454458,,,0.025457577748278212,0.019602851677454458
20,10,-0.0018468201023286307,0.019602851677454458,0.025457577748278212,0.019602851677454458,False,-0.0018468201023286307,0.019602851677454458,,,-0.0018468201023286307,0.019602851677454458,0.025457577748278212,0.019602851677454458,,,0.025457577748278212,0.019602851677454458
20,11,0.0961553288201793,0.019602851677454458,0.0961553288201793,0.019602851677454458,True,0.0961553288201793,0.019602851677454458,,,0.0961553288201793,0.019602851677454458,0.0961553288201793,0.019602851677454458,,,0.0961553288201793,0.019602851677454458
20,12,0.0961553288201793,0.019602851677454458,-0.0018468201023286307,0.019602851677454458,True,0.0961553288201793,0.019602851677454458,,,0.0961553288201793,0.019602851677454458,-0.0018468201023286307,0.019602851677454458,,,-0.0018468201023286307,0.019602851677454458
20,13,0.0961553288201793,0.019602851677454458,0.025457577748278212,0.019602851677454458,False,0.0961553288201793,0.019602851677454458,,,0.0961553288201793,0.019602851677454458,0.025457577748278212,0.019602851677454458,,,0.025457577748278212,0.019602851677454458
20,14,0.0961553288201793,0.019602851677454458,0.025457577748278212,0.019602851677454458,True,0.0961553288201793,0.019602851677454458,,,0.0961553288201793,0.019602851677454458,0.025457577748278212,0.019602851677454458,,,0.025457577748278212,0.019602851677454458
20,15,0.0961553288201793,0.019602851677454458,0.0961553288201793,0.019602851677454458,False,0.0961553288201793,0.019602851677454458,,,0.0961553288201793,0.019602851677454458,0.0961553288201793,0.019602851677454458,,,0.0961553288201793,0.019602851677454458
20,16,0.0961553288201793,0.019602851677454458,0.0961553288201793,0.019602851677454458,True,0.0961553288201793,0.019602851677454458,,,0.0961553288201793,0.019602851677454458,0.0961553288201793,0.019602851677454458,,,0.0961553288201793,0.019602851677454458
20,17,0.025457577748278212,0.019602851677454458,0.025457577748278212,0.019602851677454458,True,0.025457577748278212,0.019602851677454458,,,0.025457577748278212,0.019602851677454458,0.025457577748278212,0.019602851677454458,,,0.025457577748278212,0.019602851677454458
20,18,0.0961553288201793,0.019602851677454458,0.0961553288201793,0.019602851677454458,True,0.0961553288201793,0.019602851677454458,,,0.0961553288201793,0.019602851677454458,0.0961553288201793,0.019602851677454458,,,0.0961553288201793,0.019602851677454458
20,19,0.0961553288201793,0.019602851677454458,0.025457577748278212,0.019602851677454458,True,0.0961553288201793,0.019602851677454458,,,0.0961553288201793,0.019602851677454458,0.025457577748278212,0.019602851677454458,,,0.025457577748278212,0.019602851677454458
20,20,0.0961553288201793,0.019602851677454458,0.025457577748278212,0.019602851677454458,False,0.0961553288201793,0.019602851677454458,,,0.0961553288201793,0.019602851677454458,0.025457577748278212,0.019602851677454458,,,0.025457577748278212,0.019602851677454458
20,21,0.0961553288201793,0.019602851677454458,0.0961553288201793,0.019602851677454458,False,0.0961553288201793,0.019602851677454458,,,0.0961553288201793,0.019602851677454458,0.0961553288201793,0.019602851677454458,,,0.0961553288201793,0.019602851677454458
20,22,0.0961553288201793,0.019602851677454458,0.0961553288201793,0.019602851677454458,False,0.0961553288201793,0.019602851677454458,,,0.0961553288201793,0.019602851677454458,0.0961553288201793,0.019602851677454458,,,0.0961553288201793,0.019602851677454458
20,23,-0.0018468201023286307,0.019602851677454458,0.025457577748278212,0.019602851677454458,False,-0.0018468201023286307,0.019602851677454458,,,-0.0018468201023286307,0.019602851677454458,0.025457577748278212,0.019602851677454458,,,0.025457577748278212,0.019602851677454458
20,24,0.025457577748278212,0.019602851677454458,0.0961553288201793,0.019602851677454458,False,0.025457577748278212,0.019602851677454458,,,0.025457577748278212,0.019602851677454458,0.0961553288201793,0.019602851677454458,,,0.0961553288201793,0.019602851677454458
20,25,0.0961553288201793,0.019602851677454458,0.0961553288201793,0.019602851677454458,True,0.0961553288201793,0.019602851677454458,,,0.0961553288201793,0.019602851677454458,0.0961553288201793,0.019602851677454458,,,0.0961553288201793,0.019602851677454458
21,1,0.025457577748278212,0.019602851677454458,0.0961553288201793,0.019602851677454458,True,0.025457577748278212,0.019602851677454458,,,0.025457577748278212,0.019602851677454458,0.0961553288201793,0.019602851677454458,,,0.0961553288201793,0.019602851677454458
21,2,0.0961553288201793,0.019602851677454458,0.025457577748278212,0.019602851677454458,False,0.0961553288201793,0.019602851677454458,,,0.0961553288201793,0.019602851677454458,0.025457577748278212,0.019602851677454458,,,0.025457577748278212,0.019602851677454458
21,3,0.0961553288201793,0.019602851677454458,0.025457577748278212,0.019602851677454458,True,0.0961553288201793,0.019602851677454458,,,0.0961553288201793,0.019602851677454458,0.025457577748278212,0.019602851677454458,,,0.025457577748278212,0.019602851677454458
21,4,0.025457577748278212,0.019602851677454458,0.0961553288201793,0.019602851677454458,False,0.025457577748278212,0.019602851677454458,,,0.025457577748278212,0.019602851677454458,0.0961553288201793,0.019602851677454458,,,0.0961553288201793,0.019602851677454458
21,5,0.0961553288201793,0.019602851677454458,0.0961553288201793,0.019602851677454458,True,0.0961553288201793,0.019602851677454458,,,0.0961553288201793,0.019602851677454458,0.0961553288201793,0.019602851677454458,1.0,-0.10697657193040584,0.0961553288201793,-0.08737372025295138
21,6,0.0961553288201793,0.019602851677454458,0.0961553288201793,0.019602851677454458,True,0.0961553288201793,0.019602851677454458,,,0.0961553288201793,0.019602851677454458,0.0961553288201793,0.019602851677454458,,,0.0961553288201793,0.019602851677454458
21,7,0.0961553288201793,0.019602851677454458,0.025457577748278212,0.019602851677454458,False,0.0961553288201793,0.019602851677454458,,,0.0961553288201793,0.019602851677454458,0.025457577748278212,0.019602851677454458,,,0.025457577748278212,0.019602851677454458
21,8,0.0961553288201793,0.019602851677454458,0.0961553288201793,0.019602851677454458,True,0.0961553288201793,0.019602851677454458,,,0.0961553288201793,0.019602851677454458,0.0961553288201793,0.019602851677454458,,,0.0961553288201793,0.019602851677454458
21,9,0.0961553288201793,0.019602851677454458,0.025457577748278212,0.019602851677454458,True,0.0961553288201793,0.019602851677454458,,,0.0961553288201793,0.019602851677454458,0.025457577748278212,0.019602851677454458,0.0,-0.08997004394165305,-0.06451246619337483,0.019602851677454458
21,10,0.0961553288201793,0.019602851677454458,0.025457577748278212,0.019602851677454458,True,0.0961553288201793,0.019602851677454458,,,0.0961553288201793,0.019602851677454458,0.025457577748278212,0.019602851677454458,,,0.025457577748278212,0.019602851677454458
21,11,0.0961553288201793,0.019602851677454458,-0.0018468201023286307,0.019602851677454458,True,0.0961553288201793,0.019602851677454458,,,0.0961553288201793,0.019602851677454458,-0.0018468201023286307,0.019602851677454458,1.0,-0.327871731216157,-0.0018468201023286307,-0.3082688795387025
21,12,0.0961553288201793,0.019602851677454458,0.025457577748278212,0.019602851677454458,True,0.0961553288201793,0.019602851677454458,,,0.0961553288201793,0.019602851677454458,0.025457577748278212,0.019602851677454458,,,0.025457577748278212,0.019602851677454458
21,13,0.0961553288201793,0.019602851677454458,0.0961553288201793,0.019602851677454458,True,0.0961553288201793,0.019602851677454458,,,0.0961553288201793,0.019602851677454458,0.0961553288201793,0.019602851677454458,,,0.0961553288201793,0.019602851677454458
21,14,-0.0018468201023286307,0.02509429796865512,0.0961553288201793,0.019602851677454458,True,-0.0018468201023286307,0.019602851677454458,,,-0.0018468201023286307,0.019602851677454458,0.0961553288201793,0.02509429796865512,,,0.0961553288201793,0.02509429796865512
21,15,0.025457577748278212,0.019602851677454458,0.0961553288201793,0.019602851677454458,True,0.025457577748278212,0.019602851677454458,,,0.025457577748278212,0.019602851677454458,0.0961553288201793,0.019602851677454458,,,0.0961553288201793,0.019602851677454458
21,16,0.0961553288201793,0.019602851677454458,-0.0018468201023286307,0.019602851677454458,False,0.0961553288201793,0.019602851677454458,,,0.0961553288201793,0.019602851677454458,-0.0018468201023286307,0.019602851677454458,,,-0.0018468201023286307,0.019602851677454458
21,17,0.0961553288201793,0.019602851677454458,0.0961553288201793,0.019602851677454458,True,0.0961553288201793,0.019602851677454458,,,0.0961553288201793,0.019602851677454458,0.0961553288201793,0.019602851677454458,,,0.0961553288201793,0.019602851677454458
21,18,-0.0018468201023286307,0.019602851677454458,0.025457577748278212,0.019602851677454458,True,-0.0018468201023286307,0.019602851677454458,,,-0.0018468201023286307,0.019602851677454458,0.025457577748278212,0.019602851677454458,,,0.025457577748278212,0.019602851677454458
21,19,0.0961553288201793,0.019602851677454458,0.0961553288201793,0.019602851677454458,False,0.0961553288201793,0.019602851677454458,,,0.0961553288201793,0.019602851677454458,0.0961553288201793,0.019602851677454458,,,0.0961553288201793,0.019602851677454458
21,20,0.0961553288201793,0.019602851677454458,-0.0018468201023286307,0.019602851677454458,True,0.0961553288201793,0.019602851677454458,,,0.0961553288201793,0.019602851677454458,-0.0018468201023286307,0.019602851677454458,,,-0.0018468201023286307,0.019602851677454458
21,21,0.0961553288201793,0.019602851677454458,0.025457577748278212,0.019602851677454458,True,0.0961553288201793,0.019602851677454458,,,0.0961553288201793,0.019602851677454458,0.025457577748278212,0.019602851677454458,,,0.025457577748278212,0.019602851677454458
21,22,0.0961553288201793,0.019602851677454458,0.025457577748278212,0.019602851677454458,True,0.0961553288201793,0.019602851677454458,,,0.0961553288201793,0.019602851677454458,0.025457577748278212,0.019602851677454458,,,0.025457577748278212,0.019602851677454458
21,23,0.0961553288201793,0.019602851677454458,0.0961553288201793,0.019602851677454458,True,0.0961553288201793,0.019602851677454458,,,0.0961553288201793,0.019602851677454458,0.0961553288201793,0.019602851677454458,,,0.0961553288201793,0.019602851677454458
21,24,0.0961553288201793,0.019602851677454458,0.0961553288201793,0.019602851677454458,False,0.0961553288201793,0.019602851677454458,,,0.0961553288201793,0.019602851677454458,0.0961553288201793,0.019602851677454458,,,0.0961553288201793,0.019602851677454458
21,25,0.025457577748278212,0.019602851677454458,0.0961553288201793,0.019602851677454458,True,0.025457577748278212,0.019602851677454458,,,0.025457577748278212,0.019602851677454458,0.0961553288201793,0.019602851677454458,,,0.0961553288201793,0.019602851677454458
22,1,-0.0018468201023286307,0.019602851677454458,0.0961553288201793,0.019602851677454458,True,-0.0018468201023286307,0.019602851677454458,,,-0.0018468201023286307,0.019602851677454458,0.0961553288201793,0.019602851677454458,,,0.0961553288201793,0.019602851677454458
22,2,0.0961553288201793,0.019602851677454458,0.025457577748278212,0.019602851677454458,True,0.0961553288201793,0.019602851677454458,0.0,-0.5260003596764241,-0.4298450308562448,0.019602851677454458,0.025457577748278212,0.019602851677454458,1.0,-0.19681873564852215,0.025457577748278212,-0.1772158839710677
22,3,0.0961553288201793,0.019602851677454458,0.025457577748278212,0.019602851677454458,True,0.0961553288201793,0.019602851677454458,,,0.0961553288201793,0.019602851677454458,0.025457577748278212,0.019602851677454458,,,0.025457577748278212,0.019602851677454458
22,4,0.025457577748278212,0.019602851677454458,0.0961553288201793,0.019602851677454458,True,0.025457577748278212,0.019602851677454458,,,0.025457577748278212,0.019602851677454458,0.0961553288201793,0.019602851677454458,,,0.0961553288201793,0.019602851677454458
22,5,0.0961553288201793,0.019602851677454458,0.0961553288201793,0.019602851677454458,True,0.0961553288201793,0.019602851677454458,,,0.0961553288201793,0.019602851677454458,0.0961553288201793,0.019602851677454458,,,0.0961553288201793,0.019602851677454458
22,6,0.025457577748278212,0.019602851677454458,0.0961553288201793,0.019602851677454458,True,0.025457577748278212,0.019602851677454458,,,0.025457577748278212,0.019602851677454458,0.0961553288201793,0.019602851677454458,,,0.0961553288201793,0.019602851677454458
22,7,0.0961553288201793,0.019602851677454458,0.0961553288201793,0.019602851677454458,True,0.0961553288201793,0.019602851677454458,,,0.0961553288201793,0.019602851677454458,0.0961553288201793,0.019602851677454458,0.0,0.23274838708313994,0.32890371590331924,0.019602851677454458
22,8,0.0961553288201793,0.019602851677454458,0.025457577748278212,0.019602851677454458,True,0.0961553288201793,0.019602851677454458,,,0.0961553288201793,0.019602851677454458,0.025457577748278212,0.019602851677454458,,,0.025457577748278212,0.019602851677454458
22,9,-0.0018468201023286307,0.019602851677454458,0.0961553288201793,0.019602851677454458,True,-0.0018468201023286307,0.019602851677454458,,,-0.0018468201023286307,0.019602851677454458,0.0961553288201793,0.019602851677454458,,,0.0961553288201793,0.019602851677454458
22,10,0.0961553288201793,0.019602851677454458,0.025457577748278212,0.019602851677454458,True,0.0961553288201793,0.019602851677454458,,,0.0961553288201793,0.019602851677454458,0.025457577748278212,0.019602851677454458,,,0.025457577748278212,0.019602851677454458
22,11,0.0961553288201793,0.019602851677454458,0.0961553288201793,0.019602851677454458,True,0.0961553288201793,0.019602851677454458,,,0.0961553288201793,0.019602851677454458,0.0961553288201793,0.019602851677454458,,,0.0961553288201793,0.019602851677454458
22,12,0.025457577748278212,0.019602851677454458,-0.0018468201023286307,0.019602851677454458,True,0.025457577748278212,0.019602851677454458,,,0.025457577748278212,0.019602851677454458,-0.0018468201023286307,0.019602851677454458,,,-0.0018468201023286307,0.019602851677454458
22,13,0.0961553288201793,0.019602851677454458,0.0961553288201793,0.019602851677454458,True,0.0961553288201793,0.019602851677454458,,,0.0961553288201793,0.019602851677454458,0.0961553288201793,0.019602851677454458,,,0.0961553288201793,0.019602851677454458
22,14,-0.0018468201023286307,0.019602851677454458,0.025457577748278212,0.019602851677454458,True,-0.0018468201023286307,0.019602851677454458,,,-0.0018468201023286307,0.019602851677454458,0.025457577748278212,0.019602851677454458,,,0.025457577748278212,0.019602851677454458
22,15,-0.06451246619337483,0.019602851677454458,0.0961553288201793,0.019602851677454458,True,-0.06451246619337483,0.019602851677454458,,,-0.06451246619337483,0.019602851677454458,0.0961553288201793,0.019602851677454458,,,0.0961553288201793,0.019602851677454458
22,16,0.0961553288201793,0.019602851677454458,0.025457577748278212,0.019602851677454458,True,0.0961553288201793,0.019602851677454458,,,0.0961553288201793,0.019602851677454458,0.025457577748278212,0.019602851677454458,1.0,0.3379894279034617,0.025457577748278212,0.35759227958091616
22,17,-0.0018468201023286307,0.019602851677454458,0.025457577748278212,0.019602851677454458,True,-0.0018468201023286307,0.019602851677454458,,,-0.0018468201023286307,0.019602851677454458,0.025457577748278212,0.019602851677454458,,,0.025457577748278212,0.019602851677454458
22,18,0.0961553288201793,0.019602851677454458,0.0961553288201793,-0.08737372025295138,True,0.0961553288201793,-0.08737372025295138,,,0.0961553288201793,-0.08737372025295138,0.0961553288201793,0.019602851677454458,,,0.0961553288201793,0.019602851677454458
22,19,0.0961553288201793,0.019602851677454458,0.0961553288201793,0.019602851677454458,True,0.0961553288201793,0.019602851677454458,,,0.0961553288201793,0.019602851677454458,0.0961553288201793,0.019602851677454458,,,0.0961553288201793,0.019602851677454458
22,20,0.0961553288201793,-0.08737372025295138,0.025457577748278212,0.019602851677454458,True,0.0961553288201793,0.019602851677454458,,,0.0961553288201793,0.019602851677454458,0.025457577748278212,-0.08737372025295138,,,0.025457577748278212,-0.08737372025295138
22,21,0.0961553288201793,0.019602851677454458,0.0961553288201793,0.019602851677454458,True,0.0961553288201793,0.019602851677454458,,,0.0961553288201793,0.019602851677454458,0.0961553288201793,0.019602851677454458,,,0.0961553288201793,0.019602851677454458
22,22,0.0961553288201793,0.019602851677454458,0.0961553288201793,0.019602851677454458,True,0.0961553288201793,0.019602851677454458,,,0.0961553288201793,0.019602851677454458,0.0961553288201793,0.019602851677454458,,,0.0961553288201793,0.019602851677454458
22,23,-0.0018468201023286307,0.019602851677454458,0.0961553288201793,0.019602851677454458,False,-0.0018468201023286307,0.019602851677454458,1.0,-0.16980251280328432,-0.0018468201023286307,-0.15019966112582986,0.0961553288201793,0.019602851677454458,,,0.0961553288201793,0.019602851677454458
22,24,0.0961553288201793,0.019602851677454458,0.0961553288201793,0.019602851677454458,True,0.0961553288201793,0.019602851677454458,,,0.0961553288201793,0.019602851677454458,0.0961553288201793,0.019602851677454458,,,0.0961553288201793,0.019602851677454458
22,25,0.0961553288201793,0.019602851677454458,0.025457577748278212,0.019602851677454458,True,0.0961553288201793,0.019602851677454458,,,0.0961553288201793,0.019602851677454458,0.025457577748278212,0.019602851677454458,,,0.025457577748278212,0.019602851677454458
23,1,0.0961553288201793,0.019602851677454458,0.025457577748278212,0.019602851677454458,True,0.0961553288201793,0.019602851677454458,,,0.0961553288201793,0.019602851677454458,0.025457577748278212,0.019602851677454458,0.0,-1.1214138108052167,-1.0959562330569386,0.019602851677454458
23,2,0.025457577748278212,0.019602851677454458,0.0961553288201793,0.019602851677454458,True,0.025457577748278212,0.019602851677454458,,,0.025457577748278212,0.019602851677454458,0.0961553288201793,0.019602851677454458,,,0.0961553288201793,0.019602851677454458
23,3,0.025457577748278212,0.019602851677454458,0.0961553288201793,0.019602851677454458,False,0.025457577748278212,0.019602851677454458,,,0.025457577748278212,0.019602851677454458,0.0961553288201793,0.019602851677454458,,,0.0961553288201793,0.019602851677454458
23,4,0.0961553288201793,0.019602851677454458,0.025457577748278212,0.019602851677454458,False,0.0961553288201793,0.019602851677454458,,,0.0961553288201793,0.019602851677454458,0.025457577748278212,0.019602851677454458,,,0.025457577748278212,0.019602851677454458
23,5,0.025457577748278212,0.019602851677454458,-0.0018468201023286307,0.019602851677454458,True,0.025457577748278212,0.019602851677454458,,,0.025457577748278212,0.019602851677454458,-0.0018468201023286307,0.019602851677454458,,,-0.0018468201023286307,0.019602851677454458
23,6,-0.0018468201023286307,-0.15019966112582986,-0.0018468201023286307,0.019602851677454458,True,-0.0018468201023286307,0.019602851677454458,,,-0.0018468201023286307,0.019602851677454458,-0.0018468201023286307,-0.15019966112582986,,,-0.0018468201023286307,-0.15019966112582986
23,7,0.025457577748278212,0.019602851677454458,0.025457577748278212,0.019602851677454458,True,0.025457577748278212,0.019602851677454458,,,0.025457577748278212,0.019602851677454458,0.025457577748278212,0.019602851677454458,,,0.025457577748278212,0.019602851677454458
23,8,0.0961553288201793,0.019602851677454458,-0.0018468201023286307,0.019602851677454458,False,0.0961553288201793,0.019602851677454458,,,0.0961553288201793,0.019602851677454458,-0.0018468201023286307,0.019602851677454458,,,-0.0018468201023286307,0.019602851677454458
23,9,0.0961553288201793,0.019602851677454458,0.0961553288201793,0.019602851677454458,True,0.0961553288201793,0.019602851677454458,,,0.0961553288201793,0.019602851677454458,0.0961553288201793,0.019602851677454458,,,0.0961553288201793,0.019602851677454458
23,10,0.025457577748278212,0.019602851677454458,-0.0018468201023286307,0.019602851677454458,True,0.025457577748278212,0.019602851677454458,,,0.025457577748278212,0.019602851677454458,-0.0018468201023286307,0.019602851677454458,,,-0.0018468201023286307,0.019602851677454458
23,11,-0.0018468201023286307,0.019602851677454458,0.0961553288201793,0.019602851677454458,True,-0.0018468201023286307,0.019602851677454458,,,-0.0018468201023286307,0.019602851677454458,0.0961553288201793,0.019602851677454458,,,0.0961553288201793,0.019602851677454458
23,12,0.0961553288201793,0.019602851677454458,0.025457577748278212,0.019602851677454458,True,0.0961553288201793,0.019602851677454458,,,0.0961553288201793,0.019602851677454458,0.025457577748278212,0.019602851677454458,,,0.025457577748278212,0.019602851677454458
23,13,0.0961553288201793,0.019602851677454458,0.025457577748278212,0.019602851677454458,False,0.0961553288201793,0.019602851677454458,,,0.0961553288201793,0.019602851677454458,0.025457577748278212,0.019602851677454458,,,0.025457577748278212,0.019602851677454458
23,14,0.0961553288201793,0.019602851677454458,0.025457577748278212,0.019602851677454458,True,0.0961553288201793,0.019602851677454458,,,0.0961553288201793,0.019602851677454458,0.025457577748278212,0.019602851677454458,,,0.025457577748278212,0.019602851677454458
23,15,0.0961553288201793,0.019602851677454458,-0.0018468201023286307,0.019602851677454458,True,0.0961553288201793,0.019602851677454458,,,0.0961553288201793,0.019602851677454458,-0.0018468201023286307,0.019602851677454458,,,-0.0018468201023286307,0.019602851677454458
23,16,0.0961553288201793,0.019602851677454458,0.0961553288201793,0.019602851677454458,True,0.0961553288201793,0.019602851677454458,,,0.0961553288201793,0.019602851677454458,0.0961553288201793,0.019602851677454458,,,0.0961553288201793,0.019602851677454458
23,17,0.0961553288201793,-0.08737372025295138,-0.0018468201023286307,0.019602851677454458,True,0.0961553288201793,0.019602851677454458,,,0.0961553288201793,0.019602851677454458,-0.0018468201023286307,-0.08737372025295138,,,-0.0018468201023286307,-0.08737372025295138
23,18,0.0961553288201793,0.019602851677454458,0.0961553288201793,0.019602851677454458,True,0.0961553288201793,0.019602851677454458,,,0.0961553288201793,0.019602851677454458,0.0961553288201793,0.019602851677454458,,,0.0961553288201793,0.019602851677454458
23,19,0.025457577748278212,0.019602851677454458,0.0961553288201793,0.019602851677454458,True,0.025457577748278212,0.019602851677454458,,,0.025457577748278212,0.019602851677454458,0.0961553288201793,0.019602851677454458,,,0.0961553288201793,0.019602851677454458
23,20,-0.0018468201023286307,0.019602851677454458,0.025457577748278212,0.019602851677454458,True,-0.0018468201023286307,0.019602851677454458,,,-0.0018468201023286307,0.019602851677454458,0.025457577748278212,0.019602851677454458,,,0.025457577748278212,0.019602851677454458
23,21,0.0961553288201793,0.019602851677454458,-0.0018468201023286307,0.019602851677454458,True,0.0961553288201793,0.019602851677454458,,,0.0961553288201793,0.019602851677454458,-0.0018468201023286307,0.019602851677454458,,,-0.0018468201023286307,0.019602851677454458
23,22,0.0961553288201793,0.019602851677454458,0.0961553288201793,0.019602851677454458,True,0.0961553288201793,0.019602851677454458,,,0.0961553288201793,0.019602851677454458,0.0961553288201793,0.019602851677454458,,,0.0961553288201793,0.019602851677454458
23,23,0.0961553288201793,0.019602851677454458,0.0961553288201793,0.019602851677454458,False,0.0961553288201793,0.019602851677454458,,,0.0961553288201793,0.019602851677454458,0.0961553288201793,0.019602851677454458,,,0.0961553288201793,0.019602851677454458
23,24,-0.0018468201023286307,0.019602851677454458,0.0961553288201793,0.019602851677454458,True,-0.0018468201023286307,0.019602851677454458,,,-0.0018468201023286307,0.019602851677454458,0.0961553288201793,0.019602851677454458,,,0.0961553288201793,0.019602851677454458
23,25,0.0961553288201793,0.019602851677454458,0.025457577748278212,0.019602851677454458,True,0.0961553288201793,0.019602851677454458,,,0.0961553288201793,0.019602851677454458,0.025457577748278212,0.019602851677454458,,,0.025457577748278212,0.019602851677454458
24,1,0.025457577748278212,0.019602851677454458,0.025457577748278212,0.019602851677454458,False,0.025457577748278212,0.019602851677454458,,,0.025457577748278212,0.019602851677454458,0.025457577748278212,0.019602851677454458,,,0.025457577748278212,0.019602851677454458
24,2,0.025457577748278212,0.019602851677454458,-0.0018468201023286307,0.019602851677454458,True,0.025457577748278212,0.019602851677454458,,,0.025457577748278212,0.019602851677454458,-0.0018468201023286307,0.019602851677454458,1.0,0.343846092558891,-0.0018468201023286307,0.36344894423634544
24,3,0.0961553288201793,0.019602851677454458,0.0961553288201793,0.019602851677454458,False,0.0961553288201793,0.019602851677454458,,,0.0961553288201793,0.019602851677454458,0.0961553288201793,0.019602851677454458,,,0.0961553288201793,0.019602851677454458
24,4,0.0961553288201793,0.019602851677454458,0.025457577748278212,0.019602851677454458,True,0.0961553288201793,0.019602851677454458,,,0.0961553288201793,0.019602851677454458,0.025457577748278212,0.019602851677454458,,,0.025457577748278212,0.019602851677454458
24,5,0.0961553288201793,0.019602851677454458,0.0961553288201793,0.019602851677454458,True,0.0961553288201793,0.019602851677454458,,,0.0961553288201793,0.019602851677454458,0.0961553288201793,0.019602851677454458,,,0.0961553288201793,0.019602851677454458
24,6,0.0961553288201793,0.019602851677454458,0.0961553288201793,0.019602851677454458,False,0.0961553288201793,0.019602851677454458,,,0.0961553288201793,0.019602851677454458,0.0961553288201793,0.019602851677454458,,,0.0961553288201793,0.019602851677454458
24,7,0.0961553288201793,0.019602851677454458,0.025457577748278212,0.019602851677454458,True,0.0961553288201793,0.019602851677454458,,,0.0961553288201793,0.019602851677454458,0.025457577748278212,0.019602851677454458,,,0.025457577748278212,0.019602851677454458
24,8,0.025457577748278212,0.019602851677454458,-0.0018468201023286307,0.019602851677454458,False,0.025457577748278212,0.019602851677454458,,,0.025457577748278212,0.019602851677454458,-0.0018468201023286307,0.019602851677454458,,,-0.0018468201023286307,0.019602851677454458
24,9,0.0961553288201793,0.019602851677454458,0.0961553288201793,0.019602851677454458,True,0.0961553288201793,0.019602851677454458,,,0.0961553288201793,0.019602851677454458,0.0961553288201793,0.019602851677454458,,,0.0961553288201793,0.019602851677454458
24,10,-0.0018468201023286307,0.019602851677454458,0.0961553288201793,0.019602851677454458,True,-0.0018468201023286307,0.019602851677454458,,,-0.0018468201023286307,0.019602851677454458,0.0961553288201793,0.019602851677454458,,,0.0961553288201793,0.019602851677454458
24,11,0.0961553288201793,0.019602851677454458,0.025457577748278212,0.019602851677454458,True,0.0961553288201793,0.019602851677454458,,,0.0961553288201793,0.019602851677454458,0.025457577748278212,0.019602851677454458,,,0.025457577748278212,0.019602851677454458
24,12,0.025457577748278212,0.019602851677454458,0.025457577748278212,0.019602851677454458,True,0.025457577748278212,0.019602851677454458,,,0.025457577748278212,0.019602851677454458,0.025457577748278212,0.019602851677454458,,,0.025457577748278212,0.019602851677454458
24,13,0.025457577748278212,0.019602851677454458,-0.0018468201023286307,0.019602851677454458,True,0.025457577748278212,0.019602851677454458,,,0.025457577748278212,0.019602851677454458,-0.0018468201023286307,0.019602851677454458,,,-0.0018468201023286307,0.019602851677454458
24,14,0.0961553288201793,0.019602851677454458,0.0961553288201793,0.019602851677454458,True,0.0961553288201793,0.019602851677454458,,,0.0961553288201793,0.019602851677454458,0.0961553288201793,0.019602851677454458,,,0.0961553288201793,0.019602851677454458
24,15,-0.0018468201023286307,0.019602851677454458,0.0961553288201793,0.019602851677454458,True,-0.0018468201023286307,0.019602851677454458,,,-0.0018468201023286307,0.019602851677454458,0.0961553288201793,0.019602851677454458,,,0.0961553288201793,0.019602851677454458
24,16,0.0961553288201793,0.019602851677454458,0.025457577748278212,0.019602851677454458,True,0.0961553288201793,0.019602851677454458,,,0.0961553288201793,0.019602851677454458,0.025457577748278212,0.019602851677454458,,,0.025457577748278212,0.019602851677454458
24,17,-0.0018468201023286307,0.019602851677454458,0.0961553288201793,0.019602851677454458,True,-0.0018468201023286307,0.019602851677454458,,,-0.0018468201023286307,0.019602851677454458,0.0961553288201793,0.019602851677454458,,,0.0961553288201793,0.019602851677454458
24,18,0.0961553288201793,0.019602851677454458,-0.0018468201023286307,0.019602851677454458,True,0.0961553288201793,0.019602851677454458,,,0.0961553288201793,0.019602851677454458,-0.0018468201023286307,0.019602851677454458,,,-0.0018468201023286307,0.019602851677454458
24,19,-0.0018468201023286307,0.019602851677454458,-0.0018468201023286307,0.019602851677454458,True,-0.0018468201023286307,0.019602851677454458,,,-0.0018468201023286307,0.019602851677454458,-0.0018468201023286307,0.019602851677454458,,,-0.0018468201023286307,0.019602851677454458
24,20,0.0961553288201793,0.019602851677454458,0.025457577748278212,0.019602851677454458,False,0.0961553288201793,0.019602851677454458,,,0.0961553288201793,0.019602851677454458,0.025457577748278212,0.019602851677454458,,,0.025457577748278212,0.019602851677454458
24,21,0.0961553288201793,0.019602851677454458,0.0961553288201793,0.019602851677454458,True,0.0961553288201793,0.019602851677454458,,,0.0961553288201793,0.019602851677454458,0.0961553288201793,0.019602851677454458,,,0.0961553288201793,0.019602851677454458
24,22,-0.0018468201023286307,0.019602851677454458,0.0961553288201793,0.019602851677454458,False,-0.0018468201023286307,0.019602851677454458,,,-0.0018468201023286307,0.019602851677454458,0.0961553288201793,0.019602851677454458,,,0.0961553288201793,0.019602851677454458
24,23,-0.0018468201023286307,-0.15019966112582986,0.0961553288201793,0.019602851677454458,True,-0.0018468201023286307,0.019602851677454458,,,-0.0018468201023286307,0.019602851677454458,0.0961553288201793,-0.15019966112582986,,,0.0961553288201793,-0.15019966112582986
24,24,-0.0018468201023286307,0.019602851677454458,0.0961553288201793,0.019602851677454458,False,-0.0018468201023286307,0.019602851677454458,,,-0.0018468201023286307,0.019602851677454458,0.0961553288201793,0.019602851677454458,,,0.0961553288201793,0.019602851677454458
24,25,-0.0018468201023286307,0.019602851677454458,-0.0018468201023286307,0.019602851677454458,True,-0.0018468201023286307,0.019602851677454458,,,-0.0018468201023286307,0.019602851677454458,-0.0018468201023286307,0.019602851677454458,,,-0.0018468201023286307,0.019602851677454458
25,1,-0.0018468201023286307,0.019602851677454458,-0.0018468201023286307,0.019602851677454458,True,-0.0018468201023286307,0.019602851677454458,1.0,-0.4120653606697383,-0.0018468201023286307,-0.39246250899228385,-0.0018468201023286307,0.019602851677454458,,,-0.0018468201023286307,0.019602851677454458
25,2,0.0961553288201793,0.019602851677454458,0.025457577748278212,0.019602851677454458,True,0.0961553288201793,0.019602851677454458,,,0.0961553288201793,0.019602851677454458,0.025457577748278212,0.019602851677454458,,,0.025457577748278212,0.019602851677454458
25,3,0.0961553288201793,0.019602851677454458,0.0961553288201793,0.019602851677454458,False,0.0961553288201793,0.019602851677454458,,,0.0961553288201793,0.019602851677454458,0.0961553288201793,0.019602851677454458,,,0.0961553288201793,0.019602851677454458
25,4,0.0961553288201793,0.019602851677454458,0.025457577748278212,0.019602851677454458,True,0.0961553288201793,0.019602851677454458,,,0.0961553288201793,0.019602851677454458,0.025457577748278212,0.019602851677454458,,,0.025457577748278212,0.019602851677454458
25,5,-0.0018468201023286307,0.019602851677454458,0.025457577748278212,0.019602851677454458,True,-0.0018468201023286307,0.019602851677454458,,,-0.0018468201023286307,0.019602851677454458,0.025457577748278212,0.019602851677454458,,,0.025457577748278212,0.019602851677454458
25,6,-0.0018468201023286307,0.019602851677454458,0.0961553288201793,0.019602851677454458,True,-0.0018468201023286307,0.019602851677454458,1.0,-0.19888895697010409,-0.0018468201023286307,-0.17928610529264963,0.0961553288201793,0.019602851677454458,,,0.0961553288201793,0.019602851677454458
25,7,0.0961553288201793,0.019602851677454458,0.0961553288201793,0.019602851677454458,True,0.0961553288201793,0.019602851677454458,,,0.0961553288201793,0.019602851677454458,0.0961553288201793,0.019602851677454458,,,0.0961553288201793,0.019602851677454458
25,8,0.0961553288201793,0.019602851677454458,-0.0018468201023286307,0.019602851677454458,True,0.0961553288201793,0.019602851677454458,,,0.0961553288201793,0.019602851677454458,-0.0018468201023286307,0.019602851677454458,,,-0.0018468201023286307,0.019602851677454458
25,9,-0.0018468201023286307,0.019602851677454458,0.025457577748278212,0.019602851677454458,True,-0.0018468201023286307,0.019602851677454458,,,-0.0018468201023286307,0.019602851677454458,0.025457577748278212,0.019602851677454458,,,0.025457577748278212,0.019602851677454458
25,10,0.0961553288201793,0.019602851677454458,-0.0018468201023286307,0.019602851677454458,True,0.0961553288201793,0.019602851677454458,,,0.0961553288201793,0.019602851677454458,-0.0018468201023286307,0.019602851677454458,,,-0.0018468201023286307,0.019602851677454458
25,11,0.0961553288201793,0.019602851677454458,0.0961553288201793,0.019602851677454458,True,0.0961553288201793,0.019602851677454458,,,0.0961553288201793,0.019602851677454458,0.0961553288201793,0.019602851677454458,,,0.0961553288201793,0.019602851677454458
25,12,0.025457577748278212,0.019602851677454458,0.0961553288201793,0.019602851677454458,False,0.025457577748278212,0.019602851677454458,,,0.025457577748278212,0.019602851677454458,0.0961553288201793,0.019602851677454458,,,0.0961553288201793,0.019602851677454458
25,13,0.025457577748278212,0.019602851677454458,-0.0018468201023286307,0.019602851677454458,True,0.025457577748278212,0.019602851677454458,0.0,-0.4935275772684433,-0.4680699995201651,0.019602851677454458,-0.0018468201023286307,0.019602851677454458,,,-0.0018468201023286307,0.019602851677454458
25,14,0.025457577748278212,0.019602851677454458,0.0961553288201793,0.019602851677454458,True,0.025457577748278212,0.019602851677454458,,,0.025457577748278212,0.019602851677454458,0.0961553288201793,0.019602851677454458,,,0.0961553288201793,0.019602851677454458
25,15,-0.0018468201023286307,0.019602851677454458,0.025457577748278212,0.019602851677454458,True,-0.0018468201023286307,0.019602851677454458,,,-0.0018468201023286307,0.019602851677454458,0.025457577748278212,0.019602851677454458,,,0.025457577748278212,0.019602851677454458
25,16,0.0961553288201793,0.019602851677454458,0.0961553288201793,0.019602851677454458,True,0.0961553288201793,0.019602851677454458,,,0.0961553288201793,0.019602851677454458,0.0961553288201793,0.019602851677454458,,,0.0961553288201793,0.019602851677454458
25,17,0.0961553288201793,0.019602851677454458,0.0961553288201793,0.019602851677454458,True,0.0961553288201793,0.019602851677454458,,,0.0961553288201793,0.019602851677454458,0.0961553288201793,0.019602851677454458,,,0.0961553288201793,0.019602851677454458
25,18,0.025457577748278212,0.019602851677454458,0.025457577748278212,0.019602851677454458,True,0.025457577748278212,0.019602851677454458,,,0.025457577748278212,0.019602851677454458,0.025457577748278212,0.019602851677454458,0.0,0.510441410501237,0.5358989882495152,0.019602851677454458
25,19,-0.0018468201023286307,0.019602851677454458,0.0961553288201793,0.019602851677454458,True,-0.0018468201023286307,0.019602851677454458,,,-0.0018468201023286307,0.019602851677454458,0.0961553288201793,0.019602851677454458,,,0.0961553288201793,0.019602851677454458
25,20,0.025457577748278212,0.019602851677454458,0.025457577748278212,0.019602851677454458,True,0.025457577748278212,0.019602851677454458,,,0.025457577748278212,0.019602851677454458,0.025457577748278212,0.019602851677454458,,,0.025457577748278212,0.019602851677454458
25,21,0.025457577748278212,0.019602851677454458,0.0961553288201793,0.019602851677454458,True,0.025457577748278212,0.019602851677454458,,,0.025457577748278212,0.019602851677454458,0.0961553288201793,0.019602851677454458,,,0.0961553288201793,0.019602851677454458
25,22,-0.0018468201023286307,0.019602851677454458,0.0961553288201793,0.019602851677454458,True,-0.0018468201023286307,0.019602851677454458,,,-0.0018468201023286307,0.019602851677454458,0.0961553288201793,0.019602851677454458,,,0.0961553288201793,0.019602851677454458
25,23,0.0961553288201793,0.019602851677454458,-0.0018468201023286307,0.019602851677454458,True,0.0961553288201793,0.019602851677454458,0.0,0.7549353415601576,0.8510906703803369,0.019602851677454458,-0.0018468201023286307,0.019602851677454458,,,-0.0018468201023286307,0.019602851677454458
25,24,0.0961553288201793,0.019602851677454458,0.0961553288201793,0.019602851677454458,True,0.0961553288201793,0.019602851677454458,,,0.0961553288201793,0.019602851677454458,0.0961553288201793,0.019602851677454458,,,0.0961553288201793,0.019602851677454458
25,25,-0.0018468201023286307,0.019602851677454458,0.0961553288201793,0.019602851677454458,True,-0.0018468201023286307,0.019602851677454458,,,-0.0018468201023286307,0.019602851677454458,0.0961553288201793,0.019602851677454458,,,0.0961553288201793,0.019602851677454458
26,1,-0.0018468201023286307,0.019602851677454458,0.025457577748278212,0.019602851677454458,True,-0.0018468201023286307,0.019602851677454458,,,-0.0018468201023286307,0.019602851677454458,0.025457577748278212,0.019602851677454458,,,0.025457577748278212,0.019602851677454458
26,2,0.0961553288201793,0.019602851677454458,0.025457577748278212,0.019602851677454458,False,0.0961553288201793,0.019602851677454458,,,0.0961553288201793,0.019602851677454458,0.025457577748278212,0.019602851677454458,,,0.025457577748278212,0.019602851677454458
26,3,0.0961553288201793,0.019602851677454458,-0.0018468201023286307,0.019602851677454458,True,0.0961553288201793,0.019602851677454458,,,0.0961553288201793,0.019602851677454458,-0.0018468201023286307,0.019602851677454458,,,-0.0018468201023286307,0.019602851677454458
26,4,0.025457577748278212,0.019602851677454458,0.025457577748278212,0.019602851677454458,False,0.025457577748278212,0.019602851677454458,,,0.025457577748278212,0.019602851677454458,0.025457577748278212,0.019602851677454458,,,0.025457577748278212,0.019602851677454458
26,5,0.025457577748278212,0.019602851677454458,0.0961553288201793,0.019602851677454458,True,0.025457577748278212,0.019602851677454458,,,0.025457577748278212,0.019602851677454458,0.0961553288201793,0.019602851677454458,,,0.0961553288201793,0.019602851677454458
26,6,0.0961553288201793,0.019602851677454458,0.0961553288201793,0.019602851677454458,True,0.0961553288201793,0.019602851677454458,,,0.0961553288201793,0.019602851677454458,0.0961553288201793,0.019602851677454458,,,0.0961553288201793,0.019602851677454458
26,7,-0.0018468201023286307,0.019602851677454458,-0.0018468201023286307,0.019602851677454458,True,-0.0018468201023286307,0.019602851677454458,,,-0.0018468201023286307,0.019602851677454458,-0.0018468201023286307,0.019602851677454458,,,-0.0018468201023286307,0.019602851677454458
26,8,0.025457577748278212,0.019602851677454458,0.0961553288201793,0.019602851677454458,True,0.025457577748278212,0.019602851677454458,,,0.025457577748278212,0.019602851677454458,0.0961553288201793,0.019602851677454458,,,0.0961553288201793,0.019602851677454458
26,9,0.025457577748278212,0.019602851677454458,0.025457577748278212,0.019602851677454458,True,0.025457577748278212,0.019602851677454458,,,0.025457577748278212,0.019602851677454458,0.025457577748278212,0.019602851677454458,,,0.025457577748278212,0.019602851677454458
26,10,0.025457577748278212,0.019602851677454458,0.0961553288201793,0.019602851677454458,True,0.025457577748278212,0.019602851677454458,,,0.025457577748278212,0.019602851677454458,0.0961553288201793,0.019602851677454458,,,0.0961553288201793,0.019602851677454458
26,11,0.0961553288201793,0.019602851677454458,-0.0018468201023286307,0.019602851677454458,False,0.0961553288201793,0.019602851677454458,,,0.0961553288201793,0.019602851677454458,-0.0018468201023286307,0.019602851677454458,,,-0.0018468201023286307,0.019602851677454458
26,12,0.025457577748278212,0.019602851677454458,-0.0018468201023286307,0.019602851677454458,False,0.025457577748278212,0.019602851677454458,,,0.025457577748278212,0.019602851677454458,-0.0018468201023286307,0.019602851677454458,,,-0.0018468201023286307,0.019602851677454458
26,13,0.025457577748278212,0.019602851677454458,0.0961553288201793,0.019602851677454458,False,0.025457577748278212,0.019602851677454458,,,0.025457577748278212,0.019602851677454458,0.0961553288201793,0.019602851677454458,,,0.0961553288201793,0.019602851677454458
26,14,0.0961553288201793,0.019602851677454458,0.0961553288201793,0.019602851677454458,False,0.0961553288201793,0.019602851677454458,,,0.0961553288201793,0.019602851677454458,0.0961553288201793,0.019602851677454458,,,0.0961553288201793,0.019602851677454458
26,15,-0.0018468201023286307,0.019602851677454458,0.0961553288201793,0.019602851677454458,False,-0.0018468201023286307,0.019602851677454458,0.0,0.5676373658265943,0.5657905457242657,0.019602851677454458,0.0961553288201793,0.019602851677454458,,,0.0961553288201793,0.019602851677454458
26,16,-0.0018468201023286307,0.019602851677454458,0.0961553288201793,0.019602851677454458,True,-0.0018468201023286307,0.019602851677454458,,,-0.0018468201023286307,0.019602851677454458,0.0961553288201793,0.019602851677454458,,,0.0961553288201793,0.019602851677454458
26,17,0.025457577748278212,0.019602851677454458,0.0961553288201793,0.019602851677454458,False,0.025457577748278212,0.019602851677454458,,,0.025457577748278212,0.019602851677454458,0.0961553288201793,0.019602851677454458,,,0.0961553288201793,0.019602851677454458
26,18,-0.0018468201023286307,0.019602851677454458,0.025457577748278212,0.019602851677454458,True,-0.0018468201023286307,0.019602851677454458,,,-0.0018468201023286307,0.019602851677454458,0.025457577748278212,0.019602851677454458,,,0.025457577748278212,0.019602851677454458
26,19,0.025457577748278212,0.019602851677454458,-0.0018468201023286307,0.019602851677454458,True,0.025457577748278212,0.019602851677454458,,,0.025457577748278212,0.019602851677454458,-0.0018468201023286307,0.019602851677454458,,,-0.0018468201023286307,0.019602851677454458
26,20,0.0961553288201793,0.019602851677454458,-0.0018468201023286307,0.019602851677454458,False,0.0961553288201793,0.019602851677454458,,,0.0961553288201793,0.019602851677454458,-0.0018468201023286307,0.019602851677454458,,,-0.0018468201023286307,0.019602851677454458
26,21,0.0961553288201793,0.019602851677454458,0.025457577748278212,0.019602851677454458,True,0.0961553288201793,0.019602851677454458,,,0.0961553288201793,0.019602851677454458,0.025457577748278212,0.019602851677454458,,,0.025457577748278212,0.019602851677454458
26,22,0.0961553288201793,0.019602851677454458,0.0961553288201793,0.019602851677454458,False,0.0961553288201793,0.019602851677454458,,,0.0961553288201793,0.019602851677454458,0.0961553288201793,0.019602851677454458,,,0.0961553288201793,0.019602851677454458
26,23,-0.0018468201023286307,-0.17928610529264963,-0.0018468201023286307,0.019602851677454458,True,-0.0018468201023286307,0.019602851677454458,,,-0.0018468201023286307,0.019602851677454458,-0.0018468201023286307,-0.17928610529264963,,,-0.0018468201023286307,-0.17928610529264963
26,24,0.025457577748278212,0.019602851677454458,-0.0018468201023286307,0.019602851677454458,True,0.025457577748278212,0.019602851677454458,,,0.025457577748278212,0.019602851677454458,-0.0018468201023286307,0.019602851677454458,,,-0.0018468201023286307,0.019602851677454458
26,25,-0.0018468201023286307,0.019602851677454458,0.025457577748278212,0.019602851677454458,False,-0.0018468201023286307,0.019602851677454458,,,-0.0018468201023286307,0.019602851677454458,0.025457577748278212,0.019602851677454458,,,0.025457577748278212,0.019602851677454458
27,1,0.0961553288201793,0.019602851677454458,0.025457577748278212,0.019602851677454458,False,0.0961553288201793,0.019602851677454458,,,0.0961553288201793,0.019602851677454458,0.025457577748278212,0.019602851677454458,,,0.025457577748278212,0.019602851677454458
27,2,-0.0018468201023286307,0.019602851677454458,-0.0018468201023286307,0.019602851677454458,False,-0.0018468201023286307,0.019602851677454458,,,-0.0018468201023286307,0.019602851677454458,-0.0018468201023286307,0.019602851677454458,,,-0.0018468201023286307,0.019602851677454458
27,3,0.0961553288201793,0.019602851677454458,-0.0018468201023286307,0.019602851677454458,True,0.0961553288201793,0.019602851677454458,,,0.0961553288201793,0.019602851677454458,-0.0018468201023286307,0.019602851677454458,,,-0.0018468201023286307,0.019602851677454458
27,4,-0.0018468201023286307,0.019602851677454458,-0.0018468201023286307,0.019602851677454458,True,-0.0018468201023286307,0.019602851677454458,,,-0.0018468201023286307,0.019602851677454458,-0.0018468201023286307,0.019602851677454458,,,-0.0018468201023286307,0.019602851677454458
27,5,-0.0018468201023286307,0.019602851677454458,0.025457577748278212,0.019602851677454458,False,-0.0018468201023286307,0.019602851677454458,,,-0.0018468201023286307,0.019602851677454458,0.025457577748278212,0.019602851677454458,,,0.025457577748278212,0.019602851677454458
27,6,0.025457577748278212,0.019602851677454458,0.025457577748278212,0.019602851677454458,True,0.025457577748278212,0.019602851677454458,,,0.025457577748278212,0.019602851677454458,0.025457577748278212,0.019602851677454458,,,0.025457577748278212,0.019602851677454458
27,7,0.0961553288201793,0.019602851677454458,0.0961553288201793,0.019602851677454458,True,0.0961553288201793,0.019602851677454458,,,0.0961553288201793,0.019602851677454458,0.0961553288201793,0.019602851677454458,,,0.0961553288201793,0.019602851677454458
27,8,0.0961553288201793,0.019602851677454458,0.025457577748278212,0.019602851677454458,True,0.0961553288201793,0.019602851677454458,,,0.0961553288201793,0.019602851677454458,0.025457577748278212,0.019602851677454458,,,0.025457577748278212,0.019602851677454458
27,9,0.0961553288201793,0.019602851677454458,-0.0018468201023286307,0.019602851677454458,True,0.0961553288201793,0.019602851677454458,,,0.0961553288201793,0.019602851677454458,-0.0018468201023286307,0.019602851677454458,1.0,-1.0975918732611043,-0.0018468201023286307,-1.0779890215836498
27,10,0.025457577748278212,0.019602851677454458,-0.0018468201023286307,0.019602851677454458,False,0.025457577748278212,0.019602851677454458,,,0.025457577748278212,0.019602851677454458,-0.0018468201023286307,0.019602851677454458,,,-0.0018468201023286307,0.019602851677454458
27,11,0.025457577748278212,0.019602851677454458,0.0961553288201793,0.019602851677454458,True,0.025457577748278212,0.019602851677454458,,,0.025457577748278212,0.019602851677454458,0.0961553288201793,0.019602851677454458,1.0,0.5321560931235911,0.0961553288201793,0.5517589448010456
27,12,0.025457577748278212,0.019602851677454458,0.025457577748278212,0.019602851677454458,False,0.025457577748278212,0.019602851677454458,,,0.025457577748278212,0.019602851677454458,0.025457577748278212,0.019602851677454458,,,0.025457577748278212,0.019602851677454458
27,13,0.0961553288201793,0.019602851677454458,0.0961553288201793,0.019602851677454458,False,0.0961553288201793,0.019602851677454458,,,0.0961553288201793,0.019602851677454458,0.0961553288201793,0.019602851677454458,,,0.0961553288201793,0.019602851677454458
27,14,0.0961553288201793,0.019602851677454458,0.025457577748278212,0.019602851677454458,True,0.0961553288201793,0.019602851677454458,,,0.0961553288201793,0.019602851677454458,0.025457577748278212,0.019602851677454458,,,0.025457577748278212,0.019602851677454458
27,15,0.025457577748278212,0.019602851677454458,0.0961553288201793,0.019602851677454458,True,0.025457577748278212,0.019602851677454458,,,0.025457577748278212,0.019602851677454458,0.0961553288201793,0.019602851677454458,,,0.0961553288201793,0.019602851677454458
27,16,0.025457577748278212,0.019602851677454458,-0.0018468201023286307,0.019602851677454458,True,0.025457577748278212,0.019602851677454458,,,0.025457577748278212,0.019602851677454458,-0.0018468201023286307,0.019602851677454458,,,-0.0018468201023286307,0.019602851677454458
27,17,-0.0018468201023286307,0.019602851677454458,-0.0018468201023286307,0.019602851677454458,True,-0.0018468201023286307,0.019602851677454458,,,-0.0018468201023286307,0.019602851677454458,-0.0018468201023286307,0.019602851677454458,,,-0.0018468201023286307,0.019602851677454458
27,18,0.0961553288201793,0.019602851677454458,-0.0018468201023286307,0.019602851677454458,True,0.0961553288201793,0.019602851677454458,,,0.0961553288201793,0.019602851677454458,-0.0018468201023286307,0.019602851677454458,,,-0.0018468201023286307,0.019602851677454458
27,19,0.0961553288201793,0.019602851677454458,0.025457577748278212,0.019602851677454458,False,0.0961553288201793,0.019602851677454458,,,0.0961553288201793,0.019602851677454458,0.025457577748278212,0.019602851677454458,,,0.025457577748278212,0.019602851677454458
27,20,0.025457577748278212,0.019602851677454458,0.025457577748278212,0.019602851677454458,False,0.025457577748278212,0.019602851677454458,,,0.025457577748278212,0.019602851677454458,0.025457577748278212,0.019602851677454458,,,0.025457577748278212,0.019602851677454458
27,21,0.0961553288201793,0.019602851677454458,0.025457577748278212,0.019602851677454458,True,0.0961553288201793,0.019602851677454458,,,0.0961553288201793,0.019602851677454458,0.025457577748278212,0.019602851677454458,,,0.025457577748278212,0.019602851677454458
27,22,0.0961553288201793,0.019602851677454458,0.025457577748278212,0.019602851677454458,False,0.0961553288201793,0.019602851677454458,,,0.0961553288201793,0.019602851677454458,0.025457577748278212,0.019602851677454458,,,0.025457577748278212,0.019602851677454458
27,23,0.0961553288201793,0.019602851677454458,0.025457577748278212,0.019602851677454458,False,0.0961553288201793,0.019602851677454458,,,0.0961553288201793,0.019602851677454458,0.025457577748278212,0.019602851677454458,,,0.025457577748278212,0.019602851677454458
27,24,0.0961553288201793,0.019602851677454458,0.0961553288201793,0.019602851677454458,True,0.0961553288201793,0.019602851677454458,,,0.0961553288201793,0.019602851677454458,0.0961553288201793,0.019602851677454458,,,0.0961553288201793,0.019602851677454458
27,25,0.0961553288201793,0.019602851677454458,-0.0018468201023286307,0.019602851677454458,True,0.0961553288201793,0.019602851677454458,,,0.0961553288201793,0.019602851677454458,-0.0018468201023286307,0.019602851677454458,,,-0.0018468201023286307,0.019602851677454458
28,1,0.025457577748278212,0.019602851677454458,0.0961553288201793,0.019602851677454458,True,0.025457577748278212,0.019602851677454458,,,0.025457577748278212,0.019602851677454458,0.0961553288201793,0.019602851677454458,,,0.0961553288201793,0.019602851677454458
28,2,0.0961553288201793,0.019602851677454458,0.0961553288201793,0.019602851677454458,True,0.0961553288201793,0.019602851677454458,,,0.0961553288201793,0.019602851677454458,0.0961553288201793,0.019602851677454458,,,0.0961553288201793,0.019602851677454458
28,3,0.0961553288201793,0.019602851677454458,0.025457577748278212,0.019602851677454458,True,0.0961553288201793,0.019602851677454458,,,0.0961553288201793,0.019602851677454458,0.025457577748278212,0.019602851677454458,,,0.025457577748278212,0.019602851677454458
28,4,0.0961553288201793,0.019602851677454458,0.025457577748278212,0.019602851677454458,False,0.0961553288201793,0.019602851677454458,,,0.0961553288201793,0.019602851677454458,0.025457577748278212,0.019602851677454458,1.0,0.537861483747096,0.025457577748278212,0.5574643354245504
28,5,0.0961553288201793,0.019602851677454458,0.0961553288201793,0.019602851677454458,False,0.0961553288201793,0.019602851677454458,,,0.0961553288201793,0.019602851677454458,0.0961553288201793,0.019602851677454458,,,0.0961553288201793,0.019602851677454458
28,6,-0.0018468201023286307,0.019602851677454458,0.025457577748278212,0.019602851677454458,True,-0.0018468201023286307,0.019602851677454458,,,-0.0018468201023286307,0.019602851677454458,0.025457577748278212,0.019602851677454458,1.0,-0.7928016873001278,0.025457577748278212,-0.7731988356226733
28,7,-0.0018468201023286307,0.019602851677454458,-0.0018468201023286307,0.019602851677454458,True,-0.0018468201023286307,0.019602851677454458,,,-0.0018468201023286307,0.019602851677454458,-0.0018468201023286307,0.019602851677454458,,,-0.0018468201023286307,0.019602851677454458
28,8,0.0961553288201793,0.019602851677454458,0.025457577748278212,0.019602851677454458,True,0.0961553288201793,0.019602851677454458,,,0.0961553288201793,0.019602851677454458,0.025457577748278212,0.019602851677454458,,,0.025457577748278212,0.019602851677454458
28,9,0.025457577748278212,0.019602851677454458,0.0961553288201793,0.019602851677454458,True,0.025457577748278212,0.019602851677454458,,,0.025457577748278212,0.019602851677454458,0.0961553288201793,0.019602851677454458,,,0.0961553288201793,0.019602851677454458
28,10,0.0961553288201793,0.019602851677454458,0.0961553288201793,0.019602851677454458,True,0.0961553288201793,0.019602851677454458,,,0.0961553288201793,0.019602851677454458,0.0961553288201793,0.019602851677454458,,,0.0961553288201793,0.019602851677454458
28,11,0.025457577748278212,0.019602851677454458,-0.0018468201023286307,0.019602851677454458,True,0.025457577748278212,0.019602851677454458,,,0.025457577748278212,0.019602851677454458,-0.0018468201023286307,0.019602851677454458,,,-0.0018468201023286307,0.019602851677454458
28,12,0.025457577748278212,0.019602851677454458,0.025457577748278212,0.019602851677454458,True,0.025457577748278212,0.019602851677454458,,,0.025457577748278212,0.019602851677454458,0.025457577748278212,0.019602851677454458,,,0.025457577748278212,0.019602851677454458
28,13,0.0961553288201793,0.019602851677454458,0.025457577748278212,0.019602851677454458,True,0.0961553288201793,0.019602851677454458,0.0,0.2905994059971262,0.3867547348173055,0.019602851677454458,0.025457577748278212,0.019602851677454458,,,0.025457577748278212,0.019602851677454458
28,14,-0.0018468201023286307,0.019602851677454458,0.0961553288201793,0.019602851677454458,True,-0.0018468201023286307,0.019602851677454458,,,-0.0018468201023286307,0.019602851677454458,0.0961553288201793,0.019602851677454458,,,0.0961553288201793,0.019602851677454458
28,15,0.0961553288201793,0.019602851677454458,0.025457577748278212,0.019602851677454458,True,0.0961553288201793,0.019602851677454458,,,0.0961553288201793,0.019602851677454458,0.025457577748278212,0.019602851677454458,,,0.025457577748278212,0.019602851677454458
28,16,0.025457577748278212,0.019602851677454458,-0.0018468201023286307,0.019602851677454458,True,0.025457577748278212,0.019602851677454458,,,0.025457577748278212,0.019602851677454458,-0.0018468201023286307,0.019602851677454458,,,-0.0018468201023286307,0.019602851677454458
28,17,-0.0018468201023286307,0.019602851677454458,-0.0018468201023286307,0.019602851677454458,False,-0.0018468201023286307,0.019602851677454458,,,-0.0018468201023286307,0.019602851677454458,-0.0018468201023286307,0.019602851677454458,,,-0.0018468201023286307,0.019602851677454458
28,18,-0.0018468201023286307,0.019602851677454458,0.025457577748278212,0.019602851677454458,True,-0.0018468201023286307,0.019602851677454458,,,-0.0018468201023286307,0.019602851677454458,0.025457577748278212,0.019602851677454458,,,0.025457577748278212,0.019602851677454458
28,19,0.025457577748278212,0.019602851677454458,0.025457577748278212,0.019602851677454458,True,0.025457577748278212,0.019602851677454458,,,0.025457577748278212,0.019602851677454458,0.025457577748278212,0.019602851677454458,,,0.025457577748278212,0.019602851677454458
28,20,0.0961553288201793,0.019602851677454458,0.0961553288201793,0.019602851677454458,True,0.0961553288201793,0.019602851677454458,,,0.0961553288201793,0.019602851677454458,0.0961553288201793,0.019602851677454458,,,0.0961553288201793,0.019602851677454458
28,21,-0.0018468201023286307,0.019602851677454458,0.0961553288201793,0.019602851677454458,True,-0.0018468201023286307,0.019602851677454458,,,-0.0018468201023286307,0.019602851677454458,0.0961553288201793,0.019602851677454458,,,0.0961553288201793,0.019602851677454458
28,22,-0.0018468201023286307,0.019602851677454458,-0.0018468201023286307,0.019602851677454458,True,-0.0018468201023286307,0.019602851677454458,,,-0.0018468201023286307,0.019602851677454458,-0.0018468201023286307,0.019602851677454458,,,-0.0018468201023286307,0.019602851677454458
28,23,0.025457577748278212,0.019602851677454458,-0.0018468201023286307,0.019602851677454458,True,0.025457577748278212,0.019602851677454458,,,0.025457577748278212,0.019602851677454458,-0.0018468201023286307,0.019602851677454458,,,-0.0018468201023286307,0.019602851677454458
28,24,0.0961553288201793,0.019602851677454458,0.025457577748278212,0.019602851677454458,True,0.0961553288201793,0.019602851677454458,0.0,-0.926363930845139,-0.8302086020249597,0.019602851677454458,0.025457577748278212,0.019602851677454458,,,0.025457577748278212,0.019602851677454458
28,25,0.0961553288201793,0.019602851677454458,-0.0018468201023286307,0.019602851677454458,True,0.0961553288201793,0.019602851677454458,,,0.0961553288201793,0.019602851677454458,-0.0018468201023286307,0.019602851677454458,,,-0.0018468201023286307,0.019602851677454458
29,1,0.025457577748278212,0.019602851677454458,0.0961553288201793,0.019602851677454458,False,0.025457577748278212,0.019602851677454458,,,0.025457577748278212,0.019602851677454458,0.0961553288201793,0.019602851677454458,,,0.0961553288201793,0.019602851677454458
29,2,0.0961553288201793,0.019602851677454458,0.0961553288201793,0.019602851677454458,False,0.0961553288201793,0.019602851677454458,,,0.0961553288201793,0.019602851677454458,0.0961553288201793,0.019602851677454458,,,0.0961553288201793,0.019602851677454458
29,3,0.0961553288201793,0.019602851677454458,0.025457577748278212,0.019602851677454458,True,0.0961553288201793,0.019602851677454458,,,0.0961553288201793,0.019602851677454458,0.025457577748278212,0.019602851677454458,,,0.025457577748278212,0.019602851677454458
29,4,0.025457577748278212,0.019602851677454458,0.0961553288201793,0.019602851677454458,True,0.025457577748278212,0.019602851677454458,,,0.025457577748278212,0.019602851677454458,0.0961553288201793,0.019602851677454458,,,0.0961553288201793,0.019602851677454458
29,5,0.0961553288201793,0.019602851677454458,0.0961553288201793,0.019602851677454458,False,0.0961553288201793,0.019602851677454458,,,0.0961553288201793,0.019602851677454458,0.0961553288201793,0.019602851677454458,,,0.0961553288201793,0.019602851677454458
29,6,0.025457577748278212,0.019602851677454458,-0.0018468201023286307,0.019602851677454458,False,0.025457577748278212,0.019602851677454458,,,0.025457577748278212,0.019602851677454458,-0.0018468201023286307,0.019602851677454458,,,-0.0018468201023286307,0.019602851677454458
29,7,0.0961553288201793,0.019602851677454458,0.025457577748278212,0.019602851677454458,True,0.0961553288201793,0.019602851677454458,,,0.0961553288201793,0.019602851677454458,0.025457577748278212,0.019602851677454458,,,0.025457577748278212,0.019602851677454458
29,8,0.025457577748278212,0.019602851677454458,-0.0018468201023286307,0.019602851677454458,True,0.025457577748278212,0.019602851677454458,,,0.025457577748278212,0.019602851677454458,-0.0018468201023286307,0.019602851677454458,,,-0.0018468201023286307,0.019602851677454458
29,9,-0.0018468201023286307,0.019602851677454458,-0.0018468201023286307,0.019602851677454458,True,-0.0018468201023286307,0.019602851677454458,,,-0.0018468201023286307,0.019602851677454458,-0.0018468201023286307,0.019602851677454458,,,-0.0018468201023286307,0.019602851677454458
29,10,0.0961553288201793,0.019602851677454458,0.025457577748278212,0.019602851677454458,True,0.0961553288201793,0.019602851677454458,,,0.0961553288201793,0.019602851677454458,0.025457577748278212,0.019602851677454458,,,0.025457577748278212,0.019602851677454458
29,11,0.0961553288201793,0.019602851677454458,-0.0018468201023286307,0.019602851677454458,False,0.0961553288201793,0.019602851677454458,,,0.0961553288201793,0.019602851677454458,-0.0018468201023286307,0.019602851677454458,,,-0.0018468201023286307,0.019602851677454458
29,12,-0.0018468201023286307,0.019602851677454458,-0.0018468201023286307,0.019602851677454458,True,-0.0018468201023286307,0.019602851677454458,,,-0.0018468201023286307,0.019602851677454458,-0.0018468201023286307,0.019602851677454458,,,-0.0018468201023286307,0.019602851677454458
29,13,0.0961553288201793,0.019602851677454458,0.025457577748278212,0.019602851677454458,False,0.0961553288201793,0.019602851677454458,,,0.0961553288201793,0.019602851677454458,0.025457577748278212,0.019602851677454458,,,0.025457577748278212,0.019602851677454458
29,14,0.0961553288201793,0.019602851677454458,0.0961553288201793,0.019602851677454458,True,0.0961553288201793,0.019602851677454458,,,0.0961553288201793,0.019602851677454458,0.0961553288201793,0.019602851677454458,,,0.0961553288201793,0.019602851677454458
29,15,0.0961553288201793,0.019602851677454458,0.0961553288201793,0.019602851677454458,True,0.0961553288201793,0.019602851677454458,,,0.0961553288201793,0.019602851677454458,0.0961553288201793,0.019602851677454458,,,0.0961553288201793,0.019602851677454458
29,16,-0.0018468201023286307,0.019602851677454458,0.025457577748278212,0.019602851677454458,False,-0.0018468201023286307,0.019602851677454458,,,-0.0018468201023286307,0.019602851677454458,0.025457577748278212,0.019602851677454458,,,0.025457577748278212,0.019602851677454458
29,17,0.025457577748278212,0.019602851677454458,0.0961553288201793,0.019602851677454458,True,0.025457577748278212,0.019602851677454458,,,0.025457577748278212,0.019602851677454458,0.0961553288201793,0.019602851677454458,0.0,-0.08928598394692684,0.006869344873252456,0.019602851677454458
29,18,0.025457577748278212,0.019602851677454458,0.025457577748278212,0.019602851677454458,True,0.025457577748278212,0.019602851677454458,,,0.025457577748278212,0.019602851677454458,0.025457577748278212,0.019602851677454458,,,0.025457577748278212,0.019602851677454458
29,19,-0.0018468201023286307,0.019602851677454458,-0.0018468201023286307,0.019602851677454458,True,-0.0018468201023286307,0.019602851677454458,,,-0.0018468201023286307,0.019602851677454458,-0.0018468201023286307,0.019602851677454458,,,-0.0018468201023286307,0.019602851677454458
29,20,-0.0018468201023286307,0.019602851677454458,-0.0018468201023286307,0.019602851677454458,True,-0.0018468201023286307,0.019602851677454458,,,-0.0018468201023286307,0.019602851677454458,-0.0018468201023286307,0.019602851677454458,,,-0.0018468201023286307,0.019602851677454458
29,21,0.0961553288201793,0.019602851677454458,0.025457577748278212,0.019602851677454458,True,0.0961553288201793,0.019602851677454458,,,0.0961553288201793,0.019602851677454458,0.025457577748278212,0.019602851677454458,,,0.025457577748278212,0.019602851677454458
29,22,0.025457577748278212,0.019602851677454458,0.025457577748278212,0.019602851677454458,True,0.025457577748278212,0.019602851677454458,,,0.025457577748278212,0.019602851677454458,0.025457577748278212,0.019602851677454458,,,0.025457577748278212,0.019602851677454458
29,23,0.0961553288201793,0.019602851677454458,0.0961553288201793,0.019602851677454458,True,0.0961553288201793,0.019602851677454458,,,0.0961553288201793,0.019602851677454458,0.0961553288201793,0.019602851677454458,1.0,-0.33648550886373235,0.0961553288201793,-0.3168826571862779
29,24,-0.0018468201023286307,0.019602851677454458,0.025457577748278212,0.019602851677454458,False,-0.0018468201023286307,0.019602851677454458,,,-0.0018468201023286307,0.019602851677454458,0.025457577748278212,0.019602851677454458,,,0.025457577748278212,0.019602851677454458
29,25,0.025457577748278212,0.019602851677454458,0.025457577748278212,0.019602851677454458,True,0.025457577748278212,0.019602851677454458,,,0.025457577748278212,0.019602851677454458,0.025457577748278212,0.019602851677454458,,,0.025457577748278212,0.019602851677454458
30,1,0.025457577748278212,0.019602851677454458,-0.0018468201023286307,0.019602851677454458,True,0.025457577748278212,0.019602851677454458,,,0.025457577748278212,0.019602851677454458,-0.0018468201023286307,0.019602851677454458,,,-0.0018468201023286307,0.019602851677454458
30,2,0.025457577748278212,0.019602851677454458,0.025457577748278212,0.019602851677454458,True,0.025457577748278212,0.019602851677454458,,,0.025457577748278212,0.019602851677454458,0.025457577748278212,0.019602851677454458,,,0.025457577748278212,0.019602851677454458
30,3,0.0961553288201793,0.019602851677454458,0.0961553288201793,0.019602851677454458,True,0.0961553288201793,0.019602851677454458,,,0.0961553288201793,0.019602851677454458,0.0961553288201793,0.019602851677454458,,,0.0961553288201793,0.019602851677454458
30,4,-0.0018468201023286307,0.019602851677454458,0.025457577748278212,0.019602851677454458,True,-0.0018468201023286307,0.019602851677454458,,,-0.0018468201023286307,0.019602851677454458,0.025457577748278212,0.019602851677454458,,,0.025457577748278212,0.019602851677454458
30,5,0.0961553288201793,0.019602851677454458,0.025457577748278212,0.019602851677454458,True,0.0961553288201793,0.019602851677454458,,,0.0961553288201793,0.019602851677454458,0.025457577748278212,0.019602851677454458,,,0.025457577748278212,0.019602851677454458
30,6,-0.0018468201023286307,0.019602851677454458,0.025457577748278212,0.019602851677454458,True,-0.0018468201023286307,0.019602851677454458,,,-0.0018468201023286307,0.019602851677454458,0.025457577748278212,0.019602851677454458,,,0.025457577748278212,0.019602851677454458
30,7,0.025457577748278212,0.019602851677454458,-0.0018468201023286307,0.019602851677454458,True,0.025457577748278212,0.019602851677454458,,,0.025457577748278212,0.019602851677454458,-0.0018468201023286307,0.019602851677454458,,,-0.0018468201023286307,0.019602851677454458
30,8,-0.0018468201023286307,0.019602851677454458,-0.0018468201023286307,0.019602851677454458,True,-0.0018468201023286307,0.019602851677454458,,,-0.0018468201023286307,0.019602851677454458,-0.0018468201023286307,0.019602851677454458,,,-0.0018468201023286307,0.019602851677454458
30,9,-0.0018468201023286307,0.019602851677454458,0.0961553288201793,0.019602851677454458,True,-0.0018468201023286307,0.019602851677454458,,,-0.0018468201023286307,0.019602851677454458,0.0961553288201793,0.019602851677454458,,,0.0961553288201793,0.019602851677454458
30,10,0.0961553288201793,0.019602851677454458,0.0961553288201793,0.019602851677454458,True,0.0961553288201793,0.019602851677454458,,,0.0961553288201793,0.019602851677454458,0.0961553288201793,0.019602851677454458,1.0,-0.8297984191632023,0.0961553288201793,-0.8101955674857478
30,11,0.0961553288201793,0.019602851677454458,0.0961553288201793,0.019602851677454458,True,0.0961553288201793,0.019602851677454458,,,0.0961553288201793,0.019602851677454458,0.0961553288201793,0.019602851677454458,,,0.0961553288201793,0.019602851677454458
30,12,0.025457577748278212,0.019602851677454458,0.025457577748278212,0.019602851677454458,False,0.025457577748278212,0.019602851677454458,,,0.025457577748278212,0.019602851677454458,0.025457577748278212,0.019602851677454458,,,0.025457577748278212,0.019602851677454458
30,13,0.025457577748278212,0.019602851677454458,-0.0018468201023286307,0.019602851677454458,True,0.025457577748278212,0.019602851677454458,,,0.025457577748278212,0.019602851677454458,-0.0018468201023286307,0.019602851677454458,,,-0.0018468201023286307,0.019602851677454458
30,14,0.0961553288201793,0.019602851677454458,0.025457577748278212,0.019602851677454458,True,0.0961553288201793,0.019602851677454458,,,0.0961553288201793,0.019602851677454458,0.025457577748278212,0.019602851677454458,,,0.025457577748278212,0.019602851677454458
30,15,0.0961553288201793,0.019602851677454458,0.025457577748278212,0.019602851677454458,False,0.0961553288201793,0.019602851677454458,,,0.0961553288201793,0.019602851677454458,0.025457577748278212,0.019602851677454458,,,0.025457577748278212,0.019602851677454458
30,16,0.0961553288201793,0.019602851677454458,0.025457577748278212,0.019602851677454458,True,0.0961553288201793,0.019602851677454458,,,0.0961553288201793,0.019602851677454458,0.025457577748278212,0.019602851677454458,,,0.025457577748278212,0.019602851677454458
30,17,0.025457577748278212,0.019602851677454458,0.025457577748278212,0.019602851677454458,True,0.025457577748278212,0.019602851677454458,,,0.025457577748278212,0.019602851677454458,0.025457577748278212,0.019602851677454458,,,0.025457577748278212,0.019602851677454458
30,18,0.025457577748278212,0.019602851677454458,0.0961553288201793,0.019602851677454458,True,0.025457577748278212,0.019602851677454458,,,0.025457577748278212,0.019602851677454458,0.0961553288201793,0.019602851677454458,,,0.0961553288201793,0.019602851677454458
30,19,0.0961553288201793,0.019602851677454458,-0.0018468201023286307,0.019602851677454458,False,0.0961553288201793,0.019602851677454458,,,0.0961553288201793,0.019602851677454458,-0.0018468201023286307,0.019602851677454458,,,-0.0018468201023286307,0.019602851677454458
30,20,0.025457577748278212,0.019602851677454458,-0.0018468201023286307,0.019602851677454458,True,0.025457577748278212,0.019602851677454458,,,0.025457577748278212,0.019602851677454458,-0.0018468201023286307,0.019602851677454458,,,-0.0018468201023286307,0.019602851677454458
30,21,0.025457577748278212,0.019602851677454458,0.025457577748278212,0.019602851677454458,True,0.025457577748278212,0.019602851677454458,,,0.025457577748278212,0.019602851677454458,0.025457577748278212,0.019602851677454458,,,0.025457577748278212,0.019602851677454458
30,22,-0.0018468201023286307,0.019602851677454458,0.025457577748278212,0.019602851677454458,True,-0.0018468201023286307,0.019602851677454458,,,-0.0018468201023286307,0.019602851677454458,0.025457577748278212,0.019602851677454458,,,0.025457577748278212,0.019602851677454458
30,23,-0.0018468201023286307,0.019602851677454458,0.0961553288201793,0.019602851677454458,True,-0.0018468201023286307,0.019602851677454458,,,-0.0018468201023286307,0.019602851677454458,0.0961553288201793,0.019602851677454458,,,0.0961553288201793,0.019602851677454458
30,24,0.0961553288201793,0.019602851677454458,0.0961553288201793,0.019602851677454458,True,0.0961553288201793,0.019602851677454458,,,0.0961553288201793,0.019602851677454458,0.0961553288201793,0.019602851677454458,,,0.0961553288201793,0.019602851677454458
30,25,0.0961553288201793,0.019602851677454458,-0.0018468201023286307,0.019602851677454458,True,0.0961553288201793,0.019602851677454458,,,0.0961553288201793,0.019602851677454458,-0.0018468201023286307,0.019602851677454458,,,-0.0018468201023286307,0.019602851677454458
31,1,0.025457577748278212,0.019602851677454458,-0.0018468201023286307,0.019602851677454458,True,0.025457577748278212,0.019602851677454458,,,0.025457577748278212,0.019602851677454458,-0.0018468201023286307,0.019602851677454458,,,-0.0018468201023286307,0.019602851677454458
31,2,-0.0018468201023286307,0.019602851677454458,0.025457577748278212,0.019602851677454458,True,-0.0018468201023286307,0.019602851677454458,,,-0.0018468201023286307,0.019602851677454458,0.025457577748278212,0.019602851677454458,,,0.025457577748278212,0.019602851677454458
31,3,0.025457577748278212,0.019602851677454458,-0.0018468201023286307,0.019602851677454458,True,0.025457577748278212,0.019602851677454458,,,0.025457577748278212,0.019602851677454458,-0.0018468201023286307,0.019602851677454458,,,-0.0018468201023286307,0.019602851677454458
31,4,-0.0018468201023286307,0.019602851677454458,0.025457577748278212,0.019602851677454458,True,-0.0018468201023286307,0.019602851677454458,,,-0.0018468201023286307,0.019602851677454458,0.025457577748278212,0.019602851677454458,,,0.025457577748278212,0.019602851677454458
31,5,0.025457577748278212,0.019602851677454458,-0.0018468201023286307,0.019602851677454458,True,0.025457577748278212,0.019602851677454458,,,0.025457577748278212,0.019602851677454458,-0.0018468201023286307,0.019602851677454458,,,-0.0018468201023286307,0.019602851677454458
31,6,0.025457577748278212,0.019602851677454458,0.0961553288201793,0.019602851677454458,False,0.025457577748278212,0.019602851677454458,,,0.025457577748278212,0.019602851677454458,0.0961553288201793,0.019602851677454458,,,0.0961553288201793,0.019602851677454458
31,7,-0.0018468201023286307,0.019602851677454458,0.025457577748278212,0.019602851677454458,True,-0.0018468201023286307,0.019602851677454458,1.0,1.2231589294551617,-0.0018468201023286307,1.2427617811326162,0.025457577748278212,0.019602851677454458,,,0.025457577748278212,0.019602851677454458
31,8,-0.0018468201023286307,0.019602851677454458,0.0961553288201793,0.019602851677454458,True,-0.0018468201023286307,0.019602851677454458,,,-0.0018468201023286307,0.019602851677454458,0.0961553288201793,0.019602851677454458,,,0.0961553288201793,0.019602851677454458
31,9,0.025457577748278212,0.019602851677454458,-0.0018468201023286307,0.019602851677454458,True,0.025457577748278212,0.019602851677454458,,,0.025457577748278212,0.019602851677454458,-0.0018468201023286307,0.019602851677454458,,,-0.0018468201023286307,0.019602851677454458
31,10,0.025457577748278212,0.019602851677454458,-0.0018468201023286307,0.019602851677454458,True,0.025457577748278212,0.019602851677454458,,,0.025457577748278212,0.019602851677454458,-0.0018468201023286307,0.019602851677454458,0.0,-0.550810914787131,-0.5526577348894596,0.019602851677454458
31,11,0.025457577748278212,0.019602851677454458,-0.0018468201023286307,0.019602851677454458,True,0.025457577748278212,0.019602851677454458,,,0.025457577748278212,0.019602851677454458,-0.0018468201023286307,0.019602851677454458,,,-0.0018468201023286307,0.019602851677454458
31,12,-0.0018468201023286307,0.019602851677454458,-0.0018468201023286307,0.019602851677454458,True,-0.0018468201023286307,0.019602851677454458,,,-0.0018468201023286307,0.019602851677454458,-0.0018468201023286307,0.019602851677454458,,,-0.0018468201023286307,0.019602851677454458
31,13,0.0961553288201793,0.019602851677454458,0.025457577748278212,0.019602851677454458,True,0.0961553288201793,0.019602851677454458,,,0.0961553288201793,0.019602851677454458,0.025457577748278212,0.019602851677454458,,,0.025457577748278212,0.019602851677454458
31,14,0.025457577748278212,0.019602851677454458,0.025457577748278212,0.019602851677454458,True,0.025457577748278212,0.019602851677454458,,,0.025457577748278212,0.019602851677454458,0.025457577748278212,0.019602851677454458,,,0.025457577748278212,0.019602851677454458
31,15,0.025457577748278212,0.019602851677454458,0.025457577748278212,0.019602851677454458,False,0.025457577748278212,0.019602851677454458,,,0.025457577748278212,0.019602851677454458,0.025457577748278212,0.019602851677454458,,,0.025457577748278212,0.019602851677454458
31,16,0.025457577748278212,0.019602851677454458,0.0961553288201793,0.019602851677454458,True,0.025457577748278212,0.019602851677454458,,,0.025457577748278212,0.019602851677454458,0.0961553288201793,0.019602851677454458,,,0.0961553288201793,0.019602851677454458
31,17,-0.0018468201023286307,0.019602851677454458,-0.0018468201023286307,0.019602851677454458,True,-0.0018468201023286307,0.019602851677454458,,,-0.0018468201023286307,0.019602851677454458,-0.0018468201023286307,0.019602851677454458,,,-0.0018468201023286307,0.019602851677454458
31,18,0.0961553288201793,0.019602851677454458,0.025457577748278212,0.019602851677454458,True,0.0961553288201793,0.019602851677454458,,,0.0961553288201793,0.019602851677454458,0.025457577748278212,0.019602851677454458,,,0.025457577748278212,0.019602851677454458
31,19,0.0961553288201793,0.019602851677454458,0.025457577748278212,0.019602851677454458,False,0.0961553288201793,0.019602851677454458,,,0.0961553288201793,0.019602851677454458,0.025457577748278212,0.019602851677454458,,,0.025457577748278212,0.019602851677454458
31,20,0.0961553288201793,0.019602851677454458,0.025457577748278212,0.019602851677454458,True,0.0961553288201793,0.019602851677454458,,,0.0961553288201793,0.019602851677454458,0.025457577748278212,0.019602851677454458,,,0.025457577748278212,0.019602851677454458
31,21,0.0961553288201793,0.019602851677454458,0.025457577748278212,0.019602851677454458,True,0.0961553288201793,0.019602851677454458,,,0.0961553288201793,0.019602851677454458,0.025457577748278212,0.019602851677454458,,,0.025457577748278212,0.019602851677454458
31,22,0.025457577748278212,0.019602851677454458,0.025457577748278212,0.019602851677454458,True,0.025457577748278212,0.019602851677454458,,,0.025457577748278212,0.019602851677454458,0.025457577748278212,0.019602851677454458,1.0,-0.17876505427726752,0.025457577748278212,-0.15916220259981306
31,23,0.025457577748278212,0.019602851677454458,-0.0018468201023286307,0.019602851677454458,True,0.025457577748278212,0.019602851677454458,,,0.025457577748278212,0.019602851677454458,-0.0018468201023286307,0.019602851677454458,,,-0.0018468201023286307,0.019602851677454458
31,24,0.0961553288201793,0.019602851677454458,0.025457577748278212,0.019602851677454458,True,0.0961553288201793,0.019602851677454458,,,0.0961553288201793,0.019602851677454458,0.025457577748278212,0.019602851677454458,,,0.025457577748278212,0.019602851677454458
31,25,0.025457577748278212,0.019602851677454458,-0.0018468201023286307,0.019602851677454458,True,0.025457577748278212,0.019602851677454458,,,0.025457577748278212,0.019602851677454458,-0.0018468201023286307,0.019602851677454458,,,-0.0018468201023286307,0.019602851677454458
32,1,0.0961553288201793,0.019602851677454458,-0.0018468201023286307,0.019602851677454458,True,0.0961553288201793,0.019602851677454458,,,0.0961553288201793,0.019602851677454458,-0.0018468201023286307,0.019602851677454458,,,-0.0018468201023286307,0.019602851677454458
32,2,0.025457577748278212,0.019602851677454458,0.025457577748278212,0.019602851677454458,False,0.025457577748278212,0.019602851677454458,,,0.025457577748278212,0.019602851677454458,0.025457577748278212,0.019602851677454458,,,0.025457577748278212,0.019602851677454458
32,3,0.025457577748278212,0.019602851677454458,0.025457577748278212,0.019602851677454458,False,0.025457577748278212,0.019602851677454458,,,0.025457577748278212,0.019602851677454458,0.025457577748278212,0.019602851677454458,,,0.025457577748278212,0.019602851677454458
32,4,0.025457577748278212,0.019602851677454458,0.0961553288201793,0.019602851677454458,True,0.025457577748278212,0.019602851677454458,,,0.025457577748278212,0.019602851677454458,0.0961553288201793,0.019602851677454458,,,0.0961553288201793,0.019602851677454458
32,5,0.025457577748278212,0.019602851677454458,0.025457577748278212,0.019602851677454458,True,0.025457577748278212,0.019602851677454458,,,0.025457577748278212,0.019602851677454458,0.025457577748278212,0.019602851677454458,,,0.025457577748278212,0.019602851677454458
32,6,0.0961553288201793,0.019602851677454458,0.025457577748278212,0.019602851677454458,True,0.0961553288201793,0.019602851677454458,,,0.0961553288201793,0.019602851677454458,0.025457577748278212,0.019602851677454458,,,0.025457577748278212,0.019602851677454458
32,7,0.0961553288201793,0.019602851677454458,0.025457577748278212,0.019602851677454458,False,0.0961553288201793,0.019602851677454458,,,0.0961553288201793,0.019602851677454458,0.025457577748278212,0.019602851677454458,,,0.025457577748278212,0.019602851677454458
32,8,0.025457577748278212,0.019602851677454458,0.025457577748278212,0.019602851677454458,False,0.025457577748278212,0.019602851677454458,,,0.025457577748278212,0.019602851677454458,0.025457577748278212,0.019602851677454458,,,0.025457577748278212,0.019602851677454458
32,9,0.025457577748278212,0.019602851677454458,0.025457577748278212,0.019602851677454458,True,0.025457577748278212,0.019602851677454458,0.0,-0.015677350338250896,0.009780227410027317,0.019602851677454458,0.025457577748278212,0.019602851677454458,,,0.025457577748278212,0.019602851677454458
32,10,0.025457577748278212,0.019602851677454458,0.025457577748278212,0.019602851677454458,True,0.025457577748278212,0.019602851677454458,,,0.025457577748278212,0.019602851677454458,0.025457577748278212,0.019602851677454458,0.0,0.44470672826226265,0.4701643060105409,0.019602851677454458
32,11,-0.0018468201023286307,0.019602851677454458,-0.0018468201023286307,0.019602851677454458,True,-0.0018468201023286307,0.019602851677454458,,,-0.0018468201023286307,0.019602851677454458,-0.0018468201023286307,0.019602851677454458,,,-0.0018468201023286307,0.019602851677454458
32,12,-0.0018468201023286307,0.019602851677454458,0.025457577748278212,0.019602851677454458,True,-0.0018468201023286307,0.019602851677454458,,,-0.0018468201023286307,0.019602851677454458,0.025457577748278212,0.019602851677454458,,,0.025457577748278212,0.019602851677454458
32,13,-0.0018468201023286307,0.019602851677454458,0.0961553288201793,0.019602851677454458,True,-0.0018468201023286307,0.019602851677454458,,,-0.0018468201023286307,0.019602851677454458,0.0961553288201793,0.019602851677454458,,,0.0961553288201793,0.019602851677454458
32,14,0.025457577748278212,0.019602851677454458,-0.0018468201023286307,0.019602851677454458,False,0.025457577748278212,0.019602851677454458,,,0.025457577748278212,0.019602851677454458,-0.0018468201023286307,0.019602851677454458,,,-0.0018468201023286307,0.019602851677454458
32,15,-0.0018468201023286307,0.019602851677454458,-0.0018468201023286307,0.019602851677454458,True,-0.0018468201023286307,0.019602851677454458,,,-0.0018468201023286307,0.019602851677454458,-0.0018468201023286307,0.019602851677454458,,,-0.0018468201023286307,0.019602851677454458
32,16,0.0961553288201793,0.019602851677454458,0.025457577748278212,0.019602851677454458,False,0.0961553288201793,0.019602851677454458,,,0.0961553288201793,0.019602851677454458,0.025457577748278212,0.019602851677454458,,,0.025457577748278212,0.019602851677454458
32,17,0.025457577748278212,0.019602851677454458,0.025457577748278212,0.019602851677454458,False,0.025457577748278212,0.019602851677454458,,,0.025457577748278212,0.019602851677454458,0.025457577748278212,0.019602851677454458,,,0.025457577748278212,0.019602851677454458
32,18,0.025457577748278212,0.019602851677454458,-0.0018468201023286307,0.019602851677454458,True,0.025457577748278212,0.019602851677454458,,,0.025457577748278212,0.019602851677454458,-0.0018468201023286307,0.019602851677454458,,,-0.0018468201023286307,0.019602851677454458
32,19,0.0961553288201793,0.019602851677454458,-0.0018468201023286307,0.019602851677454458,True,0.0961553288201793,0.019602851677454458,,,0.0961553288201793,0.019602851677454458,-0.0018468201023286307,0.019602851677454458,,,-0.0018468201023286307,0.019602851677454458
32,20,-0.0018468201023286307,0.019602851677454458,0.025457577748278212,0.019602851677454458,True,-0.0018468201023286307,0.019602851677454458,,,-0.0018468201023286307,0.019602851677454458,0.025457577748278212,0.019602851677454458,,,0.025457577748278212,0.019602851677454458
32,21,0.025457577748278212,0.019602851677454458,-0.0018468201023286307,0.019602851677454458,False,0.025457577748278212,0.019602851677454458,,,0.025457577748278212,0.019602851677454458,-0.0018468201023286307,0.019602851677454458,,,-0.0018468201023286307,0.019602851677454458
32,22,-0.0018468201023286307,0.019602851677454458,0.025457577748278212,0.019602851677454458,True,-0.0018468201023286307,0.019602851677454458,,,-0.0018468201023286307,0.019602851677454458,0.025457577748278212,0.019602851677454458,,,0.025457577748278212,0.019602851677454458
32,23,0.025457577748278212,0.019602851677454458,-0.0018468201023286307,0.019602851677454458,True,0.025457577748278212,0.019602851677454458,,,0.025457577748278212,0.019602851677454458,-0.0018468201023286307,0.019602851677454458,,,-0.0018468201023286307,0.019602851677454458
32,24,0.025457577748278212,0.019602851677454458,0.025457577748278212,0.019602851677454458,True,0.025457577748278212,0.019602851677454458,,,0.025457577748278212,0.019602851677454458,0.025457577748278212,0.019602851677454458,,,0.025457577748278212,0.019602851677454458
32,25,-0.0018468201023286307,0.019602851677454458,0.025457577748278212,0.019602851677454458,True,-0.0018468201023286307,0.019602851677454458,,,-0.0018468201023286307,0.019602851677454458,0.025457577748278212,0.019602851677454458,,,0.025457577748278212,0.019602851677454458
33,1,-0.0018468201023286307,0.019602851677454458,-0.0018468201023286307,0.019602851677454458,True,-0.0018468201023286307,0.019602851677454458,,,-0.0018468201023286307,0.019602851677454458,-0.0018468201023286307,0.019602851677454458,,,-0.0018468201023286307,0.019602851677454458
33,2,0.025457577748278212,0.019602851677454458,0.025457577748278212,0.019602851677454458,True,0.025457577748278212,0.019602851677454458,,,0.025457577748278212,0.019602851677454458,0.025457577748278212,0.019602851677454458,,,0.025457577748278212,0.019602851677454458
33,3,0.0961553288201793,0.019602851677454458,-0.0018468201023286307,0.019602851677454458,True,0.0961553288201793,0.019602851677454458,,,0.0961553288201793,0.019602851677454458,-0.0018468201023286307,0.019602851677454458,,,-0.0018468201023286307,0.019602851677454458
33,4,-0.0018468201023286307,0.019602851677454458,0.025457577748278212,0.019602851677454458,False,-0.0018468201023286307,0.019602851677454458,,,-0.0018468201023286307,0.019602851677454458,0.025457577748278212,0.019602851677454458,,,0.025457577748278212,0.019602851677454458
33,5,0.025457577748278212,0.019602851677454458,0.025457577748278212,0.019602851677454458,True,0.025457577748278212,0.019602851677454458,,,0.025457577748278212,0.019602851677454458,0.025457577748278212,0.019602851677454458,,,0.025457577748278212,0.019602851677454458
33,6,-0.0018468201023286307,0.019602851677454458,0.025457577748278212,0.019602851677454458,True,-0.0018468201023286307,0.019602851677454458,,,-0.0018468201023286307,0.019602851677454458,0.025457577748278212,0.019602851677454458,,,0.025457577748278212,0.019602851677454458
33,7,0.009780227410027317,0.019602851677454458,-0.0018468201023286307,0.019602851677454458,True,0.009780227410027317,0.019602851677454458,,,0.009780227410027317,0.019602851677454458,-0.0018468201023286307,0.019602851677454458,,,-0.0018468201023286307,0.019602851677454458
33,8,-0.0018468201023286307,0.019602851677454458,-0.0018468201023286307,0.019602851677454458,True,-0.0018468201023286307,0.019602851677454458,,,-0.0018468201023286307,0.019602851677454458,-0.0018468201023286307,0.019602851677454458,,,-0.0018468201023286307,0.019602851677454458
33,9,0.0961553288201793,0.019602851677454458,0.0961553288201793,0.019602851677454458,True,0.0961553288201793,0.019602851677454458,,,0.0961553288201793,0.019602851677454458,0.0961553288201793,0.019602851677454458,,,0.0961553288201793,0.019602851677454458
33,10,0.025457577748278212,0.019602851677454458,0.025457577748278212,0.019602851677454458,False,0.025457577748278212,0.019602851677454458,,,0.025457577748278212,0.019602851677454458,0.025457577748278212,0.019602851677454458,,,0.025457577748278212,0.019602851677454458
33,11,0.0961553288201793,0.019602851677454458,0.025457577748278212,0.019602851677454458,False,0.0961553288201793,0.019602851677454458,,,0.0961553288201793,0.019602851677454458,0.025457577748278212,0.019602851677454458,,,0.025457577748278212,0.019602851677454458
33,12,-0.0018468201023286307,0.019602851677454458,0.025457577748278212,0.019602851677454458,False,-0.0018468201023286307,0.019602851677454458,,,-0.0018468201023286307,0.019602851677454458,0.025457577748278212,0.019602851677454458,,,0.025457577748278212,0.019602851677454458
33,13,-0.0018468201023286307,0.019602851677454458,0.009780227410027317,0.019602851677454458,True,-0.0018468201023286307,0.019602851677454458,,,-0.0018468201023286307,0.019602851677454458,0.009780227410027317,0.019602851677454458,,,0.009780227410027317,0.019602851677454458
33,14,-0.0018468201023286307,0.019602851677454458,0.0961553288201793,0.019602851677454458,True,-0.0018468201023286307,0.019602851677454458,,,-0.0018468201023286307,0.019602851677454458,0.0961553288201793,0.019602851677454458,,,0.0961553288201793,0.019602851677454458
33,15,-0.0018468201023286307,0.019602851677454458,-0.0018468201023286307,0.019602851677454458,True,-0.0018468201023286307,0.019602851677454458,,,-0.0018468201023286307,0.019602851677454458,-0.0018468201023286307,0.019602851677454458,,,-0.0018468201023286307,0.019602851677454458
33,16,0.025457577748278212,0.019602851677454458,0.025457577748278212,0.019602851677454458,True,0.025457577748278212,0.019602851677454458,,,0.025457577748278212,0.019602851677454458,0.025457577748278212,0.019602851677454458,,,0.025457577748278212,0.019602851677454458
33,17,0.025457577748278212,0.019602851677454458,0.025457577748278212,0.019602851677454458,False,0.025457577748278212,0.019602851677454458,,,0.025457577748278212,0.019602851677454458,0.025457577748278212,0.019602851677454458,0.0,0.00442265334847286,0.029880231096751073,0.019602851677454458
33,18,0.025457577748278212,0.019602851677454458,0.009780227410027317,0.019602851677454458,False,0.025457577748278212,0.019602851677454458,,,0.025457577748278212,0.019602851677454458,0.009780227410027317,0.019602851677454458,,,0.009780227410027317,0.019602851677454458
33,19,0.025457577748278212,0.019602851677454458,-0.0018468201023286307,0.019602851677454458,False,0.025457577748278212,0.019602851677454458,0.0,0.6047603512214431,0.6302179289697213,0.019602851677454458,-0.0018468201023286307,0.019602851677454458,,,-0.0018468201023286307,0.019602851677454458
33,20,0.025457577748278212,0.019602851677454458,0.025457577748278212,0.019602851677454458,False,0.025457577748278212,0.019602851677454458,,,0.025457577748278212,0.019602851677454458,0.025457577748278212,0.019602851677454458,,,0.025457577748278212,0.019602851677454458
33,21,-0.0018468201023286307,0.019602851677454458,-0.0018468201023286307,0.019602851677454458,True,-0.0018468201023286307,0.019602851677454458,,,-0.0018468201023286307,0.019602851677454458,-0.0018468201023286307,0.019602851677454458,,,-0.0018468201023286307,0.019602851677454458
33,22,0.025457577748278212,0.019602851677454458,0.0961553288201793,0.019602851677454458,True,0.025457577748278212,0.019602851677454458,,,0.025457577748278212,0.019602851677454458,0.0961553288201793,0.019602851677454458,,,0.0961553288201793,0.019602851677454458
33,23,0.025457577748278212,0.019602851677454458,0.025457577748278212,0.019602851677454458,True,0.025457577748278212,0.019602851677454458,1.0,0.11305400502218566,0.025457577748278212,0.1326568566996401,0.025457577748278212,0.019602851677454458,,,0.025457577748278212,0.019602851677454458
33,24,0.025457577748278212,0.019602851677454458,-0.0018468201023286307,0.019602851677454458,True,0.025457577748278212,0.019602851677454458,,,0.025457577748278212,0.019602851677454458,-0.0018468201023286307,0.019602851677454458,,,-0.0018468201023286307,0.019602851677454458
33,25,0.025457577748278212,0.019602851677454458,0.0961553288201793,0.019602851677454458,True,0.025457577748278212,0.019602851677454458,,,0.025457577748278212,0.019602851677454458,0.0961553288201793,0.019602851677454458,,,0.0961553288201793,0.019602851677454458
34,1,0.025457577748278212,0.019602851677454458,-0.0018468201023286307,0.019602851677454458,True,0.025457577748278212,0.019602851677454458,,,0.025457577748278212,0.019602851677454458,-0.0018468201023286307,0.019602851677454458,,,-0.0018468201023286307,0.019602851677454458
34,2,0.0961553288201793,0.019602851677454458,0.025457577748278212,0.019602851677454458,False,0.0961553288201793,0.019602851677454458,,,0.0961553288201793,0.019602851677454458,0.025457577748278212,0.019602851677454458,,,0.025457577748278212,0.019602851677454458
34,3,0.025457577748278212,0.019602851677454458,-0.0018468201023286307,0.019602851677454458,True,0.025457577748278212,0.019602851677454458,,,0.025457577748278212,0.019602851677454458,-0.0018468201023286307,0.019602851677454458,,,-0.0018468201023286307,0.019602851677454458
34,4,0.025457577748278212,0.019602851677454458,-0.0018468201023286307,0.019602851677454458,True,0.025457577748278212,0.019602851677454458,,,0.025457577748278212,0.019602851677454458,-0.0018468201023286307,0.019602851677454458,,,-0.0018468201023286307,0.019602851677454458
34,5,0.009780227410027317,0.019602851677454458,-0.0018468201023286307,0.019602851677454458,True,0.009780227410027317,0.019602851677454458,,,0.009780227410027317,0.019602851677454458,-0.0018468201023286307,0.019602851677454458,,,-0.0018468201023286307,0.019602851677454458
34,6,0.025457577748278212,0.019602851677454458,-0.0018468201023286307,0.019602851677454458,True,0.025457577748278212,0.019602851677454458,,,0.025457577748278212,0.019602851677454458,-0.0018468201023286307,0.019602851677454458,,,-0.0018468201023286307,0.019602851677454458
34,7,-0.0018468201023286307,0.019602851677454458,0.025457577748278212,0.019602851677454458,True,-0.0018468201023286307,0.019602851677454458,,,-0.0018468201023286307,0.019602851677454458,0.025457577748278212,0.019602851677454458,,,0.025457577748278212,0.019602851677454458
34,8,0.025457577748278212,0.019602851677454458,0.0961553288201793,0.019602851677454458,True,0.025457577748278212,0.019602851677454458,,,0.025457577748278212,0.019602851677454458,0.0961553288201793,0.019602851677454458,,,0.0961553288201793,0.019602851677454458
34,9,0.025457577748278212,0.019602851677454458,-0.0018468201023286307,0.019602851677454458,True,0.025457577748278212,0.019602851677454458,,,0.025457577748278212,0.019602851677454458,-0.0018468201023286307,0.019602851677454458,,,-0.0018468201023286307,0.019602851677454458
34,10,-0.0018468201023286307,0.019602851677454458,0.009780227410027317,0.019602851677454458,True,-0.0018468201023286307,0.019602851677454458,,,-0.0018468201023286307,0.019602851677454458,0.009780227410027317,0.019602851677454458,,,0.009780227410027317,0.019602851677454458
34,11,0.025457577748278212,0.019602851677454458,0.025457577748278212,0.019602851677454458,True,0.025457577748278212,0.019602851677454458,1.0,0.5480711831776698,0.025457577748278212,0.5676740348551242,0.025457577748278212,0.019602851677454458,,,0.025457577748278212,0.019602851677454458
34,12,0.0961553288201793,0.019602851677454458,-0.0018468201023286307,0.019602851677454458,False,0.0961553288201793,0.019602851677454458,,,0.0961553288201793,0.019602851677454458,-0.0018468201023286307,0.019602851677454458,,,-0.0018468201023286307,0.019602851677454458
34,13,-0.0018468201023286307,0.019602851677454458,0.025457577748278212,0.019602851677454458,True,-0.0018468201023286307,0.019602851677454458,,,-0.0018468201023286307,0.019602851677454458,0.025457577748278212,0.019602851677454458,,,0.025457577748278212,0.019602851677454458
34,14,0.025457577748278212,0.019602851677454458,-0.0018468201023286307,0.019602851677454458,True,0.025457577748278212,0.019602851677454458,,,0.025457577748278212,0.019602851677454458,-0.0018468201023286307,0.019602851677454458,,,-0.0018468201023286307,0.019602851677454458
34,15,-0.0018468201023286307,0.019602851677454458,0.025457577748278212,0.019602851677454458,True,-0.0018468201023286307,0.019602851677454458,,,-0.0018468201023286307,0.019602851677454458,0.025457577748278212,0.019602851677454458,,,0.025457577748278212,0.019602851677454458
34,16,-0.0018468201023286307,0.019602851677454458,-0.0018468201023286307,0.019602851677454458,True,-0.0018468201023286307,0.019602851677454458,0.0,0.5225323328855619,0.5206855127832333,0.019602851677454458,-0.0018468201023286307,0.019602851677454458,,,-0.0018468201023286307,0.019602851677454458
34,17,0.025457577748278212,0.019602851677454458,-0.0018468201023286307,0.019602851677454458,True,0.025457577748278212,0.019602851677454458,,,0.025457577748278212,0.019602851677454458,-0.0018468201023286307,0.019602851677454458,,,-0.0018468201023286307,0.019602851677454458
34,18,-0.0018468201023286307,0.019602851677454458,-0.0018468201023286307,0.019602851677454458,True,-0.0018468201023286307,0.019602851677454458,0.0,0.014519785752645908,0.012672965650317277,0.019602851677454458,-0.0018468201023286307,0.019602851677454458,,,-0.0018468201023286307,0.019602851677454458
34,19,-0.0018468201023286307,0.019602851677454458,0.025457577748278212,0.019602851677454458,True,-0.0018468201023286307,0.019602851677454458,,,-0.0018468201023286307,0.019602851677454458,0.025457577748278212,0.019602851677454458,,,0.025457577748278212,0.019602851677454458
34,20,-0.0018468201023286307,0.019602851677454458,0.025457577748278212,0.019602851677454458,False,-0.0018468201023286307,0.019602851677454458,,,-0.0018468201023286307,0.019602851677454458,0.025457577748278212,0.019602851677454458,,,0.025457577748278212,0.019602851677454458
34,21,0.025457577748278212,0.019602851677454458,-0.0018468201023286307,0.019602851677454458,True,0.025457577748278212,0.019602851677454458,,,0.025457577748278212,0.019602851677454458,-0.0018468201023286307,0.019602851677454458,0.0,-0.3753489682520806,-0.3771957883544092,0.019602851677454458
34,22,0.009780227410027317,0.019602851677454458,0.009780227410027317,0.019602851677454458,True,0.009780227410027317,0.019602851677454458,,,0.009780227410027317,0.019602851677454458,0.009780227410027317,0.019602851677454458,,,0.009780227410027317,0.019602851677454458
34,23,-0.0018468201023286307,0.019602851677454458,-0.0018468201023286307,0.019602851677454458,True,-0.0018468201023286307,0.019602851677454458,,,-0.0018468201023286307,0.019602851677454458,-0.0018468201023286307,0.019602851677454458,,,-0.0018468201023286307,0.019602851677454458
34,24,0.0961553288201793,0.019602851677454458,-0.0018468201023286307,0.019602851677454458,True,0.0961553288201793,0.019602851677454458,1.0,-0.29494066577690276,0.0961553288201793,-0.2753378140994483,-0.0018468201023286307,0.019602851677454458,,,-0.0018468201023286307,0.019602851677454458
34,25,-0.0018468201023286307,0.019602851677454458,0.025457577748278212,0.019602851677454458,False,-0.0018468201023286307,0.019602851677454458,,,-0.0018468201023286307,0.019602851677454458,0.025457577748278212,0.019602851677454458,,,0.025457577748278212,0.019602851677454458
35,1,0.025457577748278212,0.019602851677454458,-0.0018468201023286307,0.019602851677454458,False,0.025457577748278212,0.019602851677454458,,,0.025457577748278212,0.019602851677454458,-0.0018468201023286307,0.019602851677454458,,,-0.0018468201023286307,0.019602851677454458
35,2,-0.0018468201023286307,0.019602851677454458,-0.0018468201023286307,0.019602851677454458,True,-0.0018468201023286307,0.019602851677454458,,,-0.0018468201023286307,0.019602851677454458,-0.0018468201023286307,0.019602851677454458,,,-0.0018468201023286307,0.019602851677454458
35,3,-0.3771957883544092,0.019602851677454458,-0.0018468201023286307,0.019602851677454458,True,-0.3771957883544092,0.019602851677454458,,,-0.3771957883544092,0.019602851677454458,-0.0018468201023286307,0.019602851677454458,,,-0.0018468201023286307,0.019602851677454458
35,4,0.009780227410027317,0.019602851677454458,0.025457577748278212,0.019602851677454458,True,0.009780227410027317,0.019602851677454458,0.0,-0.23220590961559026,-0.22242568220556294,0.019602851677454458,0.025457577748278212,0.019602851677454458,,,0.025457577748278212,0.019602851677454458
35,5,-0.0018468201023286307,0.019602851677454458,-0.0018468201023286307,0.019602851677454458,True,-0.0018468201023286307,0.019602851677454458,,,-0.0018468201023286307,0.019602851677454458,-0.0018468201023286307,0.019602851677454458,,,-0.0018468201023286307,0.019602851677454458
35,6,0.025457577748278212,0.019602851677454458,-0.0018468201023286307,0.019602851677454458,True,0.025457577748278212,0.019602851677454458,,,0.025457577748278212,0.019602851677454458,-0.0018468201023286307,0.019602851677454458,,,-0.0018468201023286307,0.019602851677454458
35,7,-0.0018468201023286307,0.019602851677454458,-0.0018468201023286307,0.019602851677454458,True,-0.0018468201023286307,0.019602851677454458,,,-0.0018468201023286307,0.019602851677454458,-0.0018468201023286307,0.019602851677454458,,,-0.0018468201023286307,0.019602851677454458
35,8,0.025457577748278212,0.019602851677454458,-0.0018468201023286307,0.019602851677454458,True,0.025457577748278212,0.019602851677454458,,,0.025457577748278212,0.019602851677454458,-0.0018468201023286307,0.019602851677454458,,,-0.0018468201023286307,0.019602851677454458
35,9,0.025457577748278212,0.019602851677454458,0.025457577748278212,0.019602851677454458,True,0.025457577748278212,0.019602851677454458,,,0.025457577748278212,0.019602851677454458,0.025457577748278212,0.019602851677454458,,,0.025457577748278212,0.019602851677454458
35,10,-0.0018468201023286307,0.019602851677454458,0.009780227410027317,0.019602851677454458,True,-0.0018468201023286307,0.019602851677454458,,,-0.0018468201023286307,0.019602851677454458,0.009780227410027317,0.019602851677454458,,,0.009780227410027317,0.019602851677454458
35,11,0.009780227410027317,0.019602851677454458,0.009780227410027317,0.019602851677454458,True,0.009780227410027317,0.019602851677454458,,,0.009780227410027317,0.019602851677454458,0.009780227410027317,0.019602851677454458,,,0.009780227410027317,0.019602851677454458
35,12,-0.0018468201023286307,0.019602851677454458,-0.0018468201023286307,0.019602851677454458,True,-0.0018468201023286307,0.019602851677454458,0.0,-0.6988319404725892,-0.7006787605749178,0.019602851677454458,-0.0018468201023286307,0.019602851677454458,,,-0.0018468201023286307,0.019602851677454458
35,13,-0.0018468201023286307,0.019602851677454458,0.0961553288201793,0.019602851677454458,True,-0.0018468201023286307,0.019602851677454458,,,-0.0018468201023286307,0.019602851677454458,0.0961553288201793,0.019602851677454458,,,0.0961553288201793,0.019602851677454458
35,14,-0.0018468201023286307,0.019602851677454458,0.025457577748278212,0.019602851677454458,True,-0.0018468201023286307,0.019602851677454458,,,-0.0018468201023286307,0.019602851677454458,0.025457577748278212,0.019602851677454458,,,0.025457577748278212,0.019602851677454458
35,15,0.025457577748278212,0.019602851677454458,0.025457577748278212,0.019602851677454458,True,0.025457577748278212,0.019602851677454458,1.0,0.29492512315763614,0.025457577748278212,0.3145279748350906,0.025457577748278212,0.019602851677454458,,,0.025457577748278212,0.019602851677454458
35,16,-0.0018468201023286307,0.019602851677454458,-0.0018468201023286307,0.019602851677454458,False,-0.0018468201023286307,0.019602851677454458,,,-0.0018468201023286307,0.019602851677454458,-0.0018468201023286307,0.019602851677454458,,,-0.0018468201023286307,0.019602851677454458
35,17,0.025457577748278212,0.019602851677454458,-0.0018468201023286307,0.019602851677454458,True,0.025457577748278212,0.019602851677454458,,,0.025457577748278212,0.019602851677454458,-0.0018468201023286307,0.019602851677454458,,,-0.0018468201023286307,0.019602851677454458
35,18,0.025457577748278212,0.019602851677454458,-0.0018468201023286307,0.019602851677454458,True,0.025457577748278212,0.019602851677454458,,,0.025457577748278212,0.019602851677454458,-0.0018468201023286307,0.019602851677454458,,,-0.0018468201023286307,0.019602851677454458
35,19,0.025457577748278212,0.019602851677454458,-0.0018468201023286307,0.019602851677454458,True,0.025457577748278212,0.019602851677454458,,,0.025457577748278212,0.019602851677454458,-0.0018468201023286307,0.019602851677454458,,,-0.0018468201023286307,0.019602851677454458
35,20,0.025457577748278212,0.019602851677454458,0.025457577748278212,0.019602851677454458,False,0.025457577748278212,0.019602851677454458,,,0.025457577748278212,0.019602851677454458,0.025457577748278212,0.019602851677454458,,,0.025457577748278212,0.019602851677454458
35,21,0.009780227410027317,0.019602851677454458,0.025457577748278212,0.019602851677454458,True,0.009780227410027317,0.019602851677454458,,,0.009780227410027317,0.019602851677454458,0.025457577748278212,0.019602851677454458,,,0.025457577748278212,0.019602851677454458
35,22,0.009780227410027317,0.019602851677454458,0.025457577748278212,0.019602851677454458,True,0.009780227410027317,0.019602851677454458,,,0.009780227410027317,0.019602851677454458,0.025457577748278212,0.019602851677454458,,,0.025457577748278212,0.019602851677454458
35,23,-0.0018468201023286307,0.019602851677454458,-0.0018468201023286307,0.019602851677454458,True,-0.0018468201023286307,0.019602851677454458,,,-0.0018468201023286307,0.019602851677454458,-0.0018468201023286307,0.019602851677454458,,,-0.0018468201023286307,0.019602851677454458
35,24,0.025457577748278212,0.019602851677454458,0.0961553288201793,0.019602851677454458,True,0.025457577748278212,0.019602851677454458,,,0.025457577748278212,0.019602851677454458,0.0961553288201793,0.019602851677454458,,,0.0961553288201793,0.019602851677454458
35,25,0.025457577748278212,0.019602851677454458,-0.0018468201023286307,0.019602851677454458,True,0.025457577748278212,0.019602851677454458,,,0.025457577748278212,0.019602851677454458,-0.0018468201023286307,0.019602851677454458,,,-0.0018468201023286307,0.019602851677454458
36,1,-0.0018468201023286307,0.019602851677454458,0.025457577748278212,0.019602851677454458,True,-0.0018468201023286307,0.019602851677454458,,,-0.0018468201023286307,0.019602851677454458,0.025457577748278212,0.019602851677454458,,,0.025457577748278212,0.019602851677454458
36,2,-0.0018468201023286307,0.019602851677454458,0.009780227410027317,0.019602851677454458,True,-0.0018468201023286307,0.019602851677454458,,,-0.0018468201023286307,0.019602851677454458,0.009780227410027317,0.019602851677454458,,,0.009780227410027317,0.019602851677454458
36,3,0.025457577748278212,0.019602851677454458,0.025457577748278212,0.019602851677454458,False,0.025457577748278212,0.019602851677454458,,,0.025457577748278212,0.019602851677454458,0.025457577748278212,0.019602851677454458,,,0.025457577748278212,0.019602851677454458
36,4,0.025457577748278212,0.019602851677454458,-0.0018468201023286307,0.019602851677454458,True,0.025457577748278212,0.019602851677454458,,,0.025457577748278212,0.019602851677454458,-0.0018468201023286307,0.019602851677454458,,,-0.0018468201023286307,0.019602851677454458
36,5,-0.0018468201023286307,0.019602851677454458,-0.0018468201023286307,0.019602851677454458,True,-0.0018468201023286307,0.019602851677454458,,,-0.0018468201023286307,0.019602851677454458,-0.0018468201023286307,0.019602851677454458,,,-0.0018468201023286307,0.019602851677454458
36,6,-0.0018468201023286307,0.019602851677454458,0.025457577748278212,0.019602851677454458,True,-0.0018468201023286307,0.019602851677454458,,,-0.0018468201023286307,0.019602851677454458,0.025457577748278212,0.019602851677454458,,,0.025457577748278212,0.019602851677454458
36,7,-0.0018468201023286307,0.019602851677454458,-0.0018468201023286307,0.019602851677454458,True,-0.0018468201023286307,0.019602851677454458,,,-0.0018468201023286307,0.019602851677454458,-0.0018468201023286307,0.019602851677454458,,,-0.0018468201023286307,0.019602851677454458
36,8,0.025457577748278212,0.019602851677454458,-0.0018468201023286307,0.019602851677454458,True,0.025457577748278212,0.019602851677454458,,,0.025457577748278212,0.019602851677454458,-0.0018468201023286307,0.019602851677454458,,,-0.0018468201023286307,0.019602851677454458
36,9,0.025457577748278212,0.019602851677454458,-0.0018468201023286307,0.019602851677454458,True,0.025457577748278212,0.019602851677454458,,,0.025457577748278212,0.019602851677454458,-0.0018468201023286307,0.019602851677454458,,,-0.0018468201023286307,0.019602851677454458
36,10,0.025457577748278212,0.019602851677454458,-0.0018468201023286307,0.019602851677454458,True,0.025457577748278212,0.019602851677454458,,,0.025457577748278212,0.019602851677454458,-0.0018468201023286307,0.019602851677454458,,,-0.0018468201023286307,0.019602851677454458
36,11,0.025457577748278212,0.019602851677454458,-0.0018468201023286307,0.019602851677454458,True,0.025457577748278212,0.019602851677454458,,,0.025457577748278212,0.019602851677454458,-0.0018468201023286307,0.019602851677454458,,,-0.0018468201023286307,0.019602851677454458
36,12,0.025457577748278212,0.019602851677454458,-0.0018468201023286307,0.019602851677454458,False,0.025457577748278212,0.019602851677454458,,,0.025457577748278212,0.019602851677454458,-0.0018468201023286307,0.019602851677454458,,,-0.0018468201023286307,0.019602851677454458
36,13,-0.0018468201023286307,0.019602851677454458,-0.0018468201023286307,0.019602851677454458,True,-0.0018468201023286307,0.019602851677454458,,,-0.0018468201023286307,0.019602851677454458,-0.0018468201023286307,0.019602851677454458,,,-0.0018468201023286307,0.019602851677454458
36,14,-0.0018468201023286307,0.019602851677454458,-0.0018468201023286307,0.019602851677454458,True,-0.0018468201023286307,0.019602851677454458,,,-0.0018468201023286307,0.019602851677454458,-0.0018468201023286307,0.019602851677454458,,,-0.0018468201023286307,0.019602851677454458
36,15,-0.0018468201023286307,0.019602851677454458,0.025457577748278212,0.019602851677454458,True,-0.0018468201023286307,0.019602851677454458,,,-0.0018468201023286307,0.019602851677454458,0.025457577748278212,0.019602851677454458,,,0.025457577748278212,0.019602851677454458
36,16,-0.0018468201023286307,0.019602851677454458,-0.0018468201023286307,0.019602851677454458,False,-0.0018468201023286307,0.019602851677454458,,,-0.0018468201023286307,0.019602851677454458,-0.0018468201023286307,0.019602851677454458,,,-0.0018468201023286307,0.019602851677454458
36,17,-0.0018468201023286307,0.019602851677454458,0.025457577748278212,0.019602851677454458,False,-0.0018468201023286307,0.019602851677454458,,,-0.0018468201023286307,0.019602851677454458,0.025457577748278212,0.019602851677454458,,,0.025457577748278212,0.019602851677454458
36,18,-0.0018468201023286307,0.019602851677454458,0.009780227410027317,0.019602851677454458,True,-0.0018468201023286307,0.019602851677454458,,,-0.0018468201023286307,0.019602851677454458,0.009780227410027317,0.019602851677454458,,,0.009780227410027317,0.019602851677454458
36,19,-0.0018468201023286307,0.019602851677454458,-0.0018468201023286307,0.019602851677454458,True,-0.0018468201023286307,0.019602851677454458,,,-0.0018468201023286307,0.019602851677454458,-0.0018468201023286307,0.019602851677454458,,,-0.0018468201023286307,0.019602851677454458
36,20,-0.0018468201023286307,0.019602851677454458,-0.0018468201023286307,0.019602851677454458,True,-0.0018468201023286307,0.019602851677454458,,,-0.0018468201023286307,0.019602851677454458,-0.0018468201023286307,0.019602851677454458,,,-0.0018468201023286307,0.019602851677454458
36,21,-0.0018468201023286307,0.019602851677454458,0.025457577748278212,0.019602851677454458,False,-0.0018468201023286307,0.019602851677454458,,,-0.0018468201023286307,0.019602851677454458,0.025457577748278212,0.019602851677454458,,,0.025457577748278212,0.019602851677454458
36,22,-0.0018468201023286307,0.019602851677454458,0.025457577748278212,0.019602851677454458,True,-0.0018468201023286307,0.019602851677454458,,,-0.0018468201023286307,0.019602851677454458,0.025457577748278212,0.019602851677454458,,,0.025457577748278212,0.019602851677454458
36,23,0.009780227410027317,0.019602851677454458,-0.0018468201023286307,0.019602851677454458,True,0.009780227410027317,0.019602851677454458,,,0.009780227410027317,0.019602851677454458,-0.0018468201023286307,0.019602851677454458,,,-0.0018468201023286307,0.019602851677454458
36,24,0.025457577748278212,0.019602851677454458,-0.0018468201023286307,0.019602851677454458,True,0.025457577748278212,0.019602851677454458,,,0.025457577748278212,0.019602851677454458,-0.0018468201023286307,0.019602851677454458,,,-0.0018468201023286307,0.019602851677454458
36,25,0.025457577748278212,0.019602851677454458,-0.0018468201023286307,0.019602851677454458,True,0.025457577748278212,0.019602851677454458,,,0.025457577748278212,0.019602851677454458,-0.0018468201023286307,0.019602851677454458,,,-0.0018468201023286307,0.019602851677454458
37,1,-0.0018468201023286307,0.019602851677454458,-0.0018468201023286307,0.019602851677454458,True,-0.0018468201023286307,0.019602851677454458,,,-0.0018468201023286307,0.019602851677454458,-0.0018468201023286307,0.019602851677454458,,,-0.0018468201023286307,0.019602851677454458
37,2,-0.0018468201023286307,0.019602851677454458,-0.0018468201023286307,0.019602851677454458,True,-0.0018468201023286307,0.019602851677454458,,,-0.0018468201023286307,0.019602851677454458,-0.0018468201023286307,0.019602851677454458,1.0,-0.8799544359782225,-0.0018468201023286307,-0.8603515843007681
37,3,-0.0018468201023286307,0.019602851677454458,-0.0018468201023286307,0.019602851677454458,True,-0.0018468201023286307,0.019602851677454458,,,-0.0018468201023286307,0.019602851677454458,-0.0018468201023286307,0.019602851677454458,,,-0.0018468201023286307,0.019602851677454458
37,4,-0.0018468201023286307,0.019602851677454458,-0.0018468201023286307,0.019602851677454458,True,-0.0018468201023286307,0.019602851677454458,,,-0.0018468201023286307,0.019602851677454458,-0.0018468201023286307,0.019602851677454458,,,-0.0018468201023286307,0.019602851677454458
37,5,-0.0018468201023286307,0.019602851677454458,0.009780227410027317,0.019602851677454458,True,-0.0018468201023286307,0.019602851677454458,,,-0.0018468201023286307,0.019602851677454458,0.009780227410027317,0.019602851677454458,,,0.009780227410027317,0.019602851677454458
37,6,-0.0018468201023286307,0.019602851677454458,-0.0018468201023286307,0.019602851677454458,True,-0.0018468201023286307,0.019602851677454458,,,-0.0018468201023286307,0.019602851677454458,-0.0018468201023286307,0.019602851677454458,,,-0.0018468201023286307,0.019602851677454458
37,7,-0.0018468201023286307,0.019602851677454458,-0.0018468201023286307,0.019602851677454458,True,-0.0018468201023286307,0.019602851677454458,,,-0.0018468201023286307,0.019602851677454458,-0.0018468201023286307,0.019602851677454458,0.0,-0.4337954686316369,-0.43564228873396554,0.019602851677454458
37,8,-0.0018468201023286307,0.019602851677454458,-0.0018468201023286307,0.019602851677454458,True,-0.0018468201023286307,0.019602851677454458,,,-0.0018468201023286307,0.019602851677454458,-0.0018468201023286307,0.019602851677454458,,,-0.0018468201023286307,0.019602851677454458
37,9,-0.0018468201023286307,0.019602851677454458,-0.0018468201023286307,0.019602851677454458,False,-0.0018468201023286307,0.019602851677454458,,,-0.0018468201023286307,0.019602851677454458,-0.0018468201023286307,0.019602851677454458,,,-0.0018468201023286307,0.019602851677454458
37,10,0.009780227410027317,0.019602851677454458,-0.0018468201023286307,0.019602851677454458,True,0.009780227410027317,0.019602851677454458,,,0.009780227410027317,0.019602851677454458,-0.0018468201023286307,0.019602851677454458,,,-0.0018468201023286307,0.019602851677454458
37,11,-0.0018468201023286307,0.019602851677454458,-0.0018468201023286307,0.019602851677454458,True,-0.0018468201023286307,0.019602851677454458,,,-0.0018468201023286307,0.019602851677454458,-0.0018468201023286307,0.019602851677454458,,,-0.0018468201023286307,0.019602851677454458
37,12,-0.0018468201023286307,0.019602851677454458,-0.0018468201023286307,0.019602851677454458,True,-0.0018468201023286307,0.019602851677454458,,,-0.0018468201023286307,0.019602851677454458,-0.0018468201023286307,0.019602851677454458,,,-0.0018468201023286307,0.019602851677454458
37,13,-0.0018468201023286307,0.019602851677454458,-0.0018468201023286307,0.019602851677454458,True,-0.0018468201023286307,0.019602851677454458,0.0,-0.6415739013018299,-0.6434207214041585,0.019602851677454458,-0.0018468201023286307,0.019602851677454458,,,-0.0018468201023286307,0.019602851677454458
37,14,-0.0018468201023286307,0.019602851677454458,-0.0018468201023286307,0.019602851677454458,True,-0.0018468201023286307,0.019602851677454458,,,-0.0018468201023286307,0.019602851677454458,-0.0018468201023286307,0.019602851677454458,,,-0.0018468201023286307,0.019602851677454458
37,15,-0.0018468201023286307,0.019602851677454458,-0.0018468201023286307,0.019602851677454458,False,-0.0018468201023286307,0.019602851677454458,,,-0.0018468201023286307,0.019602851677454458,-0.0018468201023286307,0.019602851677454458,0.0,0.5395618896621045,0.5377150695597759,0.019602851677454458
37,16,-0.0018468201023286307,0.019602851677454458,-0.0018468201023286307,0.019602851677454458,True,-0.0018468201023286307,0.019602851677454458,,,-0.0018468201023286307,0.019602851677454458,-0.0018468201023286307,0.019602851677454458,,,-0.0018468201023286307,0.019602851677454458
37,17,-0.0018468201023286307,0.019602851677454458,-0.0018468201023286307,0.019602851677454458,True,-0.0018468201023286307,0.019602851677454458,,,-0.0018468201023286307,0.019602851677454458,-0.0018468201023286307,0.019602851677454458,,,-0.0018468201023286307,0.019602851677454458
37,18,-0.0018468201023286307,0.019602851677454458,-0.0018468201023286307,0.019602851677454458,False,-0.0018468201023286307,0.019602851677454458,,,-0.0018468201023286307,0.019602851677454458,-0.0018468201023286307,0.019602851677454458,,,-0.0018468201023286307,0.019602851677454458
37,19,-0.0018468201023286307,0.019602851677454458,-0.0018468201023286307,0.019602851677454458,True,-0.0018468201023286307,0.019602851677454458,,,-0.0018468201023286307,0.019602851677454458,-0.0018468201023286307,0.019602851677454458,,,-0.0018468201023286307,0.019602851677454458
37,20,-0.0018468201023286307,0.019602851677454458,-0.0018468201023286307,0.019602851677454458,True,-0.0018468201023286307,0.019602851677454458,,,-0.0018468201023286307,0.019602851677454458,-0.0018468201023286307,0.019602851677454458,,,-0.0018468201023286307,0.019602851677454458
37,21,-0.0018468201023286307,0.019602851677454458,-0.0018468201023286307,0.019602851677454458,True,-0.0018468201023286307,0.019602851677454458,,,-0.0018468201023286307,0.019602851677454458,-0.0018468201023286307,0.019602851677454458,,,-0.0018468201023286307,0.019602851677454458
37,22,-0.0018468201023286307,0.019602851677454458,-0.0018468201023286307,0.019602851677454458,True,-0.0018468201023286307,0.019602851677454458,,,-0.0018468201023286307,0.019602851677454458,-0.0018468201023286307,0.019602851677454458,,,-0.0018468201023286307,0.019602851677454458
37,23,-0.0018468201023286307,0.019602851677454458,-0.0018468201023286307,0.019602851677454458,True,-0.0018468201023286307,0.019602851677454458,,,-0.0018468201023286307,0.019602851677454458,-0.0018468201023286307,0.019602851677454458,,,-0.0018468201023286307,0.019602851677454458
37,24,-0.0018468201023286307,0.019602851677454458,-0.0018468201023286307,0.019602851677454458,True,-0.0018468201023286307,0.019602851677454458,,,-0.0018468201023286307,0.019602851677454458,-0.0018468201023286307,0.019602851677454458,,,-0.0018468201023286307,0.019602851677454458
37,25,-0.0018468201023286307,0.019602851677454458,-0.0018468201023286307,0.019602851677454458,True,-0.0018468201023286307,0.019602851677454458,,,-0.0018468201023286307,0.019602851677454458,-0.0018468201023286307,0.019602851677454458,,,-0.0018468201023286307,0.019602851677454458
38,1,-0.0018468201023286307,0.019602851677454458,-0.0018468201023286307,0.019602851677454458,True,-0.0018468201023286307,0.019602851677454458,,,-0.0018468201023286307,0.019602851677454458,-0.0018468201023286307,0.019602851677454458,,,-0.0018468201023286307,0.019602851677454458
38,2,-0.0018468201023286307,0.019602851677454458,-0.0018468201023286307,0.019602851677454458,True,-0.0018468201023286307,0.019602851677454458,,,-0.0018468201023286307,0.019602851677454458,-0.0018468201023286307,0.019602851677454458,,,-0.0018468201023286307,0.019602851677454458
38,3,-0.0018468201023286307,0.019602851677454458,-0.0018468201023286307,0.019602851677454458,True,-0.0018468201023286307,0.019602851677454458,,,-0.0018468201023286307,0.019602851677454458,-0.0018468201023286307,0.019602851677454458,,,-0.0018468201023286307,0.019602851677454458
38,4,-0.0018468201023286307,0.019602851677454458,-0.0018468201023286307,0.019602851677454458,False,-0.0018468201023286307,0.019602851677454458,,,-0.0018468201023286307,0.019602851677454458,-0.0018468201023286307,0.019602851677454458,,,-0.0018468201023286307,0.019602851677454458
38,5,-0.0018468201023286307,0.019602851677454458,-0.0018468201023286307,0.019602851677454458,False,-0.0018468201023286307,0.019602851677454458,,,-0.0018468201023286307,0.019602851677454458,-0.0018468201023286307,0.019602851677454458,,,-0.0018468201023286307,0.019602851677454458
38,6,-0.0018468201023286307,0.019602851677454458,-0.0018468201023286307,0.019602851677454458,True,-0.0018468201023286307,0.019602851677454458,,,-0.0018468201023286307,0.019602851677454458,-0.0018468201023286307,0.019602851677454458,,,-0.0018468201023286307,0.019602851677454458
38,7,-0.0018468201023286307,0.019602851677454458,-0.0018468201023286307,0.019602851677454458,True,-0.0018468201023286307,0.019602851677454458,,,-0.0018468201023286307,0.019602851677454458,-0.0018468201023286307,0.019602851677454458,,,-0.0018468201023286307,0.019602851677454458
38,8,-0.0018468201023286307,0.019602851677454458,-0.0018468201023286307,0.019602851677454458,True,-0.0018468201023286307,0.019602851677454458,,,-0.0018468201023286307,0.019602851677454458,-0.0018468201023286307,0.019602851677454458,,,-0.0018468201023286307,0.019602851677454458
38,9,-0.0018468201023286307,0.019602851677454458,-0.0018468201023286307,0.019602851677454458,True,-0.0018468201023286307,0.019602851677454458,,,-0.0018468201023286307,0.019602851677454458,-0.0018468201023286307,0.019602851677454458,,,-0.0018468201023286307,0.019602851677454458
38,10,-0.0018468201023286307,0.019602851677454458,-0.0018468201023286307,0.019602851677454458,True,-0.0018468201023286307,0.019602851677454458,,,-0.0018468201023286307,0.019602851677454458,-0.0018468201023286307,0.019602851677454458,,,-0.0018468201023286307,0.019602851677454458
38,11,-0.0018468201023286307,0.019602851677454458,-0.0018468201023286307,0.019602851677454458,True,-0.0018468201023286307,0.019602851677454458,,,-0.0018468201023286307,0.019602851677454458,-0.0018468201023286307,0.019602851677454458,,,-0.0018468201023286307,0.019602851677454458
38,12,-0.0018468201023286307,0.019602851677454458,-0.0018468201023286307,0.019602851677454458,True,-0.0018468201023286307,0.019602851677454458,,,-0.0018468201023286307,0.019602851677454458,-0.0018468201023286307,0.019602851677454458,,,-0.0018468201023286307,0.019602851677454458
38,13,-0.0018468201023286307,0.019602851677454458,-0.0018468201023286307,0.019602851677454458,True,-0.0018468201023286307,0.019602851677454458,,,-0.0018468201023286307,0.019602851677454458,-0.0018468201023286307,0.019602851677454458,,,-0.0018468201023286307,0.019602851677454458
38,14,-0.0018468201023286307,0.019602851677454458,-0.0018468201023286307,0.019602851677454458,True,-0.0018468201023286307,0.019602851677454458,,,-0.0018468201023286307,0.019602851677454458,-0.0018468201023286307,0.019602851677454458,,,-0.0018468201023286307,0.019602851677454458
38,15,-0.0018468201023286307,0.019602851677454458,-0.0018468201023286307,0.019602851677454458,True,-0.0018468201023286307,0.019602851677454458,,,-0.0018468201023286307,0.019602851677454458,-0.0018468201023286307,0.019602851677454458,,,-0.0018468201023286307,0.019602851677454458
38,16,-0.0018468201023286307,0.019602851677454458,0.009780227410027317,0.019602851677454458,True,-0.0018468201023286307,0.019602851677454458,,,-0.0018468201023286307,0.019602851677454458,0.009780227410027317,0.019602851677454458,,,0.009780227410027317,0.019602851677454458
38,17,-0.0018468201023286307,0.019602851677454458,-0.0018468201023286307,0.019602851677454458,True,-0.0018468201023286307,0.019602851677454458,,,-0.0018468201023286307,0.019602851677454458,-0.0018468201023286307,0.019602851677454458,,,-0.0018468201023286307,0.019602851677454458
38,18,-0.0018468201023286307,0.019602851677454458,0.009780227410027317,0.019602851677454458,True,-0.0018468201023286307,0.019602851677454458,,,-0.0018468201023286307,0.019602851677454458,0.009780227410027317,0.019602851677454458,,,0.009780227410027317,0.019602851677454458
38,19,-0.0018468201023286307,0.019602851677454458,-0.0018468201023286307,0.019602851677454458,True,-0.0018468201023286307,0.019602851677454458,,,-0.0018468201023286307,0.019602851677454458,-0.0018468201023286307,0.019602851677454458,,,-0.0018468201023286307,0.019602851677454458
38,20,-0.0018468201023286307,0.019602851677454458,-0.0018468201023286307,0.019602851677454458,True,-0.0018468201023286307,0.019602851677454458,0.0,0.4511837085676602,0.4493368884653316,0.019602851677454458,-0.0018468201023286307,0.019602851677454458,0.0,-0.3687784320339721,-0.3706252521363007,0.019602851677454458
38,21,-0.0018468201023286307,0.019602851677454458,-0.0018468201023286307,0.019602851677454458,True,-0.0018468201023286307,0.019602851677454458,,,-0.0018468201023286307,0.019602851677454458,-0.0018468201023286307,0.019602851677454458,,,-0.0018468201023286307,0.019602851677454458
38,22,-0.0018468201023286307,0.019602851677454458,-0.0018468201023286307,0.019602851677454458,True,-0.0018468201023286307,0.019602851677454458,,,-0.0018468201023286307,0.019602851677454458,-0.0018468201023286307,0.019602851677454458,,,-0.0018468201023286307,0.019602851677454458
38,23,-0.0018468201023286307,0.019602851677454458,-0.0018468201023286307,0.019602851677454458,True,-0.0018468201023286307,0.019602851677454458,,,-0.0018468201023286307,0.019602851677454458,-0.0018468201023286307,0.019602851677454458,,,-0.0018468201023286307,0.019602851677454458
38,24,-0.0018468201023286307,0.019602851677454458,-0.0018468201023286307,0.019602851677454458,True,-0.0018468201023286307,0.019602851677454458,,,-0.0018468201023286307,0.019602851677454458,-0.0018468201023286307,0.019602851677454458,,,-0.0018468201023286307,0.019602851677454458
38,25,-0.0018468201023286307,0.019602851677454458,-0.0018468201023286307,0.019602851677454458,True,-0.0018468201023286307,0.019602851677454458,,,-0.0018468201023286307,0.019602851677454458,-0.0018468201023286307,0.019602851677454458,,,-0.0018468201023286307,0.019602851677454458
39,1,-0.0018468201023286307,0.019602851677454458,-0.0018468201023286307,0.019602851677454458,True,-0.0018468201023286307,0.019602851677454458,,,-0.0018468201023286307,0.019602851677454458,-0.0018468201023286307,0.019602851677454458,,,-0.0018468201023286307,0.019602851677454458
39,2,-0.0018468201023286307,0.019602851677454458,-0.0018468201023286307,0.019602851677454458,True,-0.0018468201023286307,0.019602851677454458,,,-0.0018468201023286307,0.019602851677454458,-0.0018468201023286307,0.019602851677454458,1.0,-0.174386340600651,-0.0018468201023286307,-0.15478348892319654
39,3,-0.0018468201023286307,0.019602851677454458,-0.0018468201023286307,0.019602851677454458,True,-0.0018468201023286307,0.019602851677454458,,,-0.0018468201023286307,0.019602851677454458,-0.0018468201023286307,0.019602851677454458,,,-0.0018468201023286307,0.019602851677454458
39,4,-0.0018468201023286307,0.019602851677454458,-0.0018468201023286307,0.019602851677454458,True,-0.0018468201023286307,0.019602851677454458,,,-0.0018468201023286307,0.019602851677454458,-0.0018468201023286307,0.019602851677454458,,,-0.0018468201023286307,0.019602851677454458
39,5,-0.0018468201023286307,0.019602851677454458,-0.0018468201023286307,0.019602851677454458,True,-0.0018468201023286307,0.019602851677454458,,,-0.0018468201023286307,0.019602851677454458,-0.0018468201023286307,0.019602851677454458,,,-0.0018468201023286307,0.019602851677454458
39,6,-0.0018468201023286307,0.019602851677454458,-0.0018468201023286307,0.019602851677454458,True,-0.0018468201023286307,0.019602851677454458,,,-0.0018468201023286307,0.019602851677454458,-0.0018468201023286307,0.019602851677454458,,,-0.0018468201023286307,0.019602851677454458
39,7,-0.0018468201023286307,0.019602851677454458,-0.0018468201023286307,0.019602851677454458,True,-0.0018468201023286307,0.019602851677454458,0.0,-0.3877035620051768,-0.3895503821075054,0.019602851677454458,-0.0018468201023286307,0.019602851677454458,1.0,-0.5441538965273462,-0.0018468201023286307,-0.5245510448498918
39,8,-0.0018468201023286307,0.019602851677454458,-0.0018468201023286307,0.019602851677454458,True,-0.0018468201023286307,0.019602851677454458,,,-0.0018468201023286307,0.019602851677454458,-0.0018468201023286307,0.019602851677454458,,,-0.0018468201023286307,0.019602851677454458
39,9,-0.0018468201023286307,0.019602851677454458,-0.0018468201023286307,0.019602851677454458,True,-0.0018468201023286307,0.019602851677454458,,,-0.0018468201023286307,0.019602851677454458,-0.0018468201023286307,0.019602851677454458,,,-0.0018468201023286307,0.019602851677454458
39,10,-0.3706252521363007,0.019602851677454458,-0.0018468201023286307,0.019602851677454458,False,-0.3706252521363007,0.019602851677454458,,,-0.3706252521363007,0.019602851677454458,-0.0018468201023286307,0.019602851677454458,,,-0.0018468201023286307,0.019602851677454458
39,11,-0.0018468201023286307,0.019602851677454458,-0.0018468201023286307,0.019602851677454458,True,-0.0018468201023286307,0.019602851677454458,,,-0.0018468201023286307,0.019602851677454458,-0.0018468201023286307,0.019602851677454458,,,-0.0018468201023286307,0.019602851677454458
39,12,-0.0018468201023286307,0.019602851677454458,-0.0018468201023286307,0.019602851677454458,True,-0.0018468201023286307,0.019602851677454458,,,-0.0018468201023286307,0.019602851677454458,-0.0018468201023286307,0.019602851677454458,,,-0.0018468201023286307,0.019602851677454458
39,13,-0.0018468201023286307,0.019602851677454458,-0.0018468201023286307,0.019602851677454458,True,-0.0018468201023286307,0.019602851677454458,,,-0.0018468201023286307,0.019602851677454458,-0.0018468201023286307,0.019602851677454458,,,-0.0018468201023286307,0.019602851677454458
39,14,-0.0018468201023286307,0.019602851677454458,-0.0018468201023286307,0.019602851677454458,True,-0.0018468201023286307,0.019602851677454458,,,-0.0018468201023286307,0.019602851677454458,-0.0018468201023286307,0.019602851677454458,,,-0.0018468201023286307,0.019602851677454458
39,15,-0.0018468201023286307,0.019602851677454458,-0.0018468201023286307,0.019602851677454458,True,-0.0018468201023286307,0.019602851677454458,,,-0.0018468201023286307,0.019602851677454458,-0.0018468201023286307,0.019602851677454458,,,-0.0018468201023286307,0.019602851677454458
39,16,-0.0018468201023286307,0.019602851677454458,-0.0018468201023286307,0.019602851677454458,True,-0.0018468201023286307,0.019602851677454458,,,-0.0018468201023286307,0.019602851677454458,-0.0018468201023286307,0.019602851677454458,,,-0.0018468201023286307,0.019602851677454458
39,17,-0.0018468201023286307,0.019602851677454458,-0.0018468201023286307,0.019602851677454458,True,-0.0018468201023286307,0.019602851677454458,,,-0.0018468201023286307,0.019602851677454458,-0.0018468201023286307,0.019602851677454458,,,-0.0018468201023286307,0.019602851677454458
39,18,-0.0018468201023286307,0.019602851677454458,-0.0018468201023286307,0.019602851677454458,True,-0.0018468201023286307,0.019602851677454458,,,-0.0018468201023286307,0.019602851677454458,-0.0018468201023286307,0.019602851677454458,,,-0.0018468201023286307,0.019602851677454458
39,19,-0.0018468201023286307,0.019602851677454458,-0.0018468201023286307,0.019602851677454458,True,-0.0018468201023286307,0.019602851677454458,,,-0.0018468201023286307,0.019602851677454458,-0.0018468201023286307,0.019602851677454458,,,-0.0018468201023286307,0.019602851677454458
39,20,-0.0018468201023286307,0.019602851677454458,-0.0018468201023286307,0.019602851677454458,True,-0.0018468201023286307,0.019602851677454458,,,-0.0018468201023286307,0.019602851677454458,-0.0018468201023286307,0.019602851677454458,,,-0.0018468201023286307,0.019602851677454458
39,21,-0.0018468201023286307,0.019602851677454458,-0.0018468201023286307,0.019602851677454458,True,-0.0018468201023286307,0.019602851677454458,,,-0.0018468201023286307,0.019602851677454458,-0.0018468201023286307,0.019602851677454458,,,-0.0018468201023286307,0.019602851677454458
39,22,-0.0018468201023286307,0.019602851677454458,-0.0018468201023286307,0.019602851677454458,True,-0.0018468201023286307,0.019602851677454458,,,-0.0018468201023286307,0.019602851677454458,-0.0018468201023286307,0.019602851677454458,,,-0.0018468201023286307,0.019602851677454458
39,23,-0.0018468201023286307,0.019602851677454458,-0.0018468201023286307,0.019602851677454458,True,-0.0018468201023286307,0.019602851677454458,,,-0.0018468201023286307,0.019602851677454458,-0.0018468201023286307,0.019602851677454458,,,-0.0018468201023286307,0.019602851677454458
39,24,-0.0018468201023286307,0.019602851677454458,-0.0018468201023286307,0.019602851677454458,True,-0.0018468201023286307,0.019602851677454458,,,-0.0018468201023286307,0.019602851677454458,-0.0018468201023286307,0.019602851677454458,,,-0.0018468201023286307,0.019602851677454458
39,25,-0.0018468201023286307,0.019602851677454458,-0.0018468201023286307,0.019602851677454458,True,-0.0018468201023286307,0.019602851677454458,,,-0.0018468201023286307,0.019602851677454458,-0.0018468201023286307,0.019602851677454458,,,-0.0018468201023286307,0.019602851677454458
40,1,-0.0018468201023286307,0.019602851677454458,-0.0018468201023286307,0.019602851677454458,True,-0.0018468201023286307,0.019602851677454458,,,-0.0018468201023286307,0.019602851677454458,-0.0018468201023286307,0.019602851677454458,,,-0.0018468201023286307,0.019602851677454458
40,2,-0.0018468201023286307,0.019602851677454458,-0.0018468201023286307,0.019602851677454458,True,-0.0018468201023286307,0.019602851677454458,,,-0.0018468201023286307,0.019602851677454458,-0.0018468201023286307,0.019602851677454458,,,-0.0018468201023286307,0.019602851677454458
40,3,-0.0018468201023286307,0.019602851677454458,-0.0018468201023286307,0.019602851677454458,True,-0.0018468201023286307,0.019602851677454458,,,-0.0018468201023286307,0.019602851677454458,-0.0018468201023286307,0.019602851677454458,,,-0.0018468201023286307,0.019602851677454458
40,4,-0.0018468201023286307,0.019602851677454458,-0.0018468201023286307,0.019602851677454458,True,-0.0018468201023286307,0.019602851677454458,,,-0.0018468201023286307,0.019602851677454458,-0.0018468201023286307,0.019602851677454458,,,-0.0018468201023286307,0.019602851677454458
40,5,-0.0018468201023286307,0.019602851677454458,-0.0018468201023286307,0.019602851677454458,True,-0.0018468201023286307,0.019602851677454458,,,-0.0018468201023286307,0.019602851677454458,-0.0018468201023286307,0.019602851677454458,,,-0.0018468201023286307,0.019602851677454458
40,6,-0.0018468201023286307,0.019602851677454458,-0.0018468201023286307,0.019602851677454458,True,-0.0018468201023286307,0.019602851677454458,,,-0.0018468201023286307,0.019602851677454458,-0.0018468201023286307,0.019602851677454458,,,-0.0018468201023286307,0.019602851677454458
40,7,-0.0018468201023286307,0.019602851677454458,-0.0018468201023286307,0.019602851677454458,True,-0.0018468201023286307,0.019602851677454458,,,-0.0018468201023286307,0.019602851677454458,-0.0018468201023286307,0.019602851677454458,,,-0.0018468201023286307,0.019602851677454458
40,8,-0.0018468201023286307,-0.15478348892319654,-0.0018468201023286307,0.019602851677454458,True,-0.0018468201023286307,0.019602851677454458,,,-0.0018468201023286307,0.019602851677454458,-0.0018468201023286307,-0.15478348892319654,,,-0.0018468201023286307,-0.15478348892319654
40,9,-0.0018468201023286307,0.019602851677454458,-0.0018468201023286307,0.019602851677454458,True,-0.0018468201023286307,0.019602851677454458,,,-0.0018468201023286307,0.019602851677454458,-0.0018468201023286307,0.019602851677454458,,,-0.0018468201023286307,0.019602851677454458
40,10,-0.0018468201023286307,0.019602851677454458,-0.0018468201023286307,0.019602851677454458,False,-0.0018468201023286307,0.019602851677454458,1.0,0.0741115480917392,-0.0018468201023286307,0.09371439976919366,-0.0018468201023286307,0.019602851677454458,0.0,0.01558922433231435,0.01374240422998572,0.019602851677454458
40,11,-0.0018468201023286307,0.019602851677454458,-0.0018468201023286307,0.019602851677454458,True,-0.0018468201023286307,0.019602851677454458,,,-0.0018468201023286307,0.019602851677454458,-0.0018468201023286307,0.019602851677454458,0.0,-0.5242138212672629,-0.5260606413695915,0.019602851677454458
40,12,-0.0018468201023286307,0.019602851677454458,-0.0018468201023286307,0.019602851677454458,True,-0.0018468201023286307,0.019602851677454458,,,-0.0018468201023286307,0.019602851677454458,-0.0018468201023286307,0.019602851677454458,,,-0.0018468201023286307,0.019602851677454458
40,13,-0.0018468201023286307,0.019602851677454458,-0.0018468201023286307,0.019602851677454458,True,-0.0018468201023286307,0.019602851677454458,,,-0.0018468201023286307,0.019602851677454458,-0.0018468201023286307,0.019602851677454458,,,-0.0018468201023286307,0.019602851677454458
40,14,-0.0018468201023286307,0.019602851677454458,-0.0018468201023286307,0.019602851677454458,True,-0.0018468201023286307,0.019602851677454458,,,-0.0018468201023286307,0.019602851677454458,-0.0018468201023286307,0.019602851677454458,,,-0.0018468201023286307,0.019602851677454458
40,15,-0.0018468201023286307,0.019602851677454458,-0.0018468201023286307,0.019602851677454458,True,-0.0018468201023286307,0.019602851677454458,,,-0.0018468201023286307,0.019602851677454458,-0.0018468201023286307,0.019602851677454458,,,-0.0018468201023286307,0.019602851677454458
40,16,-0.0018468201023286307,0.019602851677454458,-0.0018468201023286307,0.019602851677454458,True,-0.0018468201023286307,0.019602851677454458,,,-0.0018468201023286307,0.019602851677454458,-0.0018468201023286307,0.019602851677454458,,,-0.0018468201023286307,0.019602851677454458
40,17,-0.0018468201023286307,0.019602851677454458,-0.0018468201023286307,0.019602851677454458,True,-0.0018468201023286307,0.019602851677454458,,,-0.0018468201023286307,0.019602851677454458,-0.0018468201023286307,0.019602851677454458,,,-0.0018468201023286307,0.019602851677454458
40,18,-0.0018468201023286307,0.019602851677454458,-0.0018468201023286307,0.019602851677454458,True,-0.0018468201023286307,0.019602851677454458,0.0,0.5378528124131973,0.5360059923108687,0.019602851677454458,-0.0018468201023286307,0.019602851677454458,,,-0.0018468201023286307,0.019602851677454458
40,19,-0.0018468201023286307,0.019602851677454458,-0.0018468201023286307,0.019602851677454458,True,-0.0018468201023286307,0.019602851677454458,,,-0.0018468201023286307,0.019602851677454458,-0.0018468201023286307,0.019602851677454458,,,-0.0018468201023286307,0.019602851677454458
40,20,-0.0018468201023286307,0.019602851677454458,-0.0018468201023286307,0.019602851677454458,True,-0.0018468201023286307,0.019602851677454458,,,-0.0018468201023286307,0.019602851677454458,-0.0018468201023286307,0.019602851677454458,,,-0.0018468201023286307,0.019602851677454458
40,21,-0.0018468201023286307,0.019602851677454458,-0.0018468201023286307,0.019602851677454458,True,-0.0018468201023286307,0.019602851677454458,,,-0.0018468201023286307,0.019602851677454458,-0.0018468201023286307,0.019602851677454458,,,-0.0018468201023286307,0.019602851677454458
40,22,-0.0018468201023286307,0.019602851677454458,-0.0018468201023286307,0.019602851677454458,True,-0.0018468201023286307,0.019602851677454458,,,-0.0018468201023286307,0.019602851677454458,-0.0018468201023286307,0.019602851677454458,,,-0.0018468201023286307,0.019602851677454458
40,23,-0.0018468201023286307,0.019602851677454458,-0.0018468201023286307,0.019602851677454458,True,-0.0018468201023286307,0.019602851677454458,,,-0.0018468201023286307,0.019602851677454458,-0.0018468201023286307,0.019602851677454458,,,-0.0018468201023286307,0.019602851677454458
40,24,-0.0018468201023286307,0.019602851677454458,-0.0018468201023286307,0.019602851677454458,True,-0.0018468201023286307,0.019602851677454458,,,-0.0018468201023286307,0.019602851677454458,-0.0018468201023286307,0.019602851677454458,,,-0.0018468201023286307,0.019602851677454458
40,25,-0.0018468201023286307,0.019602851677454458,-0.0018468201023286307,0.019602851677454458,False,-0.0018468201023286307,0.019602851677454458,,,-0.0018468201023286307,0.019602851677454458,-0.0018468201023286307,0.019602851677454458,,,-0.0018468201023286307,0.019602851677454458
41,1,-0.0018468201023286307,0.019602851677454458,-0.0018468201023286307,0.019602851677454458,True,-0.0018468201023286307,0.019602851677454458,,,-0.0018468201023286307,0.019602851677454458,-0.0018468201023286307,0.019602851677454458,,,-0.0018468201023286307,0.019602851677454458
41,2,-0.0018468201023286307,0.019602851677454458,-0.0018468201023286307,0.019602851677454458,False,-0.0018468201023286307,0.019602851677454458,,,-0.0018468201023286307,0.019602851677454458,-0.0018468201023286307,0.019602851677454458,0.0,0.5394943200711892,0.5376474999688606,0.019602851677454458
41,3,-0.0018468201023286307,0.019602851677454458,-0.0018468201023286307,0.019602851677454458,True,-0.0018468201023286307,0.019602851677454458,,,-0.0018468201023286307,0.019602851677454458,-0.0018468201023286307,0.019602851677454458,,,-0.0018468201023286307,0.019602851677454458
41,4,-0.0018468201023286307,0.019602851677454458,-0.0018468201023286307,0.019602851677454458,True,-0.0018468201023286307,0.019602851677454458,,,-0.0018468201023286307,0.019602851677454458,-0.0018468201023286307,0.019602851677454458,,,-0.0018468201023286307,0.019602851677454458
41,5,-0.0018468201023286307,0.019602851677454458,-0.0018468201023286307,0.019602851677454458,True,-0.0018468201023286307,0.019602851677454458,,,-0.0018468201023286307,0.019602851677454458,-0.0018468201023286307,0.019602851677454458,,,-0.0018468201023286307,0.019602851677454458
41,6,-0.0018468201023286307,-0.15478348892319654,-0.0018468201023286307,0.019602851677454458,True,-0.0018468201023286307,0.019602851677454458,,,-0.0018468201023286307,0.019602851677454458,-0.0018468201023286307,-0.15478348892319654,,,-0.0018468201023286307,-0.15478348892319654
41,7,-0.0018468201023286307,0.019602851677454458,-0.0018468201023286307,0.019602851677454458,True,-0.0018468201023286307,0.019602851677454458,,,-0.0018468201023286307,0.019602851677454458,-0.0018468201023286307,0.019602851677454458,,,-0.0018468201023286307,0.019602851677454458
41,8,-0.0018468201023286307,0.019602851677454458,-0.0018468201023286307,0.019602851677454458,True,-0.0018468201023286307,0.019602851677454458,,,-0.0018468201023286307,0.019602851677454458,-0.0018468201023286307,0.019602851677454458,,,-0.0018468201023286307,0.019602851677454458
41,9,-0.0018468201023286307,0.019602851677454458,-0.0018468201023286307,0.019602851677454458,True,-0.0018468201023286307,0.019602851677454458,,,-0.0018468201023286307,0.019602851677454458,-0.0018468201023286307,0.019602851677454458,,,-0.0018468201023286307,0.019602851677454458
41,10,-0.0018468201023286307,0.019602851677454458,-0.0018468201023286307,0.019602851677454458,True,-0.0018468201023286307,0.019602851677454458,,,-0.0018468201023286307,0.019602851677454458,-0.0018468201023286307,0.019602851677454458,,,-0.0018468201023286307,0.019602851677454458
41,11,-0.0018468201023286307,0.019602851677454458,-0.0018468201023286307,0.019602851677454458,True,-0.0018468201023286307,0.019602851677454458,,,-0.0018468201023286307,0.019602851677454458,-0.0018468201023286307,0.019602851677454458,,,-0.0018468201023286307,0.019602851677454458
41,12,-0.0018468201023286307,0.019602851677454458,-0.0018468201023286307,0.019602851677454458,True,-0.0018468201023286307,0.019602851677454458,,,-0.0018468201023286307,0.019602851677454458,-0.0018468201023286307,0.019602851677454458,0.0,0.2851004519560457,0.2832536318537171,0.019602851677454458
41,13,-0.0018468201023286307,0.019602851677454458,-0.0018468201023286307,0.019602851677454458,True,-0.0018468201023286307,0.019602851677454458,,,-0.0018468201023286307,0.019602851677454458,-0.0018468201023286307,0.019602851677454458,1.0,-0.10981557595870767,-0.0018468201023286307,-0.09021272428125321
41,14,-0.0018468201023286307,0.019602851677454458,-0.0018468201023286307,0.019602851677454458,False,-0.0018468201023286307,0.019602851677454458,,,-0.0018468201023286307,0.019602851677454458,-0.0018468201023286307,0.019602851677454458,,,-0.0018468201023286307,0.019602851677454458
41,15,-0.0018468201023286307,0.019602851677454458,-0.0018468201023286307,0.019602851677454458,True,-0.0018468201023286307,0.019602851677454458,,,-0.0018468201023286307,0.019602851677454458,-0.0018468201023286307,0.019602851677454458,,,-0.0018468201023286307,0.019602851677454458
41,16,-0.0018468201023286307,0.019602851677454458,-0.0018468201023286307,0.019602851677454458,True,-0.0018468201023286307,0.019602851677454458,,,-0.0018468201023286307,0.019602851677454458,-0.0018468201023286307,0.019602851677454458,,,-0.0018468201023286307,0.019602851677454458
41,17,-0.0018468201023286307,0.019602851677454458,-0.0018468201023286307,0.019602851677454458,False,-0.0018468201023286307,0.019602851677454458,,,-0.0018468201023286307,0.019602851677454458,-0.0018468201023286307,0.019602851677454458,,,-0.0018468201023286307,0.019602851677454458
41,18,-0.0018468201023286307,0.019602851677454458,-0.0018468201023286307,0.019602851677454458,True,-0.0018468201023286307,0.019602851677454458,,,-0.0018468201023286307,0.019602851677454458,-0.0018468201023286307,0.019602851677454458,,,-0.0018468201023286307,0.019602851677454458
41,19,-0.0018468201023286307,0.019602851677454458,-0.0018468201023286307,0.019602851677454458,True,-0.0018468201023286307,0.019602851677454458,,,-0.0018468201023286307,0.019602851677454458,-0.0018468201023286307,0.019602851677454458,,,-0.0018468201023286307,0.019602851677454458
41,20,-0.0018468201023286307,0.019602851677454458,-0.0018468201023286307,0.019602851677454458,True,-0.0018468201023286307,0.019602851677454458,,,-0.0018468201023286307,0.019602851677454458,-0.0018468201023286307,0.019602851677454458,,,-0.0018468201023286307,0.019602851677454458
41,21,-0.0018468201023286307,0.019602851677454458,-0.0018468201023286307,0.019602851677454458,True,-0.0018468201023286307,0.019602851677454458,,,-0.0018468201023286307,0.019602851677454458,-0.0018468201023286307,0.019602851677454458,,,-0.0018468201023286307,0.019602851677454458
41,22,0.01374240422998572,0.019602851677454458,-0.0018468201023286307,0.019602851677454458,True,0.01374240422998572,0.019602851677454458,,,0.01374240422998572,0.019602851677454458,-0.0018468201023286307,0.019602851677454458,,,-0.0018468201023286307,0.019602851677454458
41,23,-0.0018468201023286307,0.019602851677454458,-0.0018468201023286307,-0.15478348892319654,True,-0.0018468201023286307,-0.15478348892319654,,,-0.0018468201023286307,-0.15478348892319654,-0.0018468201023286307,0.019602851677454458,,,-0.0018468201023286307,0.019602851677454458
41,24,-0.0018468201023286307,0.019602851677454458,-0.0018468201023286307,0.019602851677454458,True,-0.0018468201023286307,0.019602851677454458,,,-0.0018468201023286307,0.019602851677454458,-0.0018468201023286307,0.019602851677454458,,,-0.0018468201023286307,0.019602851677454458
41,25,-0.0018468201023286307,0.019602851677454458,-0.0018468201023286307,0.019602851677454458,True,-0.0018468201023286307,0.019602851677454458,,,-0.0018468201023286307,0.019602851677454458,-0.0018468201023286307,0.019602851677454458,,,-0.0018468201023286307,0.019602851677454458
42,1,-0.0018468201023286307,0.019602851677454458,-0.0018468201023286307,0.019602851677454458,True,-0.0018468201023286307,0.019602851677454458,,,-0.0018468201023286307,0.019602851677454458,-0.0018468201023286307,0.019602851677454458,,,-0.0018468201023286307,0.019602851677454458
42,2,-0.0018468201023286307,0.019602851677454458,-0.0018468201023286307,0.019602851677454458,False,-0.0018468201023286307,0.019602851677454458,,,-0.0018468201023286307,0.019602851677454458,-0.0018468201023286307,0.019602851677454458,,,-0.0018468201023286307,0.019602851677454458
42,3,-0.0018468201023286307,0.019602851677454458,-0.0018468201023286307,0.019602851677454458,True,-0.0018468201023286307,0.019602851677454458,,,-0.0018468201023286307,0.019602851677454458,-0.0018468201023286307,0.019602851677454458,1.0,-0.922939437313412,-0.0018468201023286307,-0.9033365856359575
42,4,-0.0018468201023286307,0.019602851677454458,-0.0018468201023286307,0.019602851677454458,True,-0.0018468201023286307,0.019602851677454458,,,-0.0018468201023286307,0.019602851677454458,-0.0018468201023286307,0.019602851677454458,,,-0.0018468201023286307,0.019602851677454458
42,5,-0.0018468201023286307,0.019602851677454458,-0.0018468201023286307,0.019602851677454458,False,-0.0018468201023286307,0.019602851677454458,,,-0.0018468201023286307,0.019602851677454458,-0.0018468201023286307,0.019602851677454458,,,-0.0018468201023286307,0.019602851677454458
42,6,-0.0018468201023286307,0.019602851677454458,-0.0018468201023286307,0.019602851677454458,True,-0.0018468201023286307,0.019602851677454458,,,-0.0018468201023286307,0.019602851677454458,-0.0018468201023286307,0.019602851677454458,1.0,-0.4487103603857164,-0.0018468201023286307,-0.4291075087082619
42,7,-0.0018468201023286307,0.019602851677454458,-0.0018468201023286307,0.019602851677454458,True,-0.0018468201023286307,0.019602851677454458,,,-0.0018468201023286307,0.019602851677454458,-0.0018468201023286307,0.019602851677454458,,,-0.0018468201023286307,0.019602851677454458
42,8,-0.0018468201023286307,0.019602851677454458,0.01374240422998572,0.019602851677454458,True,-0.0018468201023286307,0.019602851677454458,,,-0.0018468201023286307,0.019602851677454458,0.01374240422998572,0.019602851677454458,,,0.01374240422998572,0.019602851677454458
42,9,0.01374240422998572,0.019602851677454458,-0.0018468201023286307,0.019602851677454458,True,0.01374240422998572,0.019602851677454458,,,0.01374240422998572,0.019602851677454458,-0.0018468201023286307,0.019602851677454458,,,-0.0018468201023286307,0.019602851677454458
42,10,-0.0018468201023286307,0.019602851677454458,-0.0018468201023286307,0.019602851677454458,True,-0.0018468201023286307,0.019602851677454458,,,-0.0018468201023286307,0.019602851677454458,-0.0018468201023286307,0.019602851677454458,,,-0.0018468201023286307,0.019602851677454458
42,11,0.01374240422998572,0.019602851677454458,-0.0018468201023286307,0.019602851677454458,True,0.01374240422998572,0.019602851677454458,,,0.01374240422998572,0.019602851677454458,-0.0018468201023286307,0.019602851677454458,,,-0.0018468201023286307,0.019602851677454458
42,12,-0.0018468201023286307,0.019602851677454458,-0.0018468201023286307,-0.09021272428125321,True,-0.0018468201023286307,-0.09021272428125321,,,-0.0018468201023286307,-0.09021272428125321,-0.0018468201023286307,0.019602851677454458,,,-0.0018468201023286307,0.019602851677454458
42,13,-0.0018468201023286307,0.019602851677454458,-0.0018468201023286307,0.019602851677454458,True,-0.0018468201023286307,0.019602851677454458,,,-0.0018468201023286307,0.019602851677454458,-0.0018468201023286307,0.019602851677454458,,,-0.0018468201023286307,0.019602851677454458
42,14,-0.0018468201023286307,0.019602851677454458,0.01374240422998572,0.019602851677454458,True,-0.0018468201023286307,0.019602851677454458,,,-0.0018468201023286307,0.019602851677454458,0.01374240422998572,0.019602851677454458,,,0.01374240422998572,0.019602851677454458
42,15,-0.0018468201023286307,0.019602851677454458,-0.0018468201023286307,0.019602851677454458,True,-0.0018468201023286307,0.019602851677454458,,,-0.0018468201023286307,0.019602851677454458,-0.0018468201023286307,0.019602851677454458,,,-0.0018468201023286307,0.019602851677454458
42,16,-0.0018468201023286307,0.019602851677454458,-0.0018468201023286307,0.019602851677454458,False,-0.0018468201023286307,0.019602851677454458,,,-0.0018468201023286307,0.019602851677454458,-0.0018468201023286307,0.019602851677454458,,,-0.0018468201023286307,0.019602851677454458
42,17,-0.0018468201023286307,0.019602851677454458,-0.0018468201023286307,0.019602851677454458,True,-0.0018468201023286307,0.019602851677454458,,,-0.0018468201023286307,0.019602851677454458,-0.0018468201023286307,0.019602851677454458,,,-0.0018468201023286307,0.019602851677454458
42,18,-0.0018468201023286307,0.019602851677454458,-0.0018468201023286307,0.019602851677454458,True,-0.0018468201023286307,0.019602851677454458,,,-0.0018468201023286307,0.019602851677454458,-0.0018468201023286307,0.019602851677454458,,,-0.0018468201023286307,0.019602851677454458
42,19,-0.0018468201023286307,0.019602851677454458,0.2832536318537171,0.019602851677454458,True,-0.0018468201023286307,0.019602851677454458,0.0,-0.968000564542065,-0.9698473846443936,0.019602851677454458,0.2832536318537171,0.019602851677454458,,,0.2832536318537171,0.019602851677454458
42,20,-0.0018468201023286307,0.019602851677454458,-0.0018468201023286307,0.019602851677454458,True,-0.0018468201023286307,0.019602851677454458,,,-0.0018468201023286307,0.019602851677454458,-0.0018468201023286307,0.019602851677454458,,,-0.0018468201023286307,0.019602851677454458
42,21,-0.0018468201023286307,0.019602851677454458,-0.0018468201023286307,0.019602851677454458,True,-0.0018468201023286307,0.019602851677454458,,,-0.0018468201023286307,0.019602851677454458,-0.0018468201023286307,0.019602851677454458,,,-0.0018468201023286307,0.019602851677454458
42,22,-0.0018468201023286307,0.019602851677454458,-0.0018468201023286307,-0.15478348892319654,True,-0.0018468201023286307,-0.15478348892319654,0.0,-0.03281534094329327,-0.0346621610456219,-0.15478348892319654,-0.0018468201023286307,0.019602851677454458,,,-0.0018468201023286307,0.019602851677454458
42,23,-0.0018468201023286307,0.019602851677454458,-0.0018468201023286307,0.019602851677454458,True,-0.0018468201023286307,0.019602851677454458,,,-0.0018468201023286307,0.019602851677454458,-0.0018468201023286307,0.019602851677454458,,,-0.0018468201023286307,0.019602851677454458
42,24,-0.0018468201023286307,0.019602851677454458,-0.0018468201023286307,0.019602851677454458,True,-0.0018468201023286307,0.019602851677454458,,,-0.0018468201023286307,0.019602851677454458,-0.0018468201023286307,0.019602851677454458,,,-0.0018468201023286307,0.019602851677454458
42,25,-0.0018468201023286307,0.019602851677454458,-0.0018468201023286307,0.019602851677454458,True,-0.0018468201023286307,0.019602851677454458,,,-0.0018468201023286307,0.019602851677454458,-0.0018468201023286307,0.019602851677454458,,,-0.0018468201023286307,0.019602851677454458
43,1,-0.0018468201023286307,0.019602851677454458,-0.0018468201023286307,0.019602851677454458,True,-0.0018468201023286307,0.019602851677454458,,,-0.0018468201023286307,0.019602851677454458,-0.0018468201023286307,0.019602851677454458,,,-0.0018468201023286307,0.019602851677454458
43,2,-0.0018468201023286307,0.019602851677454458,-0.0018468201023286307,0.019602851677454458,True,-0.0018468201023286307,0.019602851677454458,,,-0.0018468201023286307,0.019602851677454458,-0.0018468201023286307,0.019602851677454458,,,-0.0018468201023286307,0.019602851677454458
43,3,-0.0018468201023286307,0.019602851677454458,-0.0018468201023286307,0.019602851677454458,False,-0.0018468201023286307,0.019602851677454458,,,-0.0018468201023286307,0.019602851677454458,-0.0018468201023286307,0.019602851677454458,,,-0.0018468201023286307,0.019602851677454458
43,4,-0.0018468201023286307,0.019602851677454458,-0.0018468201023286307,0.019602851677454458,True,-0.0018468201023286307,0.019602851677454458,,,-0.0018468201023286307,0.019602851677454458,-0.0018468201023286307,0.019602851677454458,,,-0.0018468201023286307,0.019602851677454458
43,5,-0.0018468201023286307,0.019602851677454458,-0.0018468201023286307,0.019602851677454458,True,-0.0018468201023286307,0.019602851677454458,0.0,0.25274802210413755,0.25090120200180893,0.019602851677454458,-0.0018468201023286307,0.019602851677454458,,,-0.0018468201023286307,0.019602851677454458
43,6,-0.0018468201023286307,0.019602851677454458,-0.0018468201023286307,0.019602851677454458,True,-0.0018468201023286307,0.019602851677454458,,,-0.0018468201023286307,0.019602851677454458,-0.0018468201023286307,0.019602851677454458,,,-0.0018468201023286307,0.019602851677454458
43,7,-0.0018468201023286307,0.019602851677454458,-0.0018468201023286307,0.019602851677454458,True,-0.0018468201023286307,0.019602851677454458,,,-0.0018468201023286307,0.019602851677454458,-0.0018468201023286307,0.019602851677454458,,,-0.0018468201023286307,0.019602851677454458
43,8,-0.0018468201023286307,0.019602851677454458,-0.0018468201023286307,0.019602851677454458,False,-0.0018468201023286307,0.019602851677454458,,,-0.0018468201023286307,0.019602851677454458,-0.0018468201023286307,0.019602851677454458,,,-0.0018468201023286307,0.019602851677454458
43,9,-0.0018468201023286307,0.019602851677454458,-0.0018468201023286307,0.019602851677454458,False,-0.0018468201023286307,0.019602851677454458,,,-0.0018468201023286307,0.019602851677454458,-0.0018468201023286307,0.019602851677454458,,,-0.0018468201023286307,0.019602851677454458
43,10,-0.0018468201023286307,0.019602851677454458,0.01374240422998572,0.019602851677454458,True,-0.0018468201023286307,0.019602851677454458,,,-0.0018468201023286307,0.019602851677454458,0.01374240422998572,0.019602851677454458,,,0.01374240422998572,0.019602851677454458
43,11,-0.0018468201023286307,0.019602851677454458,0.01374240422998572,0.019602851677454458,True,-0.0018468201023286307,0.019602851677454458,1.0,-0.0028837730913916226,-0.0018468201023286307,0.016719078586062835,0.01374240422998572,0.019602851677454458,,,0.01374240422998572,0.019602851677454458
43,12,-0.0018468201023286307,0.019602851677454458,-0.0018468201023286307,0.019602851677454458,False,-0.0018468201023286307,0.019602851677454458,,,-0.0018468201023286307,0.019602851677454458,-0.0018468201023286307,0.019602851677454458,,,-0.0018468201023286307,0.019602851677454458
43,13,-0.0018468201023286307,0.019602851677454458,-0.0018468201023286307,0.019602851677454458,True,-0.0018468201023286307,0.019602851677454458,,,-0.0018468201023286307,0.019602851677454458,-0.0018468201023286307,0.019602851677454458,,,-0.0018468201023286307,0.019602851677454458
43,14,-0.0018468201023286307,0.019602851677454458,0.01374240422998572,0.019602851677454458,True,-0.0018468201023286307,0.019602851677454458,,,-0.0018468201023286307,0.019602851677454458,0.01374240422998572,0.019602851677454458,,,0.01374240422998572,0.019602851677454458
43,15,-0.0018468201023286307,0.019602851677454458,-0.0018468201023286307,0.019602851677454458,True,-0.0018468201023286307,0.019602851677454458,,,-0.0018468201023286307,0.019602851677454458,-0.0018468201023286307,0.019602851677454458,1.0,-0.07003772061248031,-0.0018468201023286307,-0.050434868935025856
43,16,0.01374240422998572,0.019602851677454458,-0.0018468201023286307,0.019602851677454458,True,0.01374240422998572,0.019602851677454458,,,0.01374240422998572,0.019602851677454458,-0.0018468201023286307,0.019602851677454458,,,-0.0018468201023286307,0.019602851677454458
43,17,-0.0018468201023286307,0.019602851677454458,0.01374240422998572,0.019602851677454458,False,-0.0018468201023286307,0.019602851677454458,,,-0.0018468201023286307,0.019602851677454458,0.01374240422998572,0.019602851677454458,,,0.01374240422998572,0.019602851677454458
43,18,-0.0018468201023286307,0.019602851677454458,-0.0018468201023286307,0.019602851677454458,True,-0.0018468201023286307,0.019602851677454458,,,-0.0018468201023286307,0.019602851677454458,-0.0018468201023286307,0.019602851677454458,1.0,-0.49282808448334026,-0.0018468201023286307,-0.4732252328058858
43,19,-0.0018468201023286307,0.019602851677454458,-0.0018468201023286307,0.019602851677454458,True,-0.0018468201023286307,0.019602851677454458,,,-0.0018468201023286307,0.019602851677454458,-0.0018468201023286307,0.019602851677454458,,,-0.0018468201023286307,0.019602851677454458
43,20,-0.0018468201023286307,0.019602851677454458,-0.0018468201023286307,0.019602851677454458,True,-0.0018468201023286307,0.019602851677454458,,,-0.0018468201023286307,0.019602851677454458,-0.0018468201023286307,0.019602851677454458,,,-0.0018468201023286307,0.019602851677454458
43,21,-0.0018468201023286307,0.019602851677454458,-0.0018468201023286307,0.019602851677454458,True,-0.0018468201023286307,0.019602851677454458,,,-0.0018468201023286307,0.019602851677454458,-0.0018468201023286307,0.019602851677454458,,,-0.0018468201023286307,0.019602851677454458
43,22,-0.0018468201023286307,0.019602851677454458,-0.0018468201023286307,0.019602851677454458,True,-0.0018468201023286307,0.019602851677454458,,,-0.0018468201023286307,0.019602851677454458,-0.0018468201023286307,0.019602851677454458,,,-0.0018468201023286307,0.019602851677454458
43,23,-0.0018468201023286307,0.019602851677454458,-0.0018468201023286307,0.019602851677454458,True,-0.0018468201023286307,0.019602851677454458,,,-0.0018468201023286307,0.019602851677454458,-0.0018468201023286307,0.019602851677454458,,,-0.0018468201023286307,0.019602851677454458
43,24,-0.0018468201023286307,0.019602851677454458,-0.0018468201023286307,0.019602851677454458,True,-0.0018468201023286307,0.019602851677454458,,,-0.0018468201023286307,0.019602851677454458,-0.0018468201023286307,0.019602851677454458,,,-0.0018468201023286307,0.019602851677454458
43,25,-0.0018468201023286307,0.019602851677454458,-0.0018468201023286307,0.019602851677454458,True,-0.0018468201023286307,0.019602851677454458,,,-0.0018468201023286307,0.019602851677454458,-0.0018468201023286307,0.019602851677454458,,,-0.0018468201023286307,0.019602851677454458
44,1,-0.0018468201023286307,0.019602851677454458,-0.0018468201023286307,0.019602851677454458,True,-0.0018468201023286307,0.019602851677454458,,,-0.0018468201023286307,0.019602851677454458,-0.0018468201023286307,0.019602851677454458,,,-0.0018468201023286307,0.019602851677454458
44,2,-0.0018468201023286307,0.019602851677454458,-0.0018468201023286307,0.019602851677454458,True,-0.0018468201023286307,0.019602851677454458,,,-0.0018468201023286307,0.019602851677454458,-0.0018468201023286307,0.019602851677454458,,,-0.0018468201023286307,0.019602851677454458
44,3,-0.0018468201023286307,0.019602851677454458,-0.0018468201023286307,0.019602851677454458,True,-0.0018468201023286307,0.019602851677454458,,,-0.0018468201023286307,0.019602851677454458,-0.0018468201023286307,0.019602851677454458,0.0,-0.018726542491649754,-0.020573362593978385,0.019602851677454458
44,4,-0.0018468201023286307,0.019602851677454458,-0.0018468201023286307,0.019602851677454458,True,-0.0018468201023286307,0.019602851677454458,,,-0.0018468201023286307,0.019602851677454458,-0.0018468201023286307,0.019602851677454458,,,-0.0018468201023286307,0.019602851677454458
44,5,-0.0018468201023286307,0.019602851677454458,-0.0018468201023286307,0.019602851677454458,False,-0.0018468201023286307,0.019602851677454458,,,-0.0018468201023286307,0.019602851677454458,-0.0018468201023286307,0.019602851677454458,,,-0.0018468201023286307,0.019602851677454458
44,6,-0.0018468201023286307,0.019602851677454458,0.01374240422998572,0.019602851677454458,True,-0.0018468201023286307,0.019602851677454458,,,-0.0018468201023286307,0.019602851677454458,0.01374240422998572,0.019602851677454458,,,0.01374240422998572,0.019602851677454458
44,7,-0.0018468201023286307,0.019602851677454458,-0.0018468201023286307,0.019602851677454458,True,-0.0018468201023286307,0.019602851677454458,,,-0.0018468201023286307,0.019602851677454458,-0.0018468201023286307,0.019602851677454458,,,-0.0018468201023286307,0.019602851677454458
44,8,-0.0018468201023286307,0.019602851677454458,-0.0018468201023286307,0.016719078586062835,True,-0.0018468201023286307,0.016719078586062835,,,-0.0018468201023286307,0.016719078586062835,-0.0018468201023286307,0.019602851677454458,,,-0.0018468201023286307,0.019602851677454458
44,9,0.01374240422998572,0.019602851677454458,-0.0018468201023286307,0.019602851677454458,True,0.01374240422998572,0.019602851677454458,,,0.01374240422998572,0.019602851677454458,-0.0018468201023286307,0.019602851677454458,,,-0.0018468201023286307,0.019602851677454458
44,10,-0.0018468201023286307,0.019602851677454458,-0.0018468201023286307,0.019602851677454458,True,-0.0018468201023286307,0.019602851677454458,,,-0.0018468201023286307,0.019602851677454458,-0.0018468201023286307,0.019602851677454458,,,-0.0018468201023286307,0.019602851677454458
44,11,-0.0018468201023286307,0.019602851677454458,-0.0018468201023286307,0.019602851677454458,True,-0.0018468201023286307,0.019602851677454458,,,-0.0018468201023286307,0.019602851677454458,-0.0018468201023286307,0.019602851677454458,,,-0.0018468201023286307,0.019602851677454458
44,12,-0.0018468201023286307,0.019602851677454458,-0.0018468201023286307,0.019602851677454458,False,-0.0018468201023286307,0.019602851677454458,,,-0.0018468201023286307,0.019602851677454458,-0.0018468201023286307,0.019602851677454458,,,-0.0018468201023286307,0.019602851677454458
44,13,-0.0018468201023286307,0.019602851677454458,-0.0018468201023286307,0.019602851677454458,True,-0.0018468201023286307,0.019602851677454458,,,-0.0018468201023286307,0.019602851677454458,-0.0018468201023286307,0.019602851677454458,,,-0.0018468201023286307,0.019602851677454458
44,14,-0.0018468201023286307,0.019602851677454458,-0.0018468201023286307,0.019602851677454458,False,-0.0018468201023286307,0.019602851677454458,,,-0.0018468201023286307,0.019602851677454458,-0.0018468201023286307,0.019602851677454458,,,-0.0018468201023286307,0.019602851677454458
44,15,-0.0018468201023286307,0.019602851677454458,-0.0018468201023286307,0.019602851677454458,True,-0.0018468201023286307,0.019602851677454458,,,-0.0018468201023286307,0.019602851677454458,-0.0018468201023286307,0.019602851677454458,,,-0.0018468201023286307,0.019602851677454458
44,16,-0.0018468201023286307,0.019602851677454458,0.01374240422998572,0.019602851677454458,True,-0.0018468201023286307,0.019602851677454458,,,-0.0018468201023286307,0.019602851677454458,0.01374240422998572,0.019602851677454458,,,0.01374240422998572,0.019602851677454458
44,17,-0.0018468201023286307,0.019602851677454458,-0.0018468201023286307,0.019602851677454458,False,-0.0018468201023286307,0.019602851677454458,,,-0.0018468201023286307,0.019602851677454458,-0.0018468201023286307,0.019602851677454458,,,-0.0018468201023286307,0.019602851677454458
44,18,-0.0018468201023286307,0.019602851677454458,0.01374240422998572,0.019602851677454458,True,-0.0018468201023286307,0.019602851677454458,,,-0.0018468201023286307,0.019602851677454458,0.01374240422998572,0.019602851677454458,,,0.01374240422998572,0.019602851677454458
44,19,-0.0018468201023286307,0.019602851677454458,-0.0018468201023286307,0.019602851677454458,True,-0.0018468201023286307,0.019602851677454458,,,-0.0018468201023286307,0.019602851677454458,-0.0018468201023286307,0.019602851677454458,,,-0.0018468201023286307,0.019602851677454458
44,20,-0.0018468201023286307,0.019602851677454458,-0.0018468201023286307,0.019602851677454458,True,-0.0018468201023286307,0.019602851677454458,,,-0.0018468201023286307,0.019602851677454458,-0.0018468201023286307,0.019602851677454458,,,-0.0018468201023286307,0.019602851677454458
44,21,0.01374240422998572,0.019602851677454458,-0.0018468201023286307,0.019602851677454458,True,0.01374240422998572,0.019602851677454458,,,0.01374240422998572,0.019602851677454458,-0.0018468201023286307,0.019602851677454458,,,-0.0018468201023286307,0.019602851677454458
44,22,-0.0018468201023286307,0.019602851677454458,-0.0018468201023286307,0.019602851677454458,True,-0.0018468201023286307,0.019602851677454458,,,-0.0018468201023286307,0.019602851677454458,-0.0018468201023286307,0.019602851677454458,,,-0.0018468201023286307,0.019602851677454458
44,23,-0.0018468201023286307,0.019602851677454458,-0.0018468201023286307,0.019602851677454458,False,-0.0018468201023286307,0.019602851677454458,,,-0.0018468201023286307,0.019602851677454458,-0.0018468201023286307,0.019602851677454458,,,-0.0018468201023286307,0.019602851677454458
44,24,-0.0018468201023286307,0.019602851677454458,-0.0018468201023286307,0.019602851677454458,True,-0.0018468201023286307,0.019602851677454458,,,-0.0018468201023286307,0.019602851677454458,-0.0018468201023286307,0.019602851677454458,,,-0.0018468201023286307,0.019602851677454458
44,25,-0.0018468201023286307,0.019602851677454458,-0.0018468201023286307,0.019602851677454458,False,-0.0018468201023286307,0.019602851677454458,,,-0.0018468201023286307,0.019602851677454458,-0.0018468201023286307,0.019602851677454458,,,-0.0018468201023286307,0.019602851677454458
45,1,-0.0018468201023286307,0.019602851677454458,-0.0018468201023286307,0.016719078586062835,True,-0.0018468201023286307,0.016719078586062835,,,-0.0018468201023286307,0.016719078586062835,-0.0018468201023286307,0.019602851677454458,,,-0.0018468201023286307,0.019602851677454458
45,2,-0.0018468201023286307,0.019602851677454458,0.01374240422998572,0.019602851677454458,False,-0.0018468201023286307,0.019602851677454458,,,-0.0018468201023286307,0.019602851677454458,0.01374240422998572,0.019602851677454458,,,0.01374240422998572,0.019602851677454458
45,3,-0.0018468201023286307,0.019602851677454458,-0.0018468201023286307,0.019602851677454458,False,-0.0018468201023286307,0.019602851677454458,,,-0.0018468201023286307,0.019602851677454458,-0.0018468201023286307,0.019602851677454458,,,-0.0018468201023286307,0.019602851677454458
45,4,-0.0018468201023286307,0.019602851677454458,-0.0018468201023286307,0.019602851677454458,True,-0.0018468201023286307,0.019602851677454458,,,-0.0018468201023286307,0.019602851677454458,-0.0018468201023286307,0.019602851677454458,,,-0.0018468201023286307,0.019602851677454458
45,5,-0.0018468201023286307,0.019602851677454458,-0.0018468201023286307,0.019602851677454458,True,-0.0018468201023286307,0.019602851677454458,,,-0.0018468201023286307,0.019602851677454458,-0.0018468201023286307,0.019602851677454458,,,-0.0018468201023286307,0.019602851677454458
45,6,-0.0018468201023286307,0.019602851677454458,-0.0018468201023286307,0.019602851677454458,True,-0.0018468201023286307,0.019602851677454458,,,-0.0018468201023286307,0.019602851677454458,-0.0018468201023286307,0.019602851677454458,,,-0.0018468201023286307,0.019602851677454458
45,7,-0.0018468201023286307,0.019602851677454458,-0.0018468201023286307,0.019602851677454458,True,-0.0018468201023286307,0.019602851677454458,,,-0.0018468201023286307,0.019602851677454458,-0.0018468201023286307,0.019602851677454458,,,-0.0018468201023286307,0.019602851677454458
45,8,-0.0018468201023286307,0.019602851677454458,-0.0018468201023286307,0.019602851677454458,True,-0.0018468201023286307,0.019602851677454458,,,-0.0018468201023286307,0.019602851677454458,-0.0018468201023286307,0.019602851677454458,,,-0.0018468201023286307,0.019602851677454458
45,9,-0.0018468201023286307,0.019602851677454458,-0.0018468201023286307,0.019602851677454458,True,-0.0018468201023286307,0.019602851677454458,,,-0.0018468201023286307,0.019602851677454458,-0.0018468201023286307,0.019602851677454458,,,-0.0018468201023286307,0.019602851677454458
45,10,-0.0018468201023286307,0.019602851677454458,-0.0018468201023286307,0.019602851677454458,False,-0.0018468201023286307,0.019602851677454458,,,-0.0018468201023286307,0.019602851677454458,-0.0018468201023286307,0.019602851677454458,,,-0.0018468201023286307,0.019602851677454458
45,11,-0.0018468201023286307,0.019602851677454458,-0.0018468201023286307,0.019602851677454458,True,-0.0018468201023286307,0.019602851677454458,,,-0.0018468201023286307,0.019602851677454458,-0.0018468201023286307,0.019602851677454458,,,-0.0018468201023286307,0.019602851677454458
45,12,-0.0018468201023286307,0.019602851677454458,-0.0018468201023286307,0.019602851677454458,True,-0.0018468201023286307,0.019602851677454458,,,-0.0018468201023286307,0.019602851677454458,-0.0018468201023286307,0.019602851677454458,,,-0.0018468201023286307,0.019602851677454458
45,13,-0.0018468201023286307,0.019602851677454458,-0.0018468201023286307,0.019602851677454458,False,-0.0018468201023286307,0.019602851677454458,,,-0.0018468201023286307,0.019602851677454458,-0.0018468201023286307,0.019602851677454458,,,-0.0018468201023286307,0.019602851677454458
45,14,-0.0018468201023286307,0.019602851677454458,-0.0018468201023286307,0.019602851677454458,True,-0.0018468201023286307,0.019602851677454458,,,-0.0018468201023286307,0.019602851677454458,-0.0018468201023286307,0.019602851677454458,,,-0.0018468201023286307,0.019602851677454458
45,15,-0.0018468201023286307,0.019602851677454458,-0.0018468201023286307,0.019602851677454458,False,-0.0018468201023286307,0.019602851677454458,,,-0.0018468201023286307,0.019602851677454458,-0.0018468201023286307,0.019602851677454458,,,-0.0018468201023286307,0.019602851677454458
45,16,-0.0018468201023286307,0.019602851677454458,0.01374240422998572,0.019602851677454458,False,-0.0018468201023286307,0.019602851677454458,1.0,-0.003955495062363205,-0.0018468201023286307,0.015647356615091253,0.01374240422998572,0.019602851677454458,1.0,0.2362255071776505,0.01374240422998572,0.25582835885510496
45,17,-0.0018468201023286307,0.019602851677454458,-0.0018468201023286307,0.019602851677454458,True,-0.0018468201023286307,0.019602851677454458,,,-0.0018468201023286307,0.019602851677454458,-0.0018468201023286307,0.019602851677454458,1.0,0.09764104924485217,-0.0018468201023286307,0.11724390092230663
45,18,-0.0018468201023286307,0.019602851677454458,-0.0018468201023286307,0.019602851677454458,True,-0.0018468201023286307,0.019602851677454458,,,-0.0018468201023286307,0.019602851677454458,-0.0018468201023286307,0.019602851677454458,,,-0.0018468201023286307,0.019602851677454458
45,19,-0.0018468201023286307,0.019602851677454458,-0.0018468201023286307,0.019602851677454458,True,-0.0018468201023286307,0.019602851677454458,,,-0.0018468201023286307,0.019602851677454458,-0.0018468201023286307,0.019602851677454458,,,-0.0018468201023286307,0.019602851677454458
45,20,-0.0018468201023286307,0.019602851677454458,-0.0018468201023286307,0.019602851677454458,True,-0.0018468201023286307,0.019602851677454458,,,-0.0018468201023286307,0.019602851677454458,-0.0018468201023286307,0.019602851677454458,,,-0.0018468201023286307,0.019602851677454458
45,21,-0.0018468201023286307,0.019602851677454458,-0.0018468201023286307,0.019602851677454458,True,-0.0018468201023286307,0.019602851677454458,,,-0.0018468201023286307,0.019602851677454458,-0.0018468201023286307,0.019602851677454458,,,-0.0018468201023286307,0.019602851677454458
45,22,0.01374240422998572,0.019602851677454458,-0.0018468201023286307,0.019602851677454458,True,0.01374240422998572,0.019602851677454458,,,0.01374240422998572,0.019602851677454458,-0.0018468201023286307,0.019602851677454458,,,-0.0018468201023286307,0.019602851677454458
45,23,-0.0018468201023286307,0.019602851677454458,-0.0018468201023286307,0.019602851677454458,False,-0.0018468201023286307,0.019602851677454458,,,-0.0018468201023286307,0.019602851677454458,-0.0018468201023286307,0.019602851677454458,,,-0.0018468201023286307,0.019602851677454458
45,24,-0.0018468201023286307,0.019602851677454458,-0.0018468201023286307,0.016719078586062835,True,-0.0018468201023286307,0.016719078586062835,,,-0.0018468201023286307,0.016719078586062835,-0.0018468201023286307,0.019602851677454458,,,-0.0018468201023286307,0.019602851677454458
45,25,-0.0018468201023286307,0.019602851677454458,-0.0018468201023286307,0.019602851677454458,False,-0.0018468201023286307,0.019602851677454458,1.0,-0.24355790519881362,-0.0018468201023286307,-0.22395505352135917,-0.0018468201023286307,0.019602851677454458,,,-0.0018468201023286307,0.019602851677454458
46,1,-0.0018468201023286307,0.019602851677454458,-0.0018468201023286307,0.019602851677454458,True,-0.0018468201023286307,0.019602851677454458,,,-0.0018468201023286307,0.019602851677454458,-0.0018468201023286307,0.019602851677454458,,,-0.0018468201023286307,0.019602851677454458
46,2,0.01374240422998572,0.019602851677454458,-0.0018468201023286307,0.019602851677454458,True,0.01374240422998572,0.019602851677454458,,,0.01374240422998572,0.019602851677454458,-0.0018468201023286307,0.019602851677454458,,,-0.0018468201023286307,0.019602851677454458
46,3,-0.0018468201023286307,0.019602851677454458,-0.0018468201023286307,0.019602851677454458,True,-0.0018468201023286307,0.019602851677454458,,,-0.0018468201023286307,0.019602851677454458,-0.0018468201023286307,0.019602851677454458,,,-0.0018468201023286307,0.019602851677454458
46,4,-0.0018468201023286307,0.019602851677454458,-0.0018468201023286307,0.015647356615091253,True,-0.0018468201023286307,0.015647356615091253,,,-0.0018468201023286307,0.015647356615091253,-0.0018468201023286307,0.019602851677454458,,,-0.0018468201023286307,0.019602851677454458
46,5,-0.0018468201023286307,0.019602851677454458,-0.0018468201023286307,0.019602851677454458,False,-0.0018468201023286307,0.019602851677454458,,,-0.0018468201023286307,0.019602851677454458,-0.0018468201023286307,0.019602851677454458,0.0,0.5624664178523214,0.5606195977499928,0.019602851677454458
46,6,-0.0018468201023286307,0.019602851677454458,-0.0018468201023286307,0.019602851677454458,True,-0.0018468201023286307,0.019602851677454458,,,-0.0018468201023286307,0.019602851677454458,-0.0018468201023286307,0.019602851677454458,,,-0.0018468201023286307,0.019602851677454458
46,7,-0.0018468201023286307,0.019602851677454458,-0.0018468201023286307,0.019602851677454458,True,-0.0018468201023286307,0.019602851677454458,,,-0.0018468201023286307,0.019602851677454458,-0.0018468201023286307,0.019602851677454458,,,-0.0018468201023286307,0.019602851677454458
46,8,-0.0018468201023286307,0.019602851677454458,-0.0018468201023286307,0.019602851677454458,False,-0.0018468201023286307,0.019602851677454458,0.0,-0.28118419146159546,-0.2830310115639241,0.019602851677454458,-0.0018468201023286307,0.019602851677454458,,,-0.0018468201023286307,0.019602851677454458
46,9,-0.0018468201023286307,0.019602851677454458,-0.0018468201023286307,0.019602851677454458,True,-0.0018468201023286307,0.019602851677454458,,,-0.0018468201023286307,0.019602851677454458,-0.0018468201023286307,0.019602851677454458,,,-0.0018468201023286307,0.019602851677454458
46,10,-0.0018468201023286307,0.016719078586062835,-0.0018468201023286307,0.019602851677454458,True,-0.0018468201023286307,0.019602851677454458,,,-0.0018468201023286307,0.019602851677454458,-0.0018468201023286307,0.016719078586062835,,,-0.0018468201023286307,0.016719078586062835
46,11,-0.0018468201023286307,0.019602851677454458,-0.0018468201023286307,0.019602851677454458,True,-0.0018468201023286307,0.019602851677454458,,,-0.0018468201023286307,0.019602851677454458,-0.0018468201023286307,0.019602851677454458,,,-0.0018468201023286307,0.019602851677454458
46,12,-0.0018468201023286307,0.019602851677454458,-0.0018468201023286307,0.019602851677454458,True,-0.0018468201023286307,0.019602851677454458,,,-0.0018468201023286307,0.019602851677454458,-0.0018468201023286307,0.019602851677454458,,,-0.0018468201023286307,0.019602851677454458
46,13,-0.0018468201023286307,0.019602851677454458,-0.0018468201023286307,0.019602851677454458,True,-0.0018468201023286307,0.019602851677454458,0.0,-0.08746494100192005,-0.08931176110424868,0.019602851677454458,-0.0018468201023286307,0.019602851677454458,,,-0.0018468201023286307,0.019602851677454458
46,14,0.01374240422998572,0.019602851677454458,-0.0018468201023286307,0.019602851677454458,True,0.01374240422998572,0.019602851677454458,,,0.01374240422998572,0.019602851677454458,-0.0018468201023286307,0.019602851677454458,,,-0.0018468201023286307,0.019602851677454458
46,15,-0.0018468201023286307,0.019602851677454458,-0.0018468201023286307,0.019602851677454458,True,-0.0018468201023286307,0.019602851677454458,,,-0.0018468201023286307,0.019602851677454458,-0.0018468201023286307,0.019602851677454458,,,-0.0018468201023286307,0.019602851677454458
46,16,-0.0018468201023286307,0.019602851677454458,-0.0018468201023286307,0.019602851677454458,True,-0.0018468201023286307,0.019602851677454458,,,-0.0018468201023286307,0.019602851677454458,-0.0018468201023286307,0.019602851677454458,,,-0.0018468201023286307,0.019602851677454458
46,17,-0.0018468201023286307,0.019602851677454458,-0.0018468201023286307,0.019602851677454458,True,-0.0018468201023286307,0.019602851677454458,,,-0.0018468201023286307,0.019602851677454458,-0.0018468201023286307,0.019602851677454458,,,-0.0018468201023286307,0.019602851677454458
46,18,-0.0018468201023286307,0.019602851677454458,-0.0018468201023286307,0.019602851677454458,True,-0.0018468201023286307,0.019602851677454458,,,-0.0018468201023286307,0.019602851677454458,-0.0018468201023286307,0.019602851677454458,,,-0.0018468201023286307,0.019602851677454458
46,19,-0.0018468201023286307,0.019602851677454458,-0.0018468201023286307,0.019602851677454458,True,-0.0018468201023286307,0.019602851677454458,,,-0.0018468201023286307,0.019602851677454458,-0.0018468201023286307,0.019602851677454458,,,-0.0018468201023286307,0.019602851677454458
46,20,-0.0018468201023286307,0.016719078586062835,-0.0018468201023286307,0.019602851677454458,True,-0.0018468201023286307,0.019602851677454458,,,-0.0018468201023286307,0.019602851677454458,-0.0018468201023286307,0.016719078586062835,,,-0.0018468201023286307,0.016719078586062835
46,21,-0.0018468201023286307,0.019602851677454458,-0.0018468201023286307,0.019602851677454458,True,-0.0018468201023286307,0.019602851677454458,0.0,-0.6396950439607482,-0.6415418640630768,0.019602851677454458,-0.0018468201023286307,0.019602851677454458,,,-0.0018468201023286307,0.019602851677454458
46,22,-0.0018468201023286307,0.019602851677454458,-0.0018468201023286307,0.019602851677454458,True,-0.0018468201023286307,0.019602851677454458,,,-0.0018468201023286307,0.019602851677454458,-0.0018468201023286307,0.019602851677454458,,,-0.0018468201023286307,0.019602851677454458
46,23,-0.0018468201023286307,0.019602851677454458,-0.0018468201023286307,0.019602851677454458,False,-0.0018468201023286307,0.019602851677454458,,,-0.0018468201023286307,0.019602851677454458,-0.0018468201023286307,0.019602851677454458,,,-0.0018468201023286307,0.019602851677454458
46,24,-0.0018468201023286307,0.019602851677454458,-0.0018468201023286307,0.019602851677454458,False,-0.0018468201023286307,0.019602851677454458,,,-0.0018468201023286307,0.019602851677454458,-0.0018468201023286307,0.019602851677454458,,,-0.0018468201023286307,0.019602851677454458
46,25,-0.0018468201023286307,0.019602851677454458,-0.0018468201023286307,0.019602851677454458,True,-0.0018468201023286307,0.019602851677454458,,,-0.0018468201023286307,0.019602851677454458,-0.0018468201023286307,0.019602851677454458,,,-0.0018468201023286307,0.019602851677454458
47,1,-0.0018468201023286307,0.019602851677454458,-0.0018468201023286307,0.019602851677454458,True,-0.0018468201023286307,0.019602851677454458,,,-0.0018468201023286307,0.019602851677454458,-0.0018468201023286307,0.019602851677454458,,,-0.0018468201023286307,0.019602851677454458
47,2,-0.0018468201023286307,0.015647356615091253,-0.0018468201023286307,0.019602851677454458,False,-0.0018468201023286307,0.015647356615091253,,,-0.0018468201023286307,0.015647356615091253,-0.0018468201023286307,0.019602851677454458,,,-0.0018468201023286307,0.019602851677454458
47,3,-0.0018468201023286307,0.019602851677454458,-0.0018468201023286307,0.019602851677454458,True,-0.0018468201023286307,0.019602851677454458,,,-0.0018468201023286307,0.019602851677454458,-0.0018468201023286307,0.019602851677454458,,,-0.0018468201023286307,0.019602851677454458
47,4,-0.0018468201023286307,0.019602851677454458,-0.0018468201023286307,0.019602851677454458,True,-0.0018468201023286307,0.019602851677454458,1.0,0.2871771416396178,-0.0018468201023286307,0.30677999331707223,-0.0018468201023286307,0.019602851677454458,,,-0.0018468201023286307,0.019602851677454458
47,5,-0.0018468201023286307,0.019602851677454458,-0.0018468201023286307,0.019602851677454458,False,-0.0018468201023286307,0.019602851677454458,,,-0.0018468201023286307,0.019602851677454458,-0.0018468201023286307,0.019602851677454458,,,-0.0018468201023286307,0.019602851677454458
47,6,-0.0018468201023286307,0.019602851677454458,-0.0018468201023286307,0.019602851677454458,True,-0.0018468201023286307,0.019602851677454458,,,-0.0018468201023286307,0.019602851677454458,-0.0018468201023286307,0.019602851677454458,,,-0.0018468201023286307,0.019602851677454458
47,7,-0.0018468201023286307,0.019602851677454458,-0.0018468201023286307,0.019602851677454458,True,-0.0018468201023286307,0.019602851677454458,,,-0.0018468201023286307,0.019602851677454458,-0.0018468201023286307,0.019602851677454458,,,-0.0018468201023286307,0.019602851677454458
47,8,-0.0018468201023286307,0.015647356615091253,-0.0018468201023286307,0.019602851677454458,False,-0.0018468201023286307,0.015647356615091253,,,-0.0018468201023286307,0.015647356615091253,-0.0018468201023286307,0.019602851677454458,,,-0.0018468201023286307,0.019602851677454458
47,9,-0.0018468201023286307,0.019602851677454458,-0.0018468201023286307,0.016719078586062835,False,-0.0018468201023286307,0.019602851677454458,,,-0.0018468201023286307,0.019602851677454458,-0.0018468201023286307,0.016719078586062835,0.0,-0.9198274949012322,-0.9216743150035608,0.016719078586062835
47,10,-0.0018468201023286307,0.019602851677454458,-0.0018468201023286307,0.019602851677454458,True,-0.0018468201023286307,0.019602851677454458,,,-0.0018468201023286307,0.019602851677454458,-0.0018468201023286307,0.019602851677454458,,,-0.0018468201023286307,0.019602851677454458
47,11,-0.0018468201023286307,0.019602851677454458,-0.0018468201023286307,0.016719078586062835,True,-0.0018468201023286307,0.016719078586062835,,,-0.0018468201023286307,0.016719078586062835,-0.0018468201023286307,0.019602851677454458,,,-0.0018468201023286307,0.019602851677454458
47,12,0.01374240422998572,0.019602851677454458,-0.0018468201023286307,0.019602851677454458,True,0.01374240422998572,0.019602851677454458,,,0.01374240422998572,0.019602851677454458,-0.0018468201023286307,0.019602851677454458,,,-0.0018468201023286307,0.019602851677454458
47,13,-0.0018468201023286307,0.019602851677454458,-0.0018468201023286307,0.019602851677454458,True,-0.0018468201023286307,0.019602851677454458,,,-0.0018468201023286307,0.019602851677454458,-0.0018468201023286307,0.019602851677454458,,,-0.0018468201023286307,0.019602851677454458
47,14,-0.0018468201023286307,0.019602851677454458,0.01374240422998572,0.019602851677454458,False,-0.0018468201023286307,0.019602851677454458,,,-0.0018468201023286307,0.019602851677454458,0.01374240422998572,0.019602851677454458,,,0.01374240422998572,0.019602851677454458
47,15,-0.0018468201023286307,0.019602851677454458,-0.0018468201023286307,0.016719078586062835,True,-0.0018468201023286307,0.016719078586062835,,,-0.0018468201023286307,0.016719078586062835,-0.0018468201023286307,0.019602851677454458,,,-0.0018468201023286307,0.019602851677454458
47,16,-0.0018468201023286307,0.019602851677454458,-0.0018468201023286307,0.019602851677454458,True,-0.0018468201023286307,0.019602851677454458,,,-0.0018468201023286307,0.019602851677454458,-0.0018468201023286307,0.019602851677454458,,,-0.0018468201023286307,0.019602851677454458
47,17,-0.0018468201023286307,0.015647356615091253,-0.0018468201023286307,0.016719078586062835,True,-0.0018468201023286307,0.016719078586062835,,,-0.0018468201023286307,0.016719078586062835,-0.0018468201023286307,0.015647356615091253,,,-0.0018468201023286307,0.015647356615091253
47,18,-0.0018468201023286307,0.016719078586062835,-0.0018468201023286307,0.019602851677454458,True,-0.0018468201023286307,0.019602851677454458,1.0,0.3522058342780492,-0.0018468201023286307,0.37180868595550365,-0.0018468201023286307,0.016719078586062835,,,-0.0018468201023286307,0.016719078586062835
47,19,-0.0018468201023286307,0.019602851677454458,-0.0018468201023286307,0.019602851677454458,True,-0.0018468201023286307,0.019602851677454458,,,-0.0018468201023286307,0.019602851677454458,-0.0018468201023286307,0.019602851677454458,,,-0.0018468201023286307,0.019602851677454458
47,20,-0.0018468201023286307,0.019602851677454458,0.01374240422998572,0.019602851677454458,True,-0.0018468201023286307,0.019602851677454458,,,-0.0018468201023286307,0.019602851677454458,0.01374240422998572,0.019602851677454458,,,0.01374240422998572,0.019602851677454458
47,21,-0.0018468201023286307,0.019602851677454458,-0.0018468201023286307,0.019602851677454458,True,-0.0018468201023286307,0.019602851677454458,,,-0.0018468201023286307,0.019602851677454458,-0.0018468201023286307,0.019602851677454458,,,-0.0018468201023286307,0.019602851677454458
47,22,-0.0018468201023286307,0.019602851677454458,-0.0018468201023286307,0.019602851677454458,True,-0.0018468201023286307,0.019602851677454458,,,-0.0018468201023286307,0.019602851677454458,-0.0018468201023286307,0.019602851677454458,,,-0.0018468201023286307,0.019602851677454458
47,23,-0.0018468201023286307,0.019602851677454458,-0.0018468201023286307,0.019602851677454458,True,-0.0018468201023286307,0.019602851677454458,,,-0.0018468201023286307,0.019602851677454458,-0.0018468201023286307,0.019602851677454458,,,-0.0018468201023286307,0.019602851677454458
47,24,-0.0018468201023286307,0.019602851677454458,-0.0018468201023286307,0.019602851677454458,True,-0.0018468201023286307,0.019602851677454458,0.0,-0.489689002094646,-0.4915358221969746,0.019602851677454458,-0.0018468201023286307,0.019602851677454458,,,-0.0018468201023286307,0.019602851677454458
47,25,-0.0018468201023286307,0.019602851677454458,-0.0018468201023286307,0.019602851677454458,False,-0.0018468201023286307,0.019602851677454458,,,-0.0018468201023286307,0.019602851677454458,-0.0018468201023286307,0.019602851677454458,,,-0.0018468201023286307,0.019602851677454458
48,1,-0.0018468201023286307,0.019602851677454458,-0.0018468201023286307,0.019602851677454458,True,-0.0018468201023286307,0.019602851677454458,,,-0.0018468201023286307,0.019602851677454458,-0.0018468201023286307,0.019602851677454458,,,-0.0018468201023286307,0.019602851677454458
48,2,-0.0018468201023286307,0.019602851677454458,-0.0018468201023286307,0.019602851677454458,True,-0.0018468201023286307,0.019602851677454458,,,-0.0018468201023286307,0.019602851677454458,-0.0018468201023286307,0.019602851677454458,,,-0.0018468201023286307,0.019602851677454458
48,3,-0.0018468201023286307,0.019602851677454458,-0.0018468201023286307,0.019602851677454458,True,-0.0018468201023286307,0.019602851677454458,1.0,-0.3179012782738154,-0.0018468201023286307,-0.29829842659636097,-0.0018468201023286307,0.019602851677454458,,,-0.0018468201023286307,0.019602851677454458
48,4,-0.0018468201023286307,0.019602851677454458,-0.0018468201023286307,0.019602851677454458,True,-0.0018468201023286307,0.019602851677454458,,,-0.0018468201023286307,0.019602851677454458,-0.0018468201023286307,0.019602851677454458,,,-0.0018468201023286307,0.019602851677454458
48,5,-0.0018468201023286307,0.019602851677454458,-0.0018468201023286307,0.019602851677454458,False,-0.0018468201023286307,0.019602851677454458,,,-0.0018468201023286307,0.019602851677454458,-0.0018468201023286307,0.019602851677454458,,,-0.0018468201023286307,0.019602851677454458
48,6,-0.0018468201023286307,0.019602851677454458,-0.0018468201023286307,0.015647356615091253,True,-0.0018468201023286307,0.015647356615091253,,,-0.0018468201023286307,0.015647356615091253,-0.0018468201023286307,0.019602851677454458,,,-0.0018468201023286307,0.019602851677454458
48,7,-0.0018468201023286307,0.019602851677454458,-0.0018468201023286307,0.30677999331707223,True,-0.0018468201023286307,0.30677999331707223,,,-0.0018468201023286307,0.30677999331707223,-0.0018468201023286307,0.019602851677454458,,,-0.0018468201023286307,0.019602851677454458
48,8,-0.0018468201023286307,0.019602851677454458,-0.0018468201023286307,0.016719078586062835,True,-0.0018468201023286307,0.016719078586062835,,,-0.0018468201023286307,0.016719078586062835,-0.0018468201023286307,0.019602851677454458,,,-0.0018468201023286307,0.019602851677454458
48,9,-0.0018468201023286307,0.015647356615091253,-0.0018468201023286307,0.019602851677454458,True,-0.0018468201023286307,0.019602851677454458,,,-0.0018468201023286307,0.019602851677454458,-0.0018468201023286307,0.015647356615091253,,,-0.0018468201023286307,0.015647356615091253
48,10,-0.0018468201023286307,0.019602851677454458,-0.0018468201023286307,0.019602851677454458,True,-0.0018468201023286307,0.019602851677454458,,,-0.0018468201023286307,0.019602851677454458,-0.0018468201023286307,0.019602851677454458,,,-0.0018468201023286307,0.019602851677454458
48,11,-0.0018468201023286307,0.019602851677454458,-0.0018468201023286307,0.019602851677454458,True,-0.0018468201023286307,0.019602851677454458,,,-0.0018468201023286307,0.019602851677454458,-0.0018468201023286307,0.019602851677454458,,,-0.0018468201023286307,0.019602851677454458
48,12,-0.0018468201023286307,0.016719078586062835,-0.0018468201023286307,0.019602851677454458,True,-0.0018468201023286307,0.019602851677454458,,,-0.0018468201023286307,0.019602851677454458,-0.0018468201023286307,0.016719078586062835,,,-0.0018468201023286307,0.016719078586062835
48,13,-0.0018468201023286307,0.019602851677454458,-0.0018468201023286307,0.019602851677454458,False,-0.0018468201023286307,0.019602851677454458,,,-0.0018468201023286307,0.019602851677454458,-0.0018468201023286307,0.019602851677454458,,,-0.0018468201023286307,0.019602851677454458
48,14,-0.0018468201023286307,0.019602851677454458,-0.0018468201023286307,0.019602851677454458,True,-0.0018468201023286307,0.019602851677454458,,,-0.0018468201023286307,0.019602851677454458,-0.0018468201023286307,0.019602851677454458,,,-0.0018468201023286307,0.019602851677454458
48,15,-0.0018468201023286307,0.019602851677454458,-0.0018468201023286307,0.019602851677454458,True,-0.0018468201023286307,0.019602851677454458,,,-0.0018468201023286307,0.019602851677454458,-0.0018468201023286307,0.019602851677454458,0.0,0.23222497874771042,0.2303781586453818,0.019602851677454458
48,16,-0.0018468201023286307,0.016719078586062835,0.01374240422998572,0.019602851677454458,False,-0.0018468201023286307,0.016719078586062835,,,-0.0018468201023286307,0.016719078586062835,0.01374240422998572,0.019602851677454458,,,0.01374240422998572,0.019602851677454458
48,17,-0.0018468201023286307,0.019602851677454458,-0.0018468201023286307,0.019602851677454458,True,-0.0018468201023286307,0.019602851677454458,,,-0.0018468201023286307,0.019602851677454458,-0.0018468201023286307,0.019602851677454458,,,-0.0018468201023286307,0.019602851677454458
48,18,-0.0018468201023286307,0.019602851677454458,-0.0018468201023286307,0.019602851677454458,True,-0.0018468201023286307,0.019602851677454458,,,-0.0018468201023286307,0.019602851677454458,-0.0018468201023286307,0.019602851677454458,,,-0.0018468201023286307,0.019602851677454458
48,19,-0.0018468201023286307,0.019602851677454458,-0.0018468201023286307,0.016719078586062835,True,-0.0018468201023286307,0.016719078586062835,,,-0.0018468201023286307,0.016719078586062835,-0.0018468201023286307,0.019602851677454458,,,-0.0018468201023286307,0.019602851677454458
48,20,-0.0018468201023286307,0.019602851677454458,-0.0018468201023286307,0.015647356615091253,False,-0.0018468201023286307,0.019602851677454458,1.0,-0.21839778005391483,-0.0018468201023286307,-0.19879492837646037,-0.0018468201023286307,0.015647356615091253,,,-0.0018468201023286307,0.015647356615091253
48,21,-0.0018468201023286307,0.019602851677454458,-0.0018468201023286307,0.019602851677454458,True,-0.0018468201023286307,0.019602851677454458,0.0,0.39087011402390864,0.38902329392158,0.019602851677454458,-0.0018468201023286307,0.019602851677454458,,,-0.0018468201023286307,0.019602851677454458
48,22,-0.0018468201023286307,0.019602851677454458,-0.0018468201023286307,0.015647356615091253,True,-0.0018468201023286307,0.015647356615091253,,,-0.0018468201023286307,0.015647356615091253,-0.0018468201023286307,0.019602851677454458,,,-0.0018468201023286307,0.019602851677454458
48,23,-0.0018468201023286307,0.016719078586062835,-0.0018468201023286307,0.019602851677454458,True,-0.0018468201023286307,0.019602851677454458,,,-0.0018468201023286307,0.019602851677454458,-0.0018468201023286307,0.016719078586062835,,,-0.0018468201023286307,0.016719078586062835
48,24,-0.0018468201023286307,0.019602851677454458,-0.0018468201023286307,0.019602851677454458,True,-0.0018468201023286307,0.019602851677454458,,,-0.0018468201023286307,0.019602851677454458,-0.0018468201023286307,0.019602851677454458,,,-0.0018468201023286307,0.019602851677454458
48,25,-0.0018468201023286307,0.30677999331707223,-0.0018468201023286307,0.016719078586062835,True,-0.0018468201023286307,0.016719078586062835,,,-0.0018468201023286307,0.016719078586062835,-0.0018468201023286307,0.30677999331707223,,,-0.0018468201023286307,0.30677999331707223
49,1,-0.0018468201023286307,0.019602851677454458,0.01374240422998572,0.019602851677454458,True,-0.0018468201023286307,0.019602851677454458,,,-0.0018468201023286307,0.019602851677454458,0.01374240422998572,0.019602851677454458,,,0.01374240422998572,0.019602851677454458
49,2,-0.0018468201023286307,0.016719078586062835,-0.0018468201023286307,0.019602851677454458,True,-0.0018468201023286307,0.019602851677454458,,,-0.0018468201023286307,0.019602851677454458,-0.0018468201023286307,0.016719078586062835,,,-0.0018468201023286307,0.016719078586062835
49,3,-0.0018468201023286307,0.019602851677454458,-0.0018468201023286307,0.019602851677454458,True,-0.0018468201023286307,0.019602851677454458,,,-0.0018468201023286307,0.019602851677454458,-0.0018468201023286307,0.019602851677454458,,,-0.0018468201023286307,0.019602851677454458
49,4,-0.0018468201023286307,0.016719078586062835,-0.0018468201023286307,0.019602851677454458,True,-0.0018468201023286307,0.019602851677454458,,,-0.0018468201023286307,0.019602851677454458,-0.0018468201023286307,0.016719078586062835,,,-0.0018468201023286307,0.016719078586062835
49,5,-0.0018468201023286307,0.019602851677454458,-0.0018468201023286307,0.019602851677454458,True,-0.0018468201023286307,0.019602851677454458,,,-0.0018468201023286307,0.019602851677454458,-0.0018468201023286307,0.019602851677454458,,,-0.0018468201023286307,0.019602851677454458
49,6,-0.0018468201023286307,0.016719078586062835,-0.0018468201023286307,0.019602851677454458,True,-0.0018468201023286307,0.019602851677454458,,,-0.0018468201023286307,0.019602851677454458,-0.0018468201023286307,0.016719078586062835,,,-0.0018468201023286307,0.016719078586062835
49,7,-0.0018468201023286307,0.019602851677454458,-0.0018468201023286307,0.019602851677454458,True,-0.0018468201023286307,0.019602851677454458,,,-0.0018468201023286307,0.019602851677454458,-0.0018468201023286307,0.019602851677454458,,,-0.0018468201023286307,0.019602851677454458
49,8,-0.0018468201023286307,0.019602851677454458,-0.0018468201023286307,0.019602851677454458,True,-0.0018468201023286307,0.019602851677454458,,,-0.0018468201023286307,0.019602851677454458,-0.0018468201023286307,0.019602851677454458,,,-0.0018468201023286307,0.019602851677454458
49,9,-0.0018468201023286307,0.016719078586062835,-0.0018468201023286307,0.019602851677454458,False,-0.0018468201023286307,0.016719078586062835,,,-0.0018468201023286307,0.016719078586062835,-0.0018468201023286307,0.019602851677454458,,,-0.0018468201023286307,0.019602851677454458
49,10,-0.0018468201023286307,0.019602851677454458,-0.0018468201023286307,0.019602851677454458,True,-0.0018468201023286307,0.019602851677454458,,,-0.0018468201023286307,0.019602851677454458,-0.0018468201023286307,0.019602851677454458,,,-0.0018468201023286307,0.019602851677454458
49,11,-0.0018468201023286307,0.019602851677454458,-0.0018468201023286307,0.019602851677454458,True,-0.0018468201023286307,0.019602851677454458,,,-0.0018468201023286307,0.019602851677454458,-0.0018468201023286307,0.019602851677454458,,,-0.0018468201023286307,0.019602851677454458
49,12,-0.0018468201023286307,0.019602851677454458,-0.0018468201023286307,0.019602851677454458,True,-0.0018468201023286307,0.019602851677454458,,,-0.0018468201023286307,0.019602851677454458,-0.0018468201023286307,0.019602851677454458,,,-0.0018468201023286307,0.019602851677454458
49,13,-0.0018468201023286307,0.019602851677454458,-0.0018468201023286307,0.019602851677454458,True,-0.0018468201023286307,0.019602851677454458,,,-0.0018468201023286307,0.019602851677454458,-0.0018468201023286307,0.019602851677454458,,,-0.0018468201023286307,0.019602851677454458
49,14,-0.0018468201023286307,0.016719078586062835,-0.0018468201023286307,0.019602851677454458,True,-0.0018468201023286307,0.019602851677454458,,,-0.0018468201023286307,0.019602851677454458,-0.0018468201023286307,0.016719078586062835,,,-0.0018468201023286307,0.016719078586062835
49,15,-0.0018468201023286307,0.019602851677454458,-0.0018468201023286307,0.019602851677454458,False,-0.0018468201023286307,0.019602851677454458,,,-0.0018468201023286307,0.019602851677454458,-0.0018468201023286307,0.019602851677454458,,,-0.0018468201023286307,0.019602851677454458
49,16,-0.0018468201023286307,0.019602851677454458,-0.0018468201023286307,0.019602851677454458,True,-0.0018468201023286307,0.019602851677454458,,,-0.0018468201023286307,0.019602851677454458,-0.0018468201023286307,0.019602851677454458,,,-0.0018468201023286307,0.019602851677454458
49,17,-0.0018468201023286307,0.019602851677454458,-0.0018468201023286307,0.019602851677454458,True,-0.0018468201023286307,0.019602851677454458,,,-0.0018468201023286307,0.019602851677454458,-0.0018468201023286307,0.019602851677454458,,,-0.0018468201023286307,0.019602851677454458
49,18,-0.0018468201023286307,0.019602851677454458,-0.0018468201023286307,0.016719078586062835,False,-0.0018468201023286307,0.019602851677454458,,,-0.0018468201023286307,0.019602851677454458,-0.0018468201023286307,0.016719078586062835,,,-0.0018468201023286307,0.016719078586062835
49,19,-0.0018468201023286307,-0.19879492837646037,-0.0018468201023286307,0.016719078586062835,True,-0.0018468201023286307,0.016719078586062835,,,-0.0018468201023286307,0.016719078586062835,-0.0018468201023286307,-0.19879492837646037,,,-0.0018468201023286307,-0.19879492837646037
49,20,-0.0018468201023286307,0.016719078586062835,-0.0018468201023286307,0.019602851677454458,True,-0.0018468201023286307,0.019602851677454458,,,-0.0018468201023286307,0.019602851677454458,-0.0018468201023286307,0.016719078586062835,,,-0.0018468201023286307,0.016719078586062835
49,21,-0.0018468201023286307,0.019602851677454458,-0.0018468201023286307,0.019602851677454458,True,-0.0018468201023286307,0.019602851677454458,,,-0.0018468201023286307,0.019602851677454458,-0.0018468201023286307,0.019602851677454458,1.0,-0.24232209480785327,-0.0018468201023286307,-0.22271924313039881
49,22,-0.0018468201023286307,0.016719078586062835,-0.0018468201023286307,0.019602851677454458,False,-0.0018468201023286307,0.016719078586062835,,,-0.0018468201023286307,0.016719078586062835,-0.0018468201023286307,0.019602851677454458,,,-0.0018468201023286307,0.019602851677454458
49,23,-0.0018468201023286307,0.016719078586062835,-0.0018468201023286307,0.015647356615091253,True,-0.0018468201023286307,0.015647356615091253,,,-0.0018468201023286307,0.015647356615091253,-0.0018468201023286307,0.016719078586062835,,,-0.0018468201023286307,0.016719078586062835
49,24,-0.0018468201023286307,0.019602851677454458,-0.0018468201023286307,0.016719078586062835,True,-0.0018468201023286307,0.016719078586062835,,,-0.0018468201023286307,0.016719078586062835,-0.0018468201023286307,0.019602851677454458,,,-0.0018468201023286307,0.019602851677454458
49,25,-0.0018468201023286307,0.019602851677454458,-0.0018468201023286307,0.019602851677454458,True,-0.0018468201023286307,0.019602851677454458,,,-0.0018468201023286307,0.019602851677454458,-0.0018468201023286307,0.019602851677454458,,,-0.0018468201023286307,0.019602851677454458
50,1,-0.0018468201023286307,0.016719078586062835,-0.0018468201023286307,0.015647356615091253,True,-0.0018468201023286307,0.015647356615091253,,,-0.0018468201023286307,0.015647356615091253,-0.0018468201023286307,0.016719078586062835,,,-0.0018468201023286307,0.016719078586062835
50,2,-0.0018468201023286307,0.016719078586062835,-0.0018468201023286307,0.019602851677454458,True,-0.0018468201023286307,0.019602851677454458,,,-0.0018468201023286307,0.019602851677454458,-0.0018468201023286307,0.016719078586062835,,,-0.0018468201023286307,0.016719078586062835
50,3,-0.0018468201023286307,0.019602851677454458,-0.0018468201023286307,0.019602851677454458,True,-0.0018468201023286307,0.019602851677454458,,,-0.0018468201023286307,0.019602851677454458,-0.0018468201023286307,0.019602851677454458,,,-0.0018468201023286307,0.019602851677454458
50,4,-0.0018468201023286307,0.019602851677454458,-0.0018468201023286307,0.019602851677454458,False,-0.0018468201023286307,0.019602851677454458,,,-0.0018468201023286307,0.019602851677454458,-0.0018468201023286307,0.019602851677454458,,,-0.0018468201023286307,0.019602851677454458
50,5,-0.0018468201023286307,0.016719078586062835,-0.0018468201023286307,0.016719078586062835,True,-0.0018468201023286307,0.016719078586062835,,,-0.0018468201023286307,0.016719078586062835,-0.0018468201023286307,0.016719078586062835,,,-0.0018468201023286307,0.016719078586062835
50,6,-0.0018468201023286307,0.019602851677454458,-0.0018468201023286307,0.019602851677454458,True,-0.0018468201023286307,0.019602851677454458,,,-0.0018468201023286307,0.019602851677454458,-0.0018468201023286307,0.019602851677454458,,,-0.0018468201023286307,0.019602851677454458
50,7,-0.0018468201023286307,0.019602851677454458,-0.0018468201023286307,0.019602851677454458,True,-0.0018468201023286307,0.019602851677454458,,,-0.0018468201023286307,0.019602851677454458,-0.0018468201023286307,0.019602851677454458,,,-0.0018468201023286307,0.019602851677454458
50,8,-0.0018468201023286307,0.019602851677454458,-0.0018468201023286307,0.016719078586062835,True,-0.0018468201023286307,0.016719078586062835,,,-0.0018468201023286307,0.016719078586062835,-0.0018468201023286307,0.019602851677454458,,,-0.0018468201023286307,0.019602851677454458
50,9,-0.0018468201023286307,0.019602851677454458,-0.0018468201023286307,0.019602851677454458,True,-0.0018468201023286307,0.019602851677454458,,,-0.0018468201023286307,0.019602851677454458,-0.0018468201023286307,0.019602851677454458,,,-0.0018468201023286307,0.019602851677454458
50,10,-0.0018468201023286307,0.019602851677454458,-0.0018468201023286307,0.019602851677454458,True,-0.0018468201023286307,0.019602851677454458,,,-0.0018468201023286307,0.019602851677454458,-0.0018468201023286307,0.019602851677454458,,,-0.0018468201023286307,0.019602851677454458
50,11,-0.0018468201023286307,0.016719078586062835,-0.0018468201023286307,0.016719078586062835,True,-0.0018468201023286307,0.016719078586062835,,,-0.0018468201023286307,0.016719078586062835,-0.0018468201023286307,0.016719078586062835,,,-0.0018468201023286307,0.016719078586062835
50,12,-0.0018468201023286307,0.019602851677454458,-0.0018468201023286307,0.019602851677454458,True,-0.0018468201023286307,0.019602851677454458,,,-0.0018468201023286307,0.019602851677454458,-0.0018468201023286307,0.019602851677454458,,,-0.0018468201023286307,0.019602851677454458
50,13,-0.0018468201023286307,0.019602851677454458,-0.0018468201023286307,0.019602851677454458,True,-0.0018468201023286307,0.019602851677454458,,,-0.0018468201023286307,0.019602851677454458,-0.0018468201023286307,0.019602851677454458,0.0,-0.06079929517327122,-0.06264611527559985,0.019602851677454458
50,14,-0.0018468201023286307,0.019602851677454458,-0.0018468201023286307,0.019602851677454458,True,-0.0018468201023286307,0.019602851677454458,,,-0.0018468201023286307,0.019602851677454458,-0.0018468201023286307,0.019602851677454458,1.0,-0.12421160398551664,-0.0018468201023286307,-0.10460875230806219
50,15,-0.0018468201023286307,0.019602851677454458,-0.0018468201023286307,0.019602851677454458,True,-0.0018468201023286307,0.019602851677454458,,,-0.0018468201023286307,0.019602851677454458,-0.0018468201023286307,0.019602851677454458,,,-0.0018468201023286307,0.019602851677454458
50,16,-0.0018468201023286307,0.019602851677454458,-0.0018468201023286307,0.019602851677454458,True,-0.0018468201023286307,0.019602851677454458,1.0,-0.4022489097712057,-0.0018468201023286307,-0.38264605809375124,-0.0018468201023286307,0.019602851677454458,,,-0.0018468201023286307,0.019602851677454458
50,17,-0.0018468201023286307,0.019602851677454458,-0.0018468201023286307,0.019602851677454458,True,-0.0018468201023286307,0.019602851677454458,,,-0.0018468201023286307,0.019602851677454458,-0.0018468201023286307,0.019602851677454458,,,-0.0018468201023286307,0.019602851677454458
50,18,-0.0018468201023286307,0.016719078586062835,-0.0018468201023286307,0.019602851677454458,True,-0.0018468201023286307,0.019602851677454458,,,-0.0018468201023286307,0.019602851677454458,-0.0018468201023286307,0.016719078586062835,,,-0.0018468201023286307,0.016719078586062835
50,19,-0.0018468201023286307,0.019602851677454458,-0.0018468201023286307,0.019602851677454458,True,-0.0018468201023286307,0.019602851677454458,1.0,-0.4203118535820724,-0.0018468201023286307,-0.40070900190461795,-0.0018468201023286307,0.019602851677454458,,,-0.0018468201023286307,0.019602851677454458
50,20,-0.0018468201023286307,-0.19879492837646037,-0.0018468201023286307,0.019602851677454458,True,-0.0018468201023286307,0.019602851677454458,,,-0.0018468201023286307,0.019602851677454458,-0.0018468201023286307,-0.19879492837646037,,,-0.0018468201023286307,-0.19879492837646037
50,21,-0.0018468201023286307,0.019602851677454458,0.01374240422998572,0.019602851677454458,True,-0.0018468201023286307,0.019602851677454458,,,-0.0018468201023286307,0.019602851677454458,0.01374240422998572,0.019602851677454458,,,0.01374240422998572,0.019602851677454458
50,22,-0.0018468201023286307,0.016719078586062835,-0.0018468201023286307,0.016719078586062835,True,-0.0018468201023286307,0.016719078586062835,,,-0.0018468201023286307,0.016719078586062835,-0.0018468201023286307,0.016719078586062835,,,-0.0018468201023286307,0.016719078586062835
50,23,-0.0018468201023286307,0.019602851677454458,-0.0018468201023286307,0.016719078586062835,False,-0.0018468201023286307,0.019602851677454458,,,-0.0018468201023286307,0.019602851677454458,-0.0018468201023286307,0.016719078586062835,,,-0.0018468201023286307,0.016719078586062835
50,24,-0.0018468201023286307,0.019602851677454458,-0.0018468201023286307,0.015647356615091253,True,-0.0018468201023286307,0.015647356615091253,,,-0.0018468201023286307,0.015647356615091253,-0.0018468201023286307,0.019602851677454458,,,-0.0018468201023286307,0.019602851677454458
50,25,-0.0018468201023286307,0.019602851677454458,-0.0018468201023286307,0.016719078586062835,False,-0.0018468201023286307,0.019602851677454458,,,-0.0018468201023286307,0.019602851677454458,-0.0018468201023286307,0.016719078586062835,,,-0.0018468201023286307,0.016719078586062835
51,1,-0.0018468201023286307,0.019602851677454458,-0.0018468201023286307,0.019602851677454458,True,-0.0018468201023286307,0.019602851677454458,,,-0.0018468201023286307,0.019602851677454458,-0.0018468201023286307,0.019602851677454458,,,-0.0018468201023286307,0.019602851677454458
51,2,-0.0018468201023286307,0.019602851677454458,-0.0018468201023286307,0.019602851677454458,True,-0.0018468201023286307,0.019602851677454458,,,-0.0018468201023286307,0.019602851677454458,-0.0018468201023286307,0.019602851677454458,,,-0.0018468201023286307,0.019602851677454458
51,3,-0.0018468201023286307,0.019602851677454458,-0.0018468201023286307,0.019602851677454458,True,-0.0018468201023286307,0.019602851677454458,,,-0.0018468201023286307,0.019602851677454458,-0.0018468201023286307,0.019602851677454458,,,-0.0018468201023286307,0.019602851677454458
51,4,-0.0018468201023286307,0.019602851677454458,-0.0018468201023286307,0.019602851677454458,True,-0.0018468201023286307,0.019602851677454458,,,-0.0018468201023286307,0.019602851677454458,-0.0018468201023286307,0.019602851677454458,,,-0.0018468201023286307,0.019602851677454458
51,5,-0.0018468201023286307,0.019602851677454458,-0.0018468201023286307,0.019602851677454458,True,-0.0018468201023286307,0.019602851677454458,,,-0.0018468201023286307,0.019602851677454458,-0.0018468201023286307,0.019602851677454458,,,-0.0018468201023286307,0.019602851677454458
51,6,-0.0018468201023286307,0.019602851677454458,-0.0018468201023286307,0.019602851677454458,True,-0.0018468201023286307,0.019602851677454458,,,-0.0018468201023286307,0.019602851677454458,-0.0018468201023286307,0.019602851677454458,,,-0.0018468201023286307,0.019602851677454458
51,7,-0.0018468201023286307,0.016719078586062835,-0.0018468201023286307,0.015647356615091253,False,-0.0018468201023286307,0.016719078586062835,,,-0.0018468201023286307,0.016719078586062835,-0.0018468201023286307,0.015647356615091253,,,-0.0018468201023286307,0.015647356615091253
51,8,-0.0018468201023286307,0.016719078586062835,-0.0018468201023286307,0.019602851677454458,True,-0.0018468201023286307,0.019602851677454458,,,-0.0018468201023286307,0.019602851677454458,-0.0018468201023286307,0.016719078586062835,,,-0.0018468201023286307,0.016719078586062835
51,9,-0.0018468201023286307,0.019602851677454458,-0.0018468201023286307,0.016719078586062835,True,-0.0018468201023286307,0.016719078586062835,,,-0.0018468201023286307,0.016719078586062835,-0.0018468201023286307,0.019602851677454458,,,-0.0018468201023286307,0.019602851677454458
51,10,-0.0018468201023286307,0.015647356615091253,-0.0018468201023286307,0.016719078586062835,True,-0.0018468201023286307,0.016719078586062835,,,-0.0018468201023286307,0.016719078586062835,-0.0018468201023286307,0.015647356615091253,,,-0.0018468201023286307,0.015647356615091253
51,11,-0.0018468201023286307,0.016719078586062835,-0.0018468201023286307,0.019602851677454458,True,-0.0018468201023286307,0.019602851677454458,,,-0.0018468201023286307,0.019602851677454458,-0.0018468201023286307,0.016719078586062835,0.0,-0.04544807004106936,-0.047294890143397994,0.016719078586062835
51,12,-0.0018468201023286307,0.019602851677454458,-0.0018468201023286307,0.016719078586062835,False,-0.0018468201023286307,0.019602851677454458,,,-0.0018468201023286307,0.019602851677454458,-0.0018468201023286307,0.016719078586062835,,,-0.0018468201023286307,0.016719078586062835
51,13,-0.0018468201023286307,0.019602851677454458,-0.0018468201023286307,0.016719078586062835,True,-0.0018468201023286307,0.016719078586062835,,,-0.0018468201023286307,0.016719078586062835,-0.0018468201023286307,0.019602851677454458,,,-0.0018468201023286307,0.019602851677454458
51,14,-0.0018468201023286307,0.015647356615091253,-0.0018468201023286307,0.019602851677454458,True,-0.0018468201023286307,0.019602851677454458,,,-0.0018468201023286307,0.019602851677454458,-0.0018468201023286307,0.015647356615091253,,,-0.0018468201023286307,0.015647356615091253
51,15,-0.0018468201023286307,0.019602851677454458,-0.0018468201023286307,0.016719078586062835,True,-0.0018468201023286307,0.016719078586062835,,,-0.0018468201023286307,0.016719078586062835,-0.0018468201023286307,0.019602851677454458,,,-0.0018468201023286307,0.019602851677454458
51,16,-0.0018468201023286307,0.019602851677454458,-0.0018468201023286307,0.019602851677454458,True,-0.0018468201023286307,0.019602851677454458,,,-0.0018468201023286307,0.019602851677454458,-0.0018468201023286307,0.019602851677454458,,,-0.0018468201023286307,0.019602851677454458
51,17,-0.0018468201023286307,0.019602851677454458,-0.0018468201023286307,0.019602851677454458,True,-0.0018468201023286307,0.019602851677454458,1.0,-0.5018447018165538,-0.0018468201023286307,-0.48224185013909937,-0.0018468201023286307,0.019602851677454458,,,-0.0018468201023286307,0.019602851677454458
51,18,-0.0018468201023286307,0.019602851677454458,-0.0018468201023286307,0.019602851677454458,True,-0.0018468201023286307,0.019602851677454458,,,-0.0018468201023286307,0.019602851677454458,-0.0018468201023286307,0.019602851677454458,1.0,-0.3308617990940724,-0.0018468201023286307,-0.3112589474166179
51,19,-0.0018468201023286307,0.019602851677454458,-0.0018468201023286307,-0.19879492837646037,True,-0.0018468201023286307,-0.19879492837646037,,,-0.0018468201023286307,-0.19879492837646037,-0.0018468201023286307,0.019602851677454458,,,-0.0018468201023286307,0.019602851677454458
51,20,-0.0018468201023286307,0.019602851677454458,-0.0018468201023286307,0.019602851677454458,False,-0.0018468201023286307,0.019602851677454458,,,-0.0018468201023286307,0.019602851677454458,-0.0018468201023286307,0.019602851677454458,,,-0.0018468201023286307,0.019602851677454458
51,21,-0.0018468201023286307,0.019602851677454458,-0.0018468201023286307,0.019602851677454458,True,-0.0018468201023286307,0.019602851677454458,,,-0.0018468201023286307,0.019602851677454458,-0.0018468201023286307,0.019602851677454458,,,-0.0018468201023286307,0.019602851677454458
51,22,-0.0018468201023286307,0.019602851677454458,-0.0018468201023286307,0.019602851677454458,True,-0.0018468201023286307,0.019602851677454458,,,-0.0018468201023286307,0.019602851677454458,-0.0018468201023286307,0.019602851677454458,,,-0.0018468201023286307,0.019602851677454458
51,23,-0.0018468201023286307,0.019602851677454458,-0.0018468201023286307,0.019602851677454458,True,-0.0018468201023286307,0.019602851677454458,,,-0.0018468201023286307,0.019602851677454458,-0.0018468201023286307,0.019602851677454458,,,-0.0018468201023286307,0.019602851677454458
51,24,-0.0018468201023286307,0.016719078586062835,-0.0018468201023286307,0.019602851677454458,False,-0.0018468201023286307,0.016719078586062835,1.0,-0.3434642499308588,-0.0018468201023286307,-0.32674517134479597,-0.0018468201023286307,0.019602851677454458,,,-0.0018468201023286307,0.019602851677454458
51,25,-0.0018468201023286307,0.019602851677454458,-0.0018468201023286307,0.019602851677454458,False,-0.0018468201023286307,0.019602851677454458,,,-0.0018468201023286307,0.019602851677454458,-0.0018468201023286307,0.019602851677454458,,,-0.0018468201023286307,0.019602851677454458
52,1,-0.0018468201023286307,0.019602851677454458,-0.0018468201023286307,0.019602851677454458,True,-0.0018468201023286307,0.019602851677454458,,,-0.0018468201023286307,0.019602851677454458,-0.0018468201023286307,0.019602851677454458,,,-0.0018468201023286307,0.019602851677454458
52,2,-0.0018468201023286307,0.015647356615091253,-0.0018468201023286307,0.019602851677454458,False,-0.0018468201023286307,0.015647356615091253,,,-0.0018468201023286307,0.015647356615091253,-0.0018468201023286307,0.019602851677454458,,,-0.0018468201023286307,0.019602851677454458
52,3,-0.0018468201023286307,0.019602851677454458,-0.0018468201023286307,0.016719078586062835,True,-0.0018468201023286307,0.016719078586062835,,,-0.0018468201023286307,0.016719078586062835,-0.0018468201023286307,0.019602851677454458,,,-0.0018468201023286307,0.019602851677454458
52,4,-0.0018468201023286307,0.019602851677454458,-0.0018468201023286307,-0.19879492837646037,True,-0.0018468201023286307,-0.19879492837646037,,,-0.0018468201023286307,-0.19879492837646037,-0.0018468201023286307,0.019602851677454458,,,-0.0018468201023286307,0.019602851677454458
52,5,-0.0018468201023286307,0.016719078586062835,-0.0018468201023286307,0.019602851677454458,True,-0.0018468201023286307,0.019602851677454458,,,-0.0018468201023286307,0.019602851677454458,-0.0018468201023286307,0.016719078586062835,,,-0.0018468201023286307,0.016719078586062835
52,6,-0.0018468201023286307,0.019602851677454458,-0.0018468201023286307,0.019602851677454458,True,-0.0018468201023286307,0.019602851677454458,,,-0.0018468201023286307,0.019602851677454458,-0.0018468201023286307,0.019602851677454458,,,-0.0018468201023286307,0.019602851677454458
52,7,-0.0018468201023286307,0.019602851677454458,-0.0018468201023286307,0.019602851677454458,True,-0.0018468201023286307,0.019602851677454458,,,-0.0018468201023286307,0.019602851677454458,-0.0018468201023286307,0.019602851677454458,,,-0.0018468201023286307,0.019602851677454458
52,8,-0.0018468201023286307,0.019602851677454458,-0.0018468201023286307,0.019602851677454458,True,-0.0018468201023286307,0.019602851677454458,,,-0.0018468201023286307,0.019602851677454458,-0.0018468201023286307,0.019602851677454458,,,-0.0018468201023286307,0.019602851677454458
52,9,-0.0018468201023286307,0.015647356615091253,-0.0018468201023286307,0.019602851677454458,True,-0.0018468201023286307,0.019602851677454458,,,-0.0018468201023286307,0.019602851677454458,-0.0018468201023286307,0.015647356615091253,,,-0.0018468201023286307,0.015647356615091253
52,10,-0.0018468201023286307,0.019602851677454458,-0.0018468201023286307,0.019602851677454458,True,-0.0018468201023286307,0.019602851677454458,,,-0.0018468201023286307,0.019602851677454458,-0.0018468201023286307,0.019602851677454458,,,-0.0018468201023286307,0.019602851677454458
52,11,-0.0018468201023286307,0.015647356615091253,-0.0018468201023286307,0.019602851677454458,True,-0.0018468201023286307,0.019602851677454458,,,-0.0018468201023286307,0.019602851677454458,-0.0018468201023286307,0.015647356615091253,,,-0.0018468201023286307,0.015647356615091253
52,12,-0.0018468201023286307,0.019602851677454458,-0.0018468201023286307,0.015647356615091253,True,-0.0018468201023286307,0.015647356615091253,,,-0.0018468201023286307,0.015647356615091253,-0.0018468201023286307,0.019602851677454458,,,-0.0018468201023286307,0.019602851677454458
52,13,-0.0018468201023286307,0.019602851677454458,-0.0018468201023286307,0.019602851677454458,True,-0.0018468201023286307,0.019602851677454458,,,-0.0018468201023286307,0.019602851677454458,-0.0018468201023286307,0.019602851677454458,0.0,-0.07085904777191601,-0.07270586787424464,0.019602851677454458
52,14,-0.0018468201023286307,0.019602851677454458,-0.0018468201023286307,0.019602851677454458,True,-0.0018468201023286307,0.019602851677454458,,,-0.0018468201023286307,0.019602851677454458,-0.0018468201023286307,0.019602851677454458,,,-0.0018468201023286307,0.019602851677454458
52,15,-0.0018468201023286307,0.019602851677454458,-0.0018468201023286307,0.019602851677454458,True,-0.0018468201023286307,0.019602851677454458,,,-0.0018468201023286307,0.019602851677454458,-0.0018468201023286307,0.019602851677454458,,,-0.0018468201023286307,0.019602851677454458
52,16,-0.0018468201023286307,0.019602851677454458,-0.0018468201023286307,0.019602851677454458,True,-0.0018468201023286307,0.019602851677454458,,,-0.0018468201023286307,0.019602851677454458,-0.0018468201023286307,0.019602851677454458,,,-0.0018468201023286307,0.019602851677454458
52,17,-0.0018468201023286307,0.019602851677454458,-0.0018468201023286307,0.019602851677454458,True,-0.0018468201023286307,0.019602851677454458,,,-0.0018468201023286307,0.019602851677454458,-0.0018468201023286307,0.019602851677454458,,,-0.0018468201023286307,0.019602851677454458
52,18,-0.0018468201023286307,-0.19879492837646037,-0.0018468201023286307,0.019602851677454458,True,-0.0018468201023286307,0.019602851677454458,,,-0.0018468201023286307,0.019602851677454458,-0.0018468201023286307,-0.19879492837646037,,,-0.0018468201023286307,-0.19879492837646037
52,19,-0.0018468201023286307,0.019602851677454458,-0.0018468201023286307,0.019602851677454458,True,-0.0018468201023286307,0.019602851677454458,,,-0.0018468201023286307,0.019602851677454458,-0.0018468201023286307,0.019602851677454458,,,-0.0018468201023286307,0.019602851677454458
52,20,-0.0018468201023286307,0.015647356615091253,-0.0018468201023286307,0.019602851677454458,True,-0.0018468201023286307,0.019602851677454458,,,-0.0018468201023286307,0.019602851677454458,-0.0018468201023286307,0.015647356615091253,,,-0.0018468201023286307,0.015647356615091253
52,21,-0.0018468201023286307,0.019602851677454458,-0.0018468201023286307,0.019602851677454458,True,-0.0018468201023286307,0.019602851677454458,,,-0.0018468201023286307,0.019602851677454458,-0.0018468201023286307,0.019602851677454458,,,-0.0018468201023286307,0.019602851677454458
52,22,-0.0018468201023286307,0.019602851677454458,-0.0018468201023286307,0.019602851677454458,True,-0.0018468201023286307,0.019602851677454458,,,-0.0018468201023286307,0.019602851677454458,-0.0018468201023286307,0.019602851677454458,,,-0.0018468201023286307,0.019602851677454458
52,23,-0.0018468201023286307,0.019602851677454458,-0.0018468201023286307,0.016719078586062835,True,-0.0018468201023286307,0.016719078586062835,,,-0.0018468201023286307,0.016719078586062835,-0.0018468201023286307,0.019602851677454458,,,-0.0018468201023286307,0.019602851677454458
52,24,-0.0018468201023286307,0.019602851677454458,-0.0018468201023286307,0.019602851677454458,True,-0.0018468201023286307,0.019602851677454458,,,-0.0018468201023286307,0.019602851677454458,-0.0018468201023286307,0.019602851677454458,,,-0.0018468201023286307,0.019602851677454458
52,25,-0.0018468201023286307,0.019602851677454458,-0.0018468201023286307,0.019602851677454458,True,-0.0018468201023286307,0.019602851677454458,,,-0.0018468201023286307,0.019602851677454458,-0.0018468201023286307,0.019602851677454458,,,-0.0018468201023286307,0.019602851677454458
53,1,-0.0018468201023286307,0.015647356615091253,-0.0018468201023286307,0.019602851677454458,True,-0.0018468201023286307,0.019602851677454458,,,-0.0018468201023286307,0.019602851677454458,-0.0018468201023286307,0.015647356615091253,,,-0.0018468201023286307,0.015647356615091253
53,2,-0.0018468201023286307,0.015647356615091253,-0.0018468201023286307,0.019602851677454458,True,-0.0018468201023286307,0.019602851677454458,,,-0.0018468201023286307,0.019602851677454458,-0.0018468201023286307,0.015647356615091253,,,-0.0018468201023286307,0.015647356615091253
53,3,-0.0018468201023286307,0.015647356615091253,-0.0018468201023286307,0.019602851677454458,True,-0.0018468201023286307,0.019602851677454458,0.0,0.5358159199445361,0.5339690998422075,0.019602851677454458,-0.0018468201023286307,0.015647356615091253,,,-0.0018468201023286307,0.015647356615091253
53,4,-0.0018468201023286307,0.019602851677454458,-0.0018468201023286307,0.019602851677454458,True,-0.0018468201023286307,0.019602851677454458,,,-0.0018468201023286307,0.019602851677454458,-0.0018468201023286307,0.019602851677454458,,,-0.0018468201023286307,0.019602851677454458
53,5,-0.0018468201023286307,0.019602851677454458,-0.0018468201023286307,0.016719078586062835,True,-0.0018468201023286307,0.016719078586062835,,,-0.0018468201023286307,0.016719078586062835,-0.0018468201023286307,0.019602851677454458,,,-0.0018468201023286307,0.019602851677454458
53,6,-0.0018468201023286307,0.019602851677454458,-0.0018468201023286307,0.019602851677454458,False,-0.0018468201023286307,0.019602851677454458,,,-0.0018468201023286307,0.019602851677454458,-0.0018468201023286307,0.019602851677454458,,,-0.0018468201023286307,0.019602851677454458
53,7,-0.0018468201023286307,0.019602851677454458,-0.0018468201023286307,0.015647356615091253,True,-0.0018468201023286307,0.015647356615091253,,,-0.0018468201023286307,0.015647356615091253,-0.0018468201023286307,0.019602851677454458,,,-0.0018468201023286307,0.019602851677454458
53,8,-0.0018468201023286307,0.019602851677454458,-0.07270586787424464,0.019602851677454458,True,-0.0018468201023286307,0.019602851677454458,,,-0.0018468201023286307,0.019602851677454458,-0.07270586787424464,0.019602851677454458,,,-0.07270586787424464,0.019602851677454458
53,9,-0.0018468201023286307,0.016719078586062835,-0.0018468201023286307,0.019602851677454458,True,-0.0018468201023286307,0.019602851677454458,,,-0.0018468201023286307,0.019602851677454458,-0.0018468201023286307,0.016719078586062835,,,-0.0018468201023286307,0.016719078586062835
53,10,-0.0018468201023286307,0.015647356615091253,-0.0018468201023286307,0.019602851677454458,False,-0.0018468201023286307,0.015647356615091253,,,-0.0018468201023286307,0.015647356615091253,-0.0018468201023286307,0.019602851677454458,,,-0.0018468201023286307,0.019602851677454458
53,11,-0.0018468201023286307,0.019602851677454458,-0.0018468201023286307,0.019602851677454458,True,-0.0018468201023286307,0.019602851677454458,0.0,0.4748399514081795,0.47299313130585086,0.019602851677454458,-0.0018468201023286307,0.019602851677454458,,,-0.0018468201023286307,0.019602851677454458
53,12,-0.0018468201023286307,0.019602851677454458,-0.0018468201023286307,0.019602851677454458,True,-0.0018468201023286307,0.019602851677454458,,,-0.0018468201023286307,0.019602851677454458,-0.0018468201023286307,0.019602851677454458,,,-0.0018468201023286307,0.019602851677454458
53,13,-0.0018468201023286307,0.015647356615091253,-0.0018468201023286307,0.019602851677454458,True,-0.0018468201023286307,0.019602851677454458,,,-0.0018468201023286307,0.019602851677454458,-0.0018468201023286307,0.015647356615091253,,,-0.0018468201023286307,0.015647356615091253
53,14,-0.0018468201023286307,0.019602851677454458,-0.0018468201023286307,0.019602851677454458,False,-0.0018468201023286307,0.019602851677454458,,,-0.0018468201023286307,0.019602851677454458,-0.0018468201023286307,0.019602851677454458,,,-0.0018468201023286307,0.019602851677454458
53,15,-0.0018468201023286307,0.019602851677454458,-0.0018468201023286307,0.019602851677454458,True,-0.0018468201023286307,0.019602851677454458,,,-0.0018468201023286307,0.019602851677454458,-0.0018468201023286307,0.019602851677454458,,,-0.0018468201023286307,0.019602851677454458
53,16,-0.0018468201023286307,0.019602851677454458,-0.0018468201023286307,0.015647356615091253,True,-0.0018468201023286307,0.015647356615091253,,,-0.0018468201023286307,0.015647356615091253,-0.0018468201023286307,0.019602851677454458,,,-0.0018468201023286307,0.019602851677454458
53,17,-0.0018468201023286307,0.019602851677454458,-0.0018468201023286307,0.015647356615091253,True,-0.0018468201023286307,0.015647356615091253,,,-0.0018468201023286307,0.015647356615091253,-0.0018468201023286307,0.019602851677454458,,,-0.0018468201023286307,0.019602851677454458
53,18,-0.0018468201023286307,0.019602851677454458,-0.0018468201023286307,0.019602851677454458,True,-0.0018468201023286307,0.019602851677454458,,,-0.0018468201023286307,0.019602851677454458,-0.0018468201023286307,0.019602851677454458,,,-0.0018468201023286307,0.019602851677454458
53,19,-0.0018468201023286307,0.019602851677454458,-0.0018468201023286307,0.019602851677454458,False,-0.0018468201023286307,0.019602851677454458,,,-0.0018468201023286307,0.019602851677454458,-0.0018468201023286307,0.019602851677454458,,,-0.0018468201023286307,0.019602851677454458
53,20,-0.0018468201023286307,0.019602851677454458,-0.0018468201023286307,0.019602851677454458,True,-0.0018468201023286307,0.019602851677454458,,,-0.0018468201023286307,0.019602851677454458,-0.0018468201023286307,0.019602851677454458,,,-0.0018468201023286307,0.019602851677454458
53,21,-0.0018468201023286307,0.019602851677454458,-0.0018468201023286307,0.019602851677454458,True,-0.0018468201023286307,0.019602851677454458,,,-0.0018468201023286307,0.019602851677454458,-0.0018468201023286307,0.019602851677454458,,,-0.0018468201023286307,0.019602851677454458
53,22,-0.0018468201023286307,0.019602851677454458,-0.0018468201023286307,0.019602851677454458,True,-0.0018468201023286307,0.019602851677454458,,,-0.0018468201023286307,0.019602851677454458,-0.0018468201023286307,0.019602851677454458,,,-0.0018468201023286307,0.019602851677454458
53,23,-0.0018468201023286307,0.019602851677454458,-0.0018468201023286307,0.019602851677454458,True,-0.0018468201023286307,0.019602851677454458,,,-0.0018468201023286307,0.019602851677454458,-0.0018468201023286307,0.019602851677454458,,,-0.0018468201023286307,0.019602851677454458
53,24,-0.0018468201023286307,0.019602851677454458,-0.0018468201023286307,0.019602851677454458,True,-0.0018468201023286307,0.019602851677454458,,,-0.0018468201023286307,0.019602851677454458,-0.0018468201023286307,0.019602851677454458,,,-0.0018468201023286307,0.019602851677454458
53,25,-0.0018468201023286307,0.019602851677454458,-0.0018468201023286307,0.019602851677454458,True,-0.0018468201023286307,0.019602851677454458,,,-0.0018468201023286307,0.019602851677454458,-0.0018468201023286307,0.019602851677454458,,,-0.0018468201023286307,0.019602851677454458
54,1,-0.0018468201023286307,0.019602851677454458,-0.0018468201023286307,0.019602851677454458,True,-0.0018468201023286307,0.019602851677454458,,,-0.0018468201023286307,0.019602851677454458,-0.0018468201023286307,0.019602851677454458,,,-0.0018468201023286307,0.019602851677454458
54,2,-0.0018468201023286307,0.019602851677454458,-0.0018468201023286307,0.019602851677454458,True,-0.0018468201023286307,0.019602851677454458,,,-0.0018468201023286307,0.019602851677454458,-0.0018468201023286307,0.019602851677454458,,,-0.0018468201023286307,0.019602851677454458
54,3,-0.0018468201023286307,0.019602851677454458,-0.0018468201023286307,0.015647356615091253,True,-0.0018468201023286307,0.015647356615091253,,,-0.0018468201023286307,0.015647356615091253,-0.0018468201023286307,0.019602851677454458,,,-0.0018468201023286307,0.019602851677454458
54,4,-0.0018468201023286307,0.019602851677454458,-0.0018468201023286307,0.019602851677454458,True,-0.0018468201023286307,0.019602851677454458,,,-0.0018468201023286307,0.019602851677454458,-0.0018468201023286307,0.019602851677454458,,,-0.0018468201023286307,0.019602851677454458
54,5,-0.0018468201023286307,0.015647356615091253,-0.0018468201023286307,0.019602851677454458,True,-0.0018468201023286307,0.019602851677454458,,,-0.0018468201023286307,0.019602851677454458,-0.0018468201023286307,0.015647356615091253,,,-0.0018468201023286307,0.015647356615091253
54,6,-0.0018468201023286307,0.019602851677454458,-0.0018468201023286307,0.015647356615091253,True,-0.0018468201023286307,0.015647356615091253,,,-0.0018468201023286307,0.015647356615091253,-0.0018468201023286307,0.019602851677454458,,,-0.0018468201023286307,0.019602851677454458
54,7,-0.0018468201023286307,0.019602851677454458,-0.0018468201023286307,0.019602851677454458,False,-0.0018468201023286307,0.019602851677454458,,,-0.0018468201023286307,0.019602851677454458,-0.0018468201023286307,0.019602851677454458,1.0,0.30578968251040317,-0.0018468201023286307,0.32539253418785763
54,8,-0.0018468201023286307,0.016719078586062835,-0.0018468201023286307,0.019602851677454458,True,-0.0018468201023286307,0.019602851677454458,,,-0.0018468201023286307,0.019602851677454458,-0.0018468201023286307,0.016719078586062835,,,-0.0018468201023286307,0.016719078586062835
54,9,-0.0018468201023286307,0.019602851677454458,-0.0018468201023286307,0.019602851677454458,True,-0.0018468201023286307,0.019602851677454458,,,-0.0018468201023286307,0.019602851677454458,-0.0018468201023286307,0.019602851677454458,,,-0.0018468201023286307,0.019602851677454458
54,10,-0.0018468201023286307,0.015647356615091253,-0.0018468201023286307,0.015647356615091253,True,-0.0018468201023286307,0.015647356615091253,,,-0.0018468201023286307,0.015647356615091253,-0.0018468201023286307,0.015647356615091253,,,-0.0018468201023286307,0.015647356615091253
54,11,-0.0018468201023286307,0.019602851677454458,-0.0018468201023286307,0.019602851677454458,True,-0.0018468201023286307,0.019602851677454458,,,-0.0018468201023286307,0.019602851677454458,-0.0018468201023286307,0.019602851677454458,,,-0.0018468201023286307,0.019602851677454458
54,12,-0.0018468201023286307,0.019602851677454458,-0.0018468201023286307,0.019602851677454458,True,-0.0018468201023286307,0.019602851677454458,,,-0.0018468201023286307,0.019602851677454458,-0.0018468201023286307,0.019602851677454458,,,-0.0018468201023286307,0.019602851677454458
54,13,-0.0018468201023286307,0.019602851677454458,-0.0018468201023286307,0.019602851677454458,False,-0.0018468201023286307,0.019602851677454458,,,-0.0018468201023286307,0.019602851677454458,-0.0018468201023286307,0.019602851677454458,,,-0.0018468201023286307,0.019602851677454458
54,14,-0.0018468201023286307,0.015647356615091253,-0.0018468201023286307,0.015647356615091253,True,-0.0018468201023286307,0.015647356615091253,,,-0.0018468201023286307,0.015647356615091253,-0.0018468201023286307,0.015647356615091253,,,-0.0018468201023286307,0.015647356615091253
54,15,-0.0018468201023286307,0.015647356615091253,-0.0018468201023286307,0.019602851677454458,True,-0.0018468201023286307,0.019602851677454458,,,-0.0018468201023286307,0.019602851677454458,-0.0018468201023286307,0.015647356615091253,,,-0.0018468201023286307,0.015647356615091253
54,16,-0.0018468201023286307,0.015647356615091253,-0.0018468201023286307,0.015647356615091253,True,-0.0018468201023286307,0.015647356615091253,,,-0.0018468201023286307,0.015647356615091253,-0.0018468201023286307,0.015647356615091253,,,-0.0018468201023286307,0.015647356615091253
54,17,-0.0018468201023286307,0.019602851677454458,-0.0018468201023286307,0.019602851677454458,True,-0.0018468201023286307,0.019602851677454458,,,-0.0018468201023286307,0.019602851677454458,-0.0018468201023286307,0.019602851677454458,,,-0.0018468201023286307,0.019602851677454458
54,18,-0.0018468201023286307,0.019602851677454458,-0.0018468201023286307,0.019602851677454458,False,-0.0018468201023286307,0.019602851677454458,1.0,0.8242873614869334,-0.0018468201023286307,0.8438902131643878,-0.0018468201023286307,0.019602851677454458,,,-0.0018468201023286307,0.019602851677454458
54,19,-0.0018468201023286307,0.015647356615091253,-0.0018468201023286307,0.019602851677454458,True,-0.0018468201023286307,0.019602851677454458,,,-0.0018468201023286307,0.019602851677454458,-0.0018468201023286307,0.015647356615091253,,,-0.0018468201023286307,0.015647356615091253
54,20,-0.0018468201023286307,0.019602851677454458,-0.0018468201023286307,0.019602851677454458,True,-0.0018468201023286307,0.019602851677454458,,,-0.0018468201023286307,0.019602851677454458,-0.0018468201023286307,0.019602851677454458,,,-0.0018468201023286307,0.019602851677454458
54,21,-0.0018468201023286307,0.019602851677454458,-0.0018468201023286307,0.019602851677454458,True,-0.0018468201023286307,0.019602851677454458,,,-0.0018468201023286307,0.019602851677454458,-0.0018468201023286307,0.019602851677454458,,,-0.0018468201023286307,0.019602851677454458
54,22,-0.0018468201023286307,0.019602851677454458,-0.0018468201023286307,0.019602851677454458,True,-0.0018468201023286307,0.019602851677454458,,,-0.0018468201023286307,0.019602851677454458,-0.0018468201023286307,0.019602851677454458,,,-0.0018468201023286307,0.019602851677454458
54,23,-0.0018468201023286307,0.015647356615091253,-0.0018468201023286307,0.019602851677454458,False,-0.0018468201023286307,0.015647356615091253,,,-0.0018468201023286307,0.015647356615091253,-0.0018468201023286307,0.019602851677454458,,,-0.0018468201023286307,0.019602851677454458
54,24,-0.0018468201023286307,0.019602851677454458,-0.0018468201023286307,0.015647356615091253,True,-0.0018468201023286307,0.015647356615091253,,,-0.0018468201023286307,0.015647356615091253,-0.0018468201023286307,0.019602851677454458,,,-0.0018468201023286307,0.019602851677454458
54,25,-0.0018468201023286307,0.019602851677454458,-0.0018468201023286307,0.019602851677454458,True,-0.0018468201023286307,0.019602851677454458,,,-0.0018468201023286307,0.019602851677454458,-0.0018468201023286307,0.019602851677454458,,,-0.0018468201023286307,0.019602851677454458
55,1,-0.0018468201023286307,0.019602851677454458,-0.0018468201023286307,0.019602851677454458,True,-0.0018468201023286307,0.019602851677454458,,,-0.0018468201023286307,0.019602851677454458,-0.0018468201023286307,0.019602851677454458,,,-0.0018468201023286307,0.019602851677454458
55,2,-0.0018468201023286307,0.019602851677454458,-0.0018468201023286307,0.019602851677454458,True,-0.0018468201023286307,0.019602851677454458,,,-0.0018468201023286307,0.019602851677454458,-0.0018468201023286307,0.019602851677454458,,,-0.0018468201023286307,0.019602851677454458
55,3,-0.0018468201023286307,0.019602851677454458,-0.0018468201023286307,0.019602851677454458,False,-0.0018468201023286307,0.019602851677454458,,,-0.0018468201023286307,0.019602851677454458,-0.0018468201023286307,0.019602851677454458,,,-0.0018468201023286307,0.019602851677454458
55,4,-0.0018468201023286307,0.019602851677454458,-0.0018468201023286307,0.019602851677454458,True,-0.0018468201023286307,0.019602851677454458,,,-0.0018468201023286307,0.019602851677454458,-0.0018468201023286307,0.019602851677454458,,,-0.0018468201023286307,0.019602851677454458
55,5,-0.0018468201023286307,0.019602851677454458,-0.0018468201023286307,0.019602851677454458,True,-0.0018468201023286307,0.019602851677454458,,,-0.0018468201023286307,0.019602851677454458,-0.0018468201023286307,0.019602851677454458,,,-0.0018468201023286307,0.019602851677454458
55,6,-0.0018468201023286307,0.019602851677454458,-0.0018468201023286307,0.015647356615091253,True,-0.0018468201023286307,0.015647356615091253,,,-0.0018468201023286307,0.015647356615091253,-0.0018468201023286307,0.019602851677454458,,,-0.0018468201023286307,0.019602851677454458
55,7,-0.0018468201023286307,0.015647356615091253,-0.0018468201023286307,0.019602851677454458,True,-0.0018468201023286307,0.019602851677454458,,,-0.0018468201023286307,0.019602851677454458,-0.0018468201023286307,0.015647356615091253,,,-0.0018468201023286307,0.015647356615091253
55,8,-0.0018468201023286307,0.015647356615091253,-0.0018468201023286307,0.015647356615091253,True,-0.0018468201023286307,0.015647356615091253,,,-0.0018468201023286307,0.015647356615091253,-0.0018468201023286307,0.015647356615091253,,,-0.0018468201023286307,0.015647356615091253
55,9,-0.0018468201023286307,0.015647356615091253,-0.0018468201023286307,0.019602851677454458,True,-0.0018468201023286307,0.019602851677454458,,,-0.0018468201023286307,0.019602851677454458,-0.0018468201023286307,0.015647356615091253,,,-0.0018468201023286307,0.015647356615091253
55,10,-0.0018468201023286307,0.019602851677454458,-0.0018468201023286307,0.019602851677454458,True,-0.0018468201023286307,0.019602851677454458,,,-0.0018468201023286307,0.019602851677454458,-0.0018468201023286307,0.019602851677454458,,,-0.0018468201023286307,0.019602851677454458
55,11,-0.0018468201023286307,0.019602851677454458,-0.0018468201023286307,0.019602851677454458,True,-0.0018468201023286307,0.019602851677454458,,,-0.0018468201023286307,0.019602851677454458,-0.0018468201023286307,0.019602851677454458,,,-0.0018468201023286307,0.019602851677454458
55,12,-0.0018468201023286307,0.015647356615091253,-0.0018468201023286307,0.32539253418785763,True,-0.0018468201023286307,0.32539253418785763,,,-0.0018468201023286307,0.32539253418785763,-0.0018468201023286307,0.015647356615091253,,,-0.0018468201023286307,0.015647356615091253
55,13,-0.0018468201023286307,0.016719078586062835,-0.0018468201023286307,0.019602851677454458,True,-0.0018468201023286307,0.019602851677454458,,,-0.0018468201023286307,0.019602851677454458,-0.0018468201023286307,0.016719078586062835,,,-0.0018468201023286307,0.016719078586062835
55,14,-0.0018468201023286307,0.016719078586062835,-0.0018468201023286307,0.019602851677454458,True,-0.0018468201023286307,0.019602851677454458,,,-0.0018468201023286307,0.019602851677454458,-0.0018468201023286307,0.016719078586062835,,,-0.0018468201023286307,0.016719078586062835
55,15,-0.0018468201023286307,0.015647356615091253,-0.0018468201023286307,0.019602851677454458,True,-0.0018468201023286307,0.019602851677454458,,,-0.0018468201023286307,0.019602851677454458,-0.0018468201023286307,0.015647356615091253,,,-0.0018468201023286307,0.015647356615091253
55,16,-0.0018468201023286307,0.019602851677454458,-0.0018468201023286307,0.019602851677454458,True,-0.0018468201023286307,0.019602851677454458,,,-0.0018468201023286307,0.019602851677454458,-0.0018468201023286307,0.019602851677454458,,,-0.0018468201023286307,0.019602851677454458
55,17,-0.0018468201023286307,0.019602851677454458,-0.0018468201023286307,0.019602851677454458,True,-0.0018468201023286307,0.019602851677454458,,,-0.0018468201023286307,0.019602851677454458,-0.0018468201023286307,0.019602851677454458,,,-0.0018468201023286307,0.019602851677454458
55,18,-0.0018468201023286307,0.019602851677454458,-0.0018468201023286307,0.019602851677454458,False,-0.0018468201023286307,0.019602851677454458,,,-0.0018468201023286307,0.019602851677454458,-0.0018468201023286307,0.019602851677454458,,,-0.0018468201023286307,0.019602851677454458
55,19,-0.0018468201023286307,0.015647356615091253,-0.0018468201023286307,0.019602851677454458,True,-0.0018468201023286307,0.019602851677454458,,,-0.0018468201023286307,0.019602851677454458,-0.0018468201023286307,0.015647356615091253,,,-0.0018468201023286307,0.015647356615091253
55,20,-0.0018468201023286307,0.019602851677454458,-0.0018468201023286307,0.019602851677454458,True,-0.0018468201023286307,0.019602851677454458,,,-0.0018468201023286307,0.019602851677454458,-0.0018468201023286307,0.019602851677454458,,,-0.0018468201023286307,0.019602851677454458
55,21,-0.0018468201023286307,0.015647356615091253,-0.0018468201023286307,0.019602851677454458,True,-0.0018468201023286307,0.019602851677454458,,,-0.0018468201023286307,0.019602851677454458,-0.0018468201023286307,0.015647356615091253,,,-0.0018468201023286307,0.015647356615091253
55,22,-0.0018468201023286307,0.019602851677454458,-0.0018468201023286307,0.015647356615091253,True,-0.0018468201023286307,0.015647356615091253,,,-0.0018468201023286307,0.015647356615091253,-0.0018468201023286307,0.019602851677454458,,,-0.0018468201023286307,0.019602851677454458
55,23,-0.0018468201023286307,0.019602851677454458,-0.0018468201023286307,0.015647356615091253,True,-0.0018468201023286307,0.015647356615091253,,,-0.0018468201023286307,0.015647356615091253,-0.0018468201023286307,0.019602851677454458,,,-0.0018468201023286307,0.019602851677454458
55,24,-0.0018468201023286307,0.015647356615091253,-0.0018468201023286307,0.019602851677454458,True,-0.0018468201023286307,0.019602851677454458,,,-0.0018468201023286307,0.019602851677454458,-0.0018468201023286307,0.015647356615091253,,,-0.0018468201023286307,0.015647356615091253
55,25,-0.0018468201023286307,0.019602851677454458,-0.0018468201023286307,0.019602851677454458,True,-0.0018468201023286307,0.019602851677454458,,,-0.0018468201023286307,0.019602851677454458,-0.0018468201023286307,0.019602851677454458,,,-0.0018468201023286307,0.019602851677454458
56,1,-0.0018468201023286307,0.019602851677454458,-0.0018468201023286307,0.019602851677454458,True,-0.0018468201023286307,0.019602851677454458,,,-0.0018468201023286307,0.019602851677454458,-0.0018468201023286307,0.019602851677454458,,,-0.0018468201023286307,0.019602851677454458
56,2,-0.0018468201023286307,0.019602851677454458,-0.0018468201023286307,0.019602851677454458,True,-0.0018468201023286307,0.019602851677454458,0.0,0.7457832582243831,0.7439364381220545,0.019602851677454458,-0.0018468201023286307,0.019602851677454458,,,-0.0018468201023286307,0.019602851677454458
56,3,-0.0018468201023286307,0.019602851677454458,-0.0018468201023286307,0.019602851677454458,True,-0.0018468201023286307,0.019602851677454458,,,-0.0018468201023286307,0.019602851677454458,-0.0018468201023286307,0.019602851677454458,,,-0.0018468201023286307,0.019602851677454458
56,4,-0.0018468201023286307,0.019602851677454458,-0.0018468201023286307,0.019602851677454458,True,-0.0018468201023286307,0.019602851677454458,,,-0.0018468201023286307,0.019602851677454458,-0.0018468201023286307,0.019602851677454458,,,-0.0018468201023286307,0.019602851677454458
56,5,-0.0018468201023286307,0.015647356615091253,-0.0018468201023286307,0.019602851677454458,True,-0.0018468201023286307,0.019602851677454458,,,-0.0018468201023286307,0.019602851677454458,-0.0018468201023286307,0.015647356615091253,,,-0.0018468201023286307,0.015647356615091253
56,6,-0.0018468201023286307,0.015647356615091253,-0.0018468201023286307,0.015647356615091253,True,-0.0018468201023286307,0.015647356615091253,,,-0.0018468201023286307,0.015647356615091253,-0.0018468201023286307,0.015647356615091253,,,-0.0018468201023286307,0.015647356615091253
56,7,-0.0018468201023286307,0.015647356615091253,-0.0018468201023286307,0.015647356615091253,True,-0.0018468201023286307,0.015647356615091253,,,-0.0018468201023286307,0.015647356615091253,-0.0018468201023286307,0.015647356615091253,,,-0.0018468201023286307,0.015647356615091253
56,8,-0.0018468201023286307,0.016719078586062835,-0.0018468201023286307,0.015647356615091253,True,-0.0018468201023286307,0.015647356615091253,,,-0.0018468201023286307,0.015647356615091253,-0.0018468201023286307,0.016719078586062835,,,-0.0018468201023286307,0.016719078586062835
56,9,-0.0018468201023286307,0.019602851677454458,-0.0018468201023286307,0.019602851677454458,True,-0.0018468201023286307,0.019602851677454458,,,-0.0018468201023286307,0.019602851677454458,-0.0018468201023286307,0.019602851677454458,,,-0.0018468201023286307,0.019602851677454458
56,10,-0.0018468201023286307,0.019602851677454458,-0.0018468201023286307,0.016719078586062835,True,-0.0018468201023286307,0.016719078586062835,,,-0.0018468201023286307,0.016719078586062835,-0.0018468201023286307,0.019602851677454458,,,-0.0018468201023286307,0.019602851677454458
56,11,-0.0018468201023286307,0.019602851677454458,-0.0018468201023286307,0.019602851677454458,True,-0.0018468201023286307,0.019602851677454458,,,-0.0018468201023286307,0.019602851677454458,-0.0018468201023286307,0.019602851677454458,,,-0.0018468201023286307,0.019602851677454458
56,12,-0.0018468201023286307,0.019602851677454458,-0.0018468201023286307,0.019602851677454458,False,-0.0018468201023286307,0.019602851677454458,,,-0.0018468201023286307,0.019602851677454458,-0.0018468201023286307,0.019602851677454458,,,-0.0018468201023286307,0.019602851677454458
56,13,-0.0018468201023286307,0.015647356615091253,-0.0018468201023286307,0.019602851677454458,False,-0.0018468201023286307,0.015647356615091253,,,-0.0018468201023286307,0.015647356615091253,-0.0018468201023286307,0.019602851677454458,,,-0.0018468201023286307,0.019602851677454458
56,14,-0.0018468201023286307,0.019602851677454458,-0.0018468201023286307,0.019602851677454458,True,-0.0018468201023286307,0.019602851677454458,1.0,-0.31761701556116495,-0.0018468201023286307,-0.2980141638837105,-0.0018468201023286307,0.019602851677454458,,,-0.0018468201023286307,0.019602851677454458
56,15,-0.0018468201023286307,0.019602851677454458,-0.0018468201023286307,0.019602851677454458,True,-0.0018468201023286307,0.019602851677454458,,,-0.0018468201023286307,0.019602851677454458,-0.0018468201023286307,0.019602851677454458,,,-0.0018468201023286307,0.019602851677454458
56,16,-0.0018468201023286307,0.015647356615091253,-0.0018468201023286307,0.015647356615091253,True,-0.0018468201023286307,0.015647356615091253,,,-0.0018468201023286307,0.015647356615091253,-0.0018468201023286307,0.015647356615091253,,,-0.0018468201023286307,0.015647356615091253
56,17,-0.0018468201023286307,0.019602851677454458,-0.0018468201023286307,0.019602851677454458,True,-0.0018468201023286307,0.019602851677454458,,,-0.0018468201023286307,0.019602851677454458,-0.0018468201023286307,0.019602851677454458,,,-0.0018468201023286307,0.019602851677454458
56,18,-0.0018468201023286307,0.015647356615091253,-0.0018468201023286307,0.015647356615091253,False,-0.0018468201023286307,0.015647356615091253,,,-0.0018468201023286307,0.015647356615091253,-0.0018468201023286307,0.015647356615091253,,,-0.0018468201023286307,0.015647356615091253
56,19,-0.0018468201023286307,0.015647356615091253,-0.0018468201023286307,0.019602851677454458,True,-0.0018468201023286307,0.019602851677454458,,,-0.0018468201023286307,0.019602851677454458,-0.0018468201023286307,0.015647356615091253,,,-0.0018468201023286307,0.015647356615091253
56,20,-0.0018468201023286307,0.019602851677454458,-0.0018468201023286307,0.015647356615091253,True,-0.0018468201023286307,0.015647356615091253,,,-0.0018468201023286307,0.015647356615091253,-0.0018468201023286307,0.019602851677454458,,,-0.0018468201023286307,0.019602851677454458
56,21,-0.0018468201023286307,0.015647356615091253,-0.0018468201023286307,0.019602851677454458,True,-0.0018468201023286307,0.019602851677454458,,,-0.0018468201023286307,0.019602851677454458,-0.0018468201023286307,0.015647356615091253,,,-0.0018468201023286307,0.015647356615091253
56,22,-0.0018468201023286307,0.019602851677454458,-0.0018468201023286307,0.019602851677454458,True,-0.0018468201023286307,0.019602851677454458,,,-0.0018468201023286307,0.019602851677454458,-0.0018468201023286307,0.019602851677454458,,,-0.0018468201023286307,0.019602851677454458
56,23,-0.0018468201023286307,0.019602851677454458,-0.0018468201023286307,0.015647356615091253,True,-0.0018468201023286307,0.015647356615091253,,,-0.0018468201023286307,0.015647356615091253,-0.0018468201023286307,0.019602851677454458,,,-0.0018468201023286307,0.019602851677454458
56,24,-0.0018468201023286307,0.019602851677454458,-0.0018468201023286307,0.019602851677454458,True,-0.0018468201023286307,0.019602851677454458,,,-0.0018468201023286307,0.019602851677454458,-0.0018468201023286307,0.019602851677454458,,,-0.0018468201023286307,0.019602851677454458
56,25,-0.0018468201023286307,0.019602851677454458,-0.0018468201023286307,0.019602851677454458,True,-0.0018468201023286307,0.019602851677454458,1.0,0.45453075390254855,-0.0018468201023286307,0.474133605580003,-0.0018468201023286307,0.019602851677454458,,,-0.0018468201023286307,0.019602851677454458
57,1,-0.0018468201023286307,0.019602851677454458,-0.0018468201023286307,0.019602851677454458,True,-0.0018468201023286307,0.019602851677454458,,,-0.0018468201023286307,0.019602851677454458,-0.0018468201023286307,0.019602851677454458,,,-0.0018468201023286307,0.019602851677454458
57,2,-0.0018468201023286307,0.015647356615091253,-0.0018468201023286307,0.019602851677454458,True,-0.0018468201023286307,0.019602851677454458,,,-0.0018468201023286307,0.019602851677454458,-0.0018468201023286307,0.015647356615091253,,,-0.0018468201023286307,0.015647356615091253
57,3,-0.0018468201023286307,0.019602851677454458,-0.0018468201023286307,0.019602851677454458,False,-0.0018468201023286307,0.019602851677454458,,,-0.0018468201023286307,0.019602851677454458,-0.0018468201023286307,0.019602851677454458,,,-0.0018468201023286307,0.019602851677454458
57,4,-0.0018468201023286307,0.015647356615091253,-0.0018468201023286307,0.019602851677454458,True,-0.0018468201023286307,0.019602851677454458,,,-0.0018468201023286307,0.019602851677454458,-0.0018468201023286307,0.015647356615091253,,,-0.0018468201023286307,0.015647356615091253
57,5,-0.0018468201023286307,0.015647356615091253,-0.0018468201023286307,0.015647356615091253,True,-0.0018468201023286307,0.015647356615091253,,,-0.0018468201023286307,0.015647356615091253,-0.0018468201023286307,0.015647356615091253,,,-0.0018468201023286307,0.015647356615091253
57,6,-0.0018468201023286307,0.015647356615091253,-0.0018468201023286307,0.015647356615091253,True,-0.0018468201023286307,0.015647356615091253,,,-0.0018468201023286307,0.015647356615091253,-0.0018468201023286307,0.015647356615091253,,,-0.0018468201023286307,0.015647356615091253
57,7,-0.0018468201023286307,0.019602851677454458,-0.0018468201023286307,0.019602851677454458,True,-0.0018468201023286307,0.019602851677454458,,,-0.0018468201023286307,0.019602851677454458,-0.0018468201023286307,0.019602851677454458,,,-0.0018468201023286307,0.019602851677454458
57,8,-0.0018468201023286307,0.015647356615091253,-0.0018468201023286307,0.019602851677454458,True,-0.0018468201023286307,0.019602851677454458,,,-0.0018468201023286307,0.019602851677454458,-0.0018468201023286307,0.015647356615091253,,,-0.0018468201023286307,0.015647356615091253
57,9,-0.0018468201023286307,0.019602851677454458,-0.0018468201023286307,0.015647356615091253,True,-0.0018468201023286307,0.015647356615091253,,,-0.0018468201023286307,0.015647356615091253,-0.0018468201023286307,0.019602851677454458,,,-0.0018468201023286307,0.019602851677454458
57,10,-0.0018468201023286307,0.019602851677454458,-0.0018468201023286307,0.019602851677454458,True,-0.0018468201023286307,0.019602851677454458,,,-0.0018468201023286307,0.019602851677454458,-0.0018468201023286307,0.019602851677454458,,,-0.0018468201023286307,0.019602851677454458
57,11,-0.0018468201023286307,0.019602851677454458,-0.0018468201023286307,0.019602851677454458,True,-0.0018468201023286307,0.019602851677454458,,,-0.0018468201023286307,0.019602851677454458,-0.0018468201023286307,0.019602851677454458,,,-0.0018468201023286307,0.019602851677454458
57,12,-0.0018468201023286307,0.019602851677454458,-0.0018468201023286307,0.016719078586062835,True,-0.0018468201023286307,0.016719078586062835,,,-0.0018468201023286307,0.016719078586062835,-0.0018468201023286307,0.019602851677454458,,,-0.0018468201023286307,0.019602851677454458
57,13,-0.0018468201023286307,0.015647356615091253,-0.0018468201023286307,0.015647356615091253,True,-0.0018468201023286307,0.015647356615091253,,,-0.0018468201023286307,0.015647356615091253,-0.0018468201023286307,0.015647356615091253,,,-0.0018468201023286307,0.015647356615091253
57,14,-0.0018468201023286307,0.015647356615091253,-0.0018468201023286307,0.015647356615091253,True,-0.0018468201023286307,0.015647356615091253,0.0,-0.739566277070881,-0.7414130971732096,0.015647356615091253,-0.0018468201023286307,0.015647356615091253,,,-0.0018468201023286307,0.015647356615091253
57,15,-0.0018468201023286307,0.019602851677454458,-0.0018468201023286307,0.019602851677454458,True,-0.0018468201023286307,0.019602851677454458,,,-0.0018468201023286307,0.019602851677454458,-0.0018468201023286307,0.019602851677454458,,,-0.0018468201023286307,0.019602851677454458
57,16,-0.0018468201023286307,0.019602851677454458,-0.0018468201023286307,0.015647356615091253,True,-0.0018468201023286307,0.015647356615091253,,,-0.0018468201023286307,0.015647356615091253,-0.0018468201023286307,0.019602851677454458,,,-0.0018468201023286307,0.019602851677454458
57,17,-0.0018468201023286307,0.015647356615091253,-0.0018468201023286307,0.019602851677454458,True,-0.0018468201023286307,0.019602851677454458,,,-0.0018468201023286307,0.019602851677454458,-0.0018468201023286307,0.015647356615091253,,,-0.0018468201023286307,0.015647356615091253
57,18,-0.0018468201023286307,0.019602851677454458,-0.0018468201023286307,0.019602851677454458,True,-0.0018468201023286307,0.019602851677454458,,,-0.0018468201023286307,0.019602851677454458,-0.0018468201023286307,0.019602851677454458,,,-0.0018468201023286307,0.019602851677454458
57,19,-0.0018468201023286307,0.019602851677454458,-0.0018468201023286307,0.015647356615091253,False,-0.0018468201023286307,0.019602851677454458,,,-0.0018468201023286307,0.019602851677454458,-0.0018468201023286307,0.015647356615091253,,,-0.0018468201023286307,0.015647356615091253
57,20,-0.0018468201023286307,0.015647356615091253,-0.0018468201023286307,0.015647356615091253,True,-0.0018468201023286307,0.015647356615091253,,,-0.0018468201023286307,0.015647356615091253,-0.0018468201023286307,0.015647356615091253,,,-0.0018468201023286307,0.015647356615091253
57,21,-0.0018468201023286307,0.015647356615091253,-0.0018468201023286307,-0.2980141638837105,True,-0.0018468201023286307,-0.2980141638837105,,,-0.0018468201023286307,-0.2980141638837105,-0.0018468201023286307,0.015647356615091253,,,-0.0018468201023286307,0.015647356615091253
57,22,-0.0018468201023286307,0.019602851677454458,-0.0018468201023286307,0.019602851677454458,True,-0.0018468201023286307,0.019602851677454458,,,-0.0018468201023286307,0.019602851677454458,-0.0018468201023286307,0.019602851677454458,0.0,-0.15300506154840438,-0.154851881650733,0.019602851677454458
57,23,-0.0018468201023286307,0.015647356615091253,-0.0018468201023286307,0.016719078586062835,True,-0.0018468201023286307,0.016719078586062835,,,-0.0018468201023286307,0.016719078586062835,-0.0018468201023286307,0.015647356615091253,,,-0.0018468201023286307,0.015647356615091253
57,24,-0.0018468201023286307,0.019602851677454458,-0.0018468201023286307,0.019602851677454458,True,-0.0018468201023286307,0.019602851677454458,1.0,-0.26996958929636994,-0.0018468201023286307,-0.2503667376189155,-0.0018468201023286307,0.019602851677454458,,,-0.0018468201023286307,0.019602851677454458
57,25,-0.0018468201023286307,0.019602851677454458,-0.0018468201023286307,0.019602851677454458,True,-0.0018468201023286307,0.019602851677454458,,,-0.0018468201023286307,0.019602851677454458,-0.0018468201023286307,0.019602851677454458,,,-0.0018468201023286307,0.019602851677454458
58,1,-0.0018468201023286307,0.019602851677454458,-0.0018468201023286307,0.019602851677454458,True,-0.0018468201023286307,0.019602851677454458,,,-0.0018468201023286307,0.019602851677454458,-0.0018468201023286307,0.019602851677454458,,,-0.0018468201023286307,0.019602851677454458
58,2,-0.0018468201023286307,0.015647356615091253,-0.0018468201023286307,0.019602851677454458,True,-0.0018468201023286307,0.019602851677454458,,,-0.0018468201023286307,0.019602851677454458,-0.0018468201023286307,0.015647356615091253,1.0,-0.22370957209483858,-0.0018468201023286307,-0.20806221547974732
58,3,-0.0018468201023286307,0.019602851677454458,-0.0018468201023286307,0.015647356615091253,True,-0.0018468201023286307,0.015647356615091253,,,-0.0018468201023286307,0.015647356615091253,-0.0018468201023286307,0.019602851677454458,,,-0.0018468201023286307,0.019602851677454458
58,4,-0.0018468201023286307,0.019602851677454458,-0.0018468201023286307,0.015647356615091253,False,-0.0018468201023286307,0.019602851677454458,,,-0.0018468201023286307,0.019602851677454458,-0.0018468201023286307,0.015647356615091253,,,-0.0018468201023286307,0.015647356615091253
58,5,-0.0018468201023286307,0.015647356615091253,-0.0018468201023286307,0.019602851677454458,True,-0.0018468201023286307,0.019602851677454458,,,-0.0018468201023286307,0.019602851677454458,-0.0018468201023286307,0.015647356615091253,,,-0.0018468201023286307,0.015647356615091253
58,6,-0.0018468201023286307,0.019602851677454458,-0.0018468201023286307,0.019602851677454458,False,-0.0018468201023286307,0.019602851677454458,,,-0.0018468201023286307,0.019602851677454458,-0.0018468201023286307,0.019602851677454458,,,-0.0018468201023286307,0.019602851677454458
58,7,-0.0018468201023286307,0.015647356615091253,-0.0018468201023286307,0.019602851677454458,True,-0.0018468201023286307,0.019602851677454458,0.0,0.1619698210430091,0.1601230009406805,0.019602851677454458,-0.0018468201023286307,0.015647356615091253,,,-0.0018468201023286307,0.015647356615091253
58,8,-0.0018468201023286307,-0.2980141638837105,-0.0018468201023286307,0.019602851677454458,True,-0.0018468201023286307,0.019602851677454458,,,-0.0018468201023286307,0.019602851677454458,-0.0018468201023286307,-0.2980141638837105,,,-0.0018468201023286307,-0.2980141638837105
58,9,-0.0018468201023286307,0.015647356615091253,-0.0018468201023286307,0.019602851677454458,True,-0.0018468201023286307,0.019602851677454458,0.0,-0.007889460186480476,-0.009736280288809107,0.019602851677454458,-0.0018468201023286307,0.015647356615091253,,,-0.0018468201023286307,0.015647356615091253
58,10,-0.0018468201023286307,0.015647356615091253,-0.0018468201023286307,0.019602851677454458,True,-0.0018468201023286307,0.019602851677454458,,,-0.0018468201023286307,0.019602851677454458,-0.0018468201023286307,0.015647356615091253,,,-0.0018468201023286307,0.015647356615091253
58,11,-0.0018468201023286307,0.019602851677454458,-0.0018468201023286307,0.019602851677454458,True,-0.0018468201023286307,0.019602851677454458,,,-0.0018468201023286307,0.019602851677454458,-0.0018468201023286307,0.019602851677454458,,,-0.0018468201023286307,0.019602851677454458
58,12,-0.0018468201023286307,0.015647356615091253,-0.0018468201023286307,0.019602851677454458,True,-0.0018468201023286307,0.019602851677454458,,,-0.0018468201023286307,0.019602851677454458,-0.0018468201023286307,0.015647356615091253,,,-0.0018468201023286307,0.015647356615091253
58,13,-0.0018468201023286307,0.019602851677454458,-0.0018468201023286307,0.015647356615091253,True,-0.0018468201023286307,0.015647356615091253,,,-0.0018468201023286307,0.015647356615091253,-0.0018468201023286307,0.019602851677454458,,,-0.0018468201023286307,0.019602851677454458
58,14,-0.0018468201023286307,0.019602851677454458,-0.0018468201023286307,0.015647356615091253,True,-0.0018468201023286307,0.015647356615091253,,,-0.0018468201023286307,0.015647356615091253,-0.0018468201023286307,0.019602851677454458,,,-0.0018468201023286307,0.019602851677454458
58,15,-0.0018468201023286307,0.019602851677454458,-0.0018468201023286307,0.015647356615091253,True,-0.0018468201023286307,0.015647356615091253,,,-0.0018468201023286307,0.015647356615091253,-0.0018468201023286307,0.019602851677454458,,,-0.0018468201023286307,0.019602851677454458
58,16,-0.0018468201023286307,0.015647356615091253,-0.0018468201023286307,0.015647356615091253,True,-0.0018468201023286307,0.015647356615091253,,,-0.0018468201023286307,0.015647356615091253,-0.0018468201023286307,0.015647356615091253,,,-0.0018468201023286307,0.015647356615091253
58,17,-0.0018468201023286307,0.019602851677454458,-0.0018468201023286307,0.015647356615091253,True,-0.0018468201023286307,0.015647356615091253,,,-0.0018468201023286307,0.015647356615091253,-0.0018468201023286307,0.019602851677454458,,,-0.0018468201023286307,0.019602851677454458
58,18,-0.0018468201023286307,0.019602851677454458,-0.154851881650733,0.019602851677454458,True,-0.0018468201023286307,0.019602851677454458,,,-0.0018468201023286307,0.019602851677454458,-0.154851881650733,0.019602851677454458,,,-0.154851881650733,0.019602851677454458
58,19,-0.0018468201023286307,0.015647356615091253,-0.0018468201023286307,0.015647356615091253,True,-0.0018468201023286307,0.015647356615091253,,,-0.0018468201023286307,0.015647356615091253,-0.0018468201023286307,0.015647356615091253,,,-0.0018468201023286307,0.015647356615091253
58,20,-0.0018468201023286307,0.015647356615091253,-0.0018468201023286307,0.015647356615091253,True,-0.0018468201023286307,0.015647356615091253,,,-0.0018468201023286307,0.015647356615091253,-0.0018468201023286307,0.015647356615091253,,,-0.0018468201023286307,0.015647356615091253
58,21,-0.0018468201023286307,0.015647356615091253,-0.0018468201023286307,0.019602851677454458,False,-0.0018468201023286307,0.015647356615091253,,,-0.0018468201023286307,0.015647356615091253,-0.0018468201023286307,0.019602851677454458,,,-0.0018468201023286307,0.019602851677454458
58,22,-0.0018468201023286307,0.015647356615091253,-0.0018468201023286307,0.016719078586062835,True,-0.0018468201023286307,0.016719078586062835,,,-0.0018468201023286307,0.016719078586062835,-0.0018468201023286307,0.015647356615091253,1.0,-0.21691682045418814,-0.0018468201023286307,-0.20126946383909688
58,23,-0.154851881650733,0.019602851677454458,-0.0018468201023286307,0.019602851677454458,False,-0.154851881650733,0.019602851677454458,,,-0.154851881650733,0.019602851677454458,-0.0018468201023286307,0.019602851677454458,,,-0.0018468201023286307,0.019602851677454458
58,24,-0.0018468201023286307,0.015647356615091253,-0.154851881650733,0.019602851677454458,False,-0.0018468201023286307,0.015647356615091253,1.0,0.19098151674240416,-0.0018468201023286307,0.2066288733574954,-0.154851881650733,0.019602851677454458,,,-0.154851881650733,0.019602851677454458
58,25,-0.0018468201023286307,0.015647356615091253,-0.0018468201023286307,0.019602851677454458,True,-0.0018468201023286307,0.019602851677454458,,,-0.0018468201023286307,0.019602851677454458,-0.0018468201023286307,0.015647356615091253,,,-0.0018468201023286307,0.015647356615091253
59,1,-0.0018468201023286307,0.015647356615091253,-0.0018468201023286307,0.015647356615091253,False,-0.0018468201023286307,0.015647356615091253,,,-0.0018468201023286307,0.015647356615091253,-0.0018468201023286307,0.015647356615091253,,,-0.0018468201023286307,0.015647356615091253
59,2,-0.0018468201023286307,0.015647356615091253,-0.0018468201023286307,0.019602851677454458,False,-0.0018468201023286307,0.015647356615091253,,,-0.0018468201023286307,0.015647356615091253,-0.0018468201023286307,0.019602851677454458,,,-0.0018468201023286307,0.019602851677454458
59,3,-0.0018468201023286307,0.019602851677454458,-0.0018468201023286307,0.015647356615091253,True,-0.0018468201023286307,0.015647356615091253,,,-0.0018468201023286307,0.015647356615091253,-0.0018468201023286307,0.019602851677454458,,,-0.0018468201023286307,0.019602851677454458
59,4,-0.0018468201023286307,-0.20806221547974732,-0.0018468201023286307,-0.20126946383909688,True,-0.0018468201023286307,-0.20126946383909688,,,-0.0018468201023286307,-0.20126946383909688,-0.0018468201023286307,-0.20806221547974732,,,-0.0018468201023286307,-0.20806221547974732
59,5,-0.0018468201023286307,0.2066288733574954,-0.0018468201023286307,0.019602851677454458,True,-0.0018468201023286307,0.019602851677454458,,,-0.0018468201023286307,0.019602851677454458,-0.0018468201023286307,0.2066288733574954,,,-0.0018468201023286307,0.2066288733574954
59,6,-0.0018468201023286307,0.019602851677454458,-0.0018468201023286307,0.019602851677454458,True,-0.0018468201023286307,0.019602851677454458,,,-0.0018468201023286307,0.019602851677454458,-0.0018468201023286307,0.019602851677454458,,,-0.0018468201023286307,0.019602851677454458
59,7,-0.0018468201023286307,0.019602851677454458,-0.0018468201023286307,0.015647356615091253,True,-0.0018468201023286307,0.015647356615091253,,,-0.0018468201023286307,0.015647356615091253,-0.0018468201023286307,0.019602851677454458,,,-0.0018468201023286307,0.019602851677454458
59,8,-0.0018468201023286307,0.015647356615091253,-0.0018468201023286307,0.019602851677454458,True,-0.0018468201023286307,0.019602851677454458,,,-0.0018468201023286307,0.019602851677454458,-0.0018468201023286307,0.015647356615091253,,,-0.0018468201023286307,0.015647356615091253
59,9,-0.0018468201023286307,0.015647356615091253,-0.154851881650733,0.019602851677454458,False,-0.0018468201023286307,0.015647356615091253,0.0,-0.05474045480353369,-0.05658727490586232,0.015647356615091253,-0.154851881650733,0.019602851677454458,,,-0.154851881650733,0.019602851677454458
59,10,-0.0018468201023286307,0.019602851677454458,-0.0018468201023286307,0.019602851677454458,True,-0.0018468201023286307,0.019602851677454458,1.0,-1.1683706881786942,-0.0018468201023286307,-1.1487678365012397,-0.0018468201023286307,0.019602851677454458,,,-0.0018468201023286307,0.019602851677454458
59,11,-0.0018468201023286307,0.019602851677454458,-0.0018468201023286307,0.015647356615091253,True,-0.0018468201023286307,0.015647356615091253,,,-0.0018468201023286307,0.015647356615091253,-0.0018468201023286307,0.019602851677454458,,,-0.0018468201023286307,0.019602851677454458
59,12,-0.0018468201023286307,0.019602851677454458,-0.0018468201023286307,0.019602851677454458,True,-0.0018468201023286307,0.019602851677454458,,,-0.0018468201023286307,0.019602851677454458,-0.0018468201023286307,0.019602851677454458,,,-0.0018468201023286307,0.019602851677454458
59,13,-0.0018468201023286307,0.015647356615091253,-0.0018468201023286307,0.019602851677454458,False,-0.0018468201023286307,0.015647356615091253,,,-0.0018468201023286307,0.015647356615091253,-0.0018468201023286307,0.019602851677454458,,,-0.0018468201023286307,0.019602851677454458
59,14,-0.0018468201023286307,0.015647356615091253,-0.0018468201023286307,0.015647356615091253,True,-0.0018468201023286307,0.015647356615091253,,,-0.0018468201023286307,0.015647356615091253,-0.0018468201023286307,0.015647356615091253,,,-0.0018468201023286307,0.015647356615091253
59,15,-0.0018468201023286307,0.015647356615091253,-0.0018468201023286307,0.019602851677454458,True,-0.0018468201023286307,0.019602851677454458,,,-0.0018468201023286307,0.019602851677454458,-0.0018468201023286307,0.015647356615091253,,,-0.0018468201023286307,0.015647356615091253
59,16,-0.154851881650733,0.019602851677454458,-0.0018468201023286307,0.015647356615091253,True,-0.154851881650733,0.015647356615091253,,,-0.154851881650733,0.015647356615091253,-0.0018468201023286307,0.019602851677454458,,,-0.0018468201023286307,0.019602851677454458
59,17,-0.0018468201023286307,0.019602851677454458,-0.0018468201023286307,0.019602851677454458,False,-0.0018468201023286307,0.019602851677454458,,,-0.0018468201023286307,0.019602851677454458,-0.0018468201023286307,0.019602851677454458,,,-0.0018468201023286307,0.019602851677454458
59,18,-0.0018468201023286307,0.015647356615091253,-0.0018468201023286307,0.019602851677454458,True,-0.0018468201023286307,0.019602851677454458,,,-0.0018468201023286307,0.019602851677454458,-0.0018468201023286307,0.015647356615091253,,,-0.0018468201023286307,0.015647356615091253
59,19,-0.009736280288809107,0.019602851677454458,0.1601230009406805,0.019602851677454458,False,-0.009736280288809107,0.019602851677454458,,,-0.009736280288809107,0.019602851677454458,0.1601230009406805,0.019602851677454458,,,0.1601230009406805,0.019602851677454458
59,20,-0.0018468201023286307,0.019602851677454458,-0.0018468201023286307,0.015647356615091253,False,-0.0018468201023286307,0.019602851677454458,,,-0.0018468201023286307,0.019602851677454458,-0.0018468201023286307,0.015647356615091253,,,-0.0018468201023286307,0.015647356615091253
59,21,-0.0018468201023286307,0.015647356615091253,-0.0018468201023286307,0.015647356615091253,True,-0.0018468201023286307,0.015647356615091253,,,-0.0018468201023286307,0.015647356615091253,-0.0018468201023286307,0.015647356615091253,,,-0.0018468201023286307,0.015647356615091253
59,22,-0.0018468201023286307,0.015647356615091253,-0.0018468201023286307,0.015647356615091253,True,-0.0018468201023286307,0.015647356615091253,,,-0.0018468201023286307,0.015647356615091253,-0.0018468201023286307,0.015647356615091253,,,-0.0018468201023286307,0.015647356615091253
59,23,-0.0018468201023286307,0.015647356615091253,-0.0018468201023286307,0.019602851677454458,True,-0.0018468201023286307,0.019602851677454458,,,-0.0018468201023286307,0.019602851677454458,-0.0018468201023286307,0.015647356615091253,,,-0.0018468201023286307,0.015647356615091253
59,24,-0.0018468201023286307,0.019602851677454458,-0.0018468201023286307,0.016719078586062835,True,-0.0018468201023286307,0.016719078586062835,,,-0.0018468201023286307,0.016719078586062835,-0.0018468201023286307,0.019602851677454458,,,-0.0018468201023286307,0.019602851677454458
59,25,-0.0018468201023286307,0.015647356615091253,-0.0018468201023286307,0.019602851677454458,True,-0.0018468201023286307,0.019602851677454458,,,-0.0018468201023286307,0.019602851677454458,-0.0018468201023286307,0.015647356615091253,,,-0.0018468201023286307,0.015647356615091253
60,1,-0.0018468201023286307,0.015647356615091253,-0.0018468201023286307,0.015647356615091253,True,-0.0018468201023286307,0.015647356615091253,,,-0.0018468201023286307,0.015647356615091253,-0.0018468201023286307,0.015647356615091253,,,-0.0018468201023286307,0.015647356615091253
60,2,-0.0018468201023286307,0.019602851677454458,-0.0018468201023286307,0.019602851677454458,True,-0.0018468201023286307,0.019602851677454458,,,-0.0018468201023286307,0.019602851677454458,-0.0018468201023286307,0.019602851677454458,,,-0.0018468201023286307,0.019602851677454458
60,3,-0.0018468201023286307,0.015647356615091253,-0.0018468201023286307,0.019602851677454458,True,-0.0018468201023286307,0.019602851677454458,,,-0.0018468201023286307,0.019602851677454458,-0.0018468201023286307,0.015647356615091253,,,-0.0018468201023286307,0.015647356615091253
60,4,-0.0018468201023286307,0.019602851677454458,-0.0018468201023286307,0.015647356615091253,True,-0.0018468201023286307,0.015647356615091253,,,-0.0018468201023286307,0.015647356615091253,-0.0018468201023286307,0.019602851677454458,,,-0.0018468201023286307,0.019602851677454458
60,5,-0.0018468201023286307,0.015647356615091253,-0.0018468201023286307,0.019602851677454458,True,-0.0018468201023286307,0.019602851677454458,,,-0.0018468201023286307,0.019602851677454458,-0.0018468201023286307,0.015647356615091253,,,-0.0018468201023286307,0.015647356615091253
60,6,-0.0018468201023286307,0.015647356615091253,-0.0018468201023286307,0.019602851677454458,True,-0.0018468201023286307,0.019602851677454458,,,-0.0018468201023286307,0.019602851677454458,-0.0018468201023286307,0.015647356615091253,,,-0.0018468201023286307,0.015647356615091253
60,7,-0.05658727490586232,0.015647356615091253,-0.0018468201023286307,0.019602851677454458,True,-0.05658727490586232,0.019602851677454458,,,-0.05658727490586232,0.019602851677454458,-0.0018468201023286307,0.015647356615091253,,,-0.0018468201023286307,0.015647356615091253
60,8,-0.0018468201023286307,0.015647356615091253,-0.0018468201023286307,0.019602851677454458,False,-0.0018468201023286307,0.015647356615091253,,,-0.0018468201023286307,0.015647356615091253,-0.0018468201023286307,0.019602851677454458,,,-0.0018468201023286307,0.019602851677454458
60,9,-0.0018468201023286307,0.019602851677454458,-0.0018468201023286307,0.016719078586062835,False,-0.0018468201023286307,0.019602851677454458,,,-0.0018468201023286307,0.019602851677454458,-0.0018468201023286307,0.016719078586062835,0.0,0.3206518573786638,0.3188050372763352,0.016719078586062835
60,10,-0.0018468201023286307,0.015647356615091253,-0.154851881650733,0.019602851677454458,True,-0.0018468201023286307,0.019602851677454458,,,-0.0018468201023286307,0.019602851677454458,-0.154851881650733,0.015647356615091253,,,-0.154851881650733,0.015647356615091253
60,11,-0.0018468201023286307,0.015647356615091253,-0.0018468201023286307,0.019602851677454458,True,-0.0018468201023286307,0.019602851677454458,,,-0.0018468201023286307,0.019602851677454458,-0.0018468201023286307,0.015647356615091253,,,-0.0018468201023286307,0.015647356615091253
60,12,-0.0018468201023286307,0.015647356615091253,-0.0018468201023286307,0.015647356615091253,True,-0.0018468201023286307,0.015647356615091253,,,-0.0018468201023286307,0.015647356615091253,-0.0018468201023286307,0.015647356615091253,,,-0.0018468201023286307,0.015647356615091253
60,13,-0.0018468201023286307,0.019602851677454458,-0.0018468201023286307,0.015647356615091253,False,-0.0018468201023286307,0.019602851677454458,,,-0.0018468201023286307,0.019602851677454458,-0.0018468201023286307,0.015647356615091253,,,-0.0018468201023286307,0.015647356615091253
60,14,-0.0018468201023286307,0.019602851677454458,-0.0018468201023286307,0.015647356615091253,True,-0.0018468201023286307,0.015647356615091253,,,-0.0018468201023286307,0.015647356615091253,-0.0018468201023286307,0.019602851677454458,,,-0.0018468201023286307,0.019602851677454458
60,15,-0.0018468201023286307,-0.20126946383909688,-0.0018468201023286307,0.019602851677454458,False,-0.0018468201023286307,-0.20126946383909688,,,-0.0018468201023286307,-0.20126946383909688,-0.0018468201023286307,0.019602851677454458,,,-0.0018468201023286307,0.019602851677454458
60,16,-0.0018468201023286307,0.019602851677454458,-0.0018468201023286307,0.019602851677454458,True,-0.0018468201023286307,0.019602851677454458,,,-0.0018468201023286307,0.019602851677454458,-0.0018468201023286307,0.019602851677454458,,,-0.0018468201023286307,0.019602851677454458
60,17,-0.0018468201023286307,0.019602851677454458,-0.0018468201023286307,0.015647356615091253,False,-0.0018468201023286307,0.019602851677454458,,,-0.0018468201023286307,0.019602851677454458,-0.0018468201023286307,0.015647356615091253,,,-0.0018468201023286307,0.015647356615091253
60,18,-0.0018468201023286307,0.015647356615091253,-0.0018468201023286307,0.019602851677454458,True,-0.0018468201023286307,0.019602851677454458,,,-0.0018468201023286307,0.019602851677454458,-0.0018468201023286307,0.015647356615091253,,,-0.0018468201023286307,0.015647356615091253
60,19,-0.0018468201023286307,0.019602851677454458,-0.0018468201023286307,0.019602851677454458,True,-0.0018468201023286307,0.019602851677454458,,,-0.0018468201023286307,0.019602851677454458,-0.0018468201023286307,0.019602851677454458,0.0,-0.08295492755053986,-0.08480174765286849,0.019602851677454458
60,20,-0.0018468201023286307,0.019602851677454458,-0.0018468201023286307,0.019602851677454458,True,-0.0018468201023286307,0.019602851677454458,,,-0.0018468201023286307,0.019602851677454458,-0.0018468201023286307,0.019602851677454458,,,-0.0018468201023286307,0.019602851677454458
60,21,-0.0018468201023286307,0.019602851677454458,-0.0018468201023286307,0.019602851677454458,False,-0.0018468201023286307,0.019602851677454458,,,-0.0018468201023286307,0.019602851677454458,-0.0018468201023286307,0.019602851677454458,,,-0.0018468201023286307,0.019602851677454458
60,22,-0.0018468201023286307,0.019602851677454458,-0.0018468201023286307,0.015647356615091253,True,-0.0018468201023286307,0.015647356615091253,,,-0.0018468201023286307,0.015647356615091253,-0.0018468201023286307,0.019602851677454458,,,-0.0018468201023286307,0.019602851677454458
60,23,-0.0018468201023286307,0.019602851677454458,-0.0018468201023286307,0.015647356615091253,False,-0.0018468201023286307,0.019602851677454458,,,-0.0018468201023286307,0.019602851677454458,-0.0018468201023286307,0.015647356615091253,,,-0.0018468201023286307,0.015647356615091253
60,24,-0.0018468201023286307,0.019602851677454458,-0.0018468201023286307,0.015647356615091253,True,-0.0018468201023286307,0.015647356615091253,,,-0.0018468201023286307,0.015647356615091253,-0.0018468201023286307,0.019602851677454458,,,-0.0018468201023286307,0.019602851677454458
60,25,-0.0018468201023286307,0.015647356615091253,-0.0018468201023286307,0.019602851677454458,True,-0.0018468201023286307,0.019602851677454458,,,-0.0018468201023286307,0.019602851677454458,-0.0018468201023286307,0.015647356615091253,,,-0.0018468201023286307,0.015647356615091253
61,1,-0.0018468201023286307,0.015647356615091253,-0.0018468201023286307,0.015647356615091253,True,-0.0018468201023286307,0.015647356615091253,,,-0.0018468201023286307,0.015647356615091253,-0.0018468201023286307,0.015647356615091253,,,-0.0018468201023286307,0.015647356615091253
61,2,-0.0018468201023286307,0.019602851677454458,-0.0018468201023286307,0.015647356615091253,True,-0.0018468201023286307,0.015647356615091253,,,-0.0018468201023286307,0.015647356615091253,-0.0018468201023286307,0.019602851677454458,,,-0.0018468201023286307,0.019602851677454458
61,3,-0.0018468201023286307,0.019602851677454458,-0.0018468201023286307,0.019602851677454458,True,-0.0018468201023286307,0.019602851677454458,,,-0.0018468201023286307,0.019602851677454458,-0.0018468201023286307,0.019602851677454458,,,-0.0018468201023286307,0.019602851677454458
61,4,-0.0018468201023286307,0.015647356615091253,-0.0018468201023286307,0.015647356615091253,False,-0.0018468201023286307,0.015647356615091253,,,-0.0018468201023286307,0.015647356615091253,-0.0018468201023286307,0.015647356615091253,,,-0.0018468201023286307,0.015647356615091253
61,5,-0.0018468201023286307,0.015647356615091253,-0.0018468201023286307,0.015647356615091253,True,-0.0018468201023286307,0.015647356615091253,,,-0.0018468201023286307,0.015647356615091253,-0.0018468201023286307,0.015647356615091253,,,-0.0018468201023286307,0.015647356615091253
61,6,-0.0018468201023286307,0.015647356615091253,-0.0018468201023286307,0.015647356615091253,True,-0.0018468201023286307,0.015647356615091253,,,-0.0018468201023286307,0.015647356615091253,-0.0018468201023286307,0.015647356615091253,1.0,-0.05974595521999784,-0.0018468201023286307,-0.044098598604906586
61,7,-0.0018468201023286307,0.015647356615091253,-0.0018468201023286307,0.019602851677454458,True,-0.0018468201023286307,0.019602851677454458,,,-0.0018468201023286307,0.019602851677454458,-0.0018468201023286307,0.015647356615091253,,,-0.0018468201023286307,0.015647356615091253
61,8,-0.08480174765286849,0.019602851677454458,-0.05658727490586232,0.019602851677454458,True,-0.08480174765286849,0.019602851677454458,0.0,-0.5691127248751262,-0.6539144725279947,0.019602851677454458,-0.05658727490586232,0.019602851677454458,,,-0.05658727490586232,0.019602851677454458
61,9,-0.0018468201023286307,0.015647356615091253,-0.0018468201023286307,0.015647356615091253,True,-0.0018468201023286307,0.015647356615091253,,,-0.0018468201023286307,0.015647356615091253,-0.0018468201023286307,0.015647356615091253,,,-0.0018468201023286307,0.015647356615091253
61,10,-0.0018468201023286307,0.019602851677454458,-0.0018468201023286307,0.019602851677454458,False,-0.0018468201023286307,0.019602851677454458,,,-0.0018468201023286307,0.019602851677454458,-0.0018468201023286307,0.019602851677454458,,,-0.0018468201023286307,0.019602851677454458
61,11,-0.0018468201023286307,0.015647356615091253,-0.0018468201023286307,0.019602851677454458,True,-0.0018468201023286307,0.019602851677454458,,,-0.0018468201023286307,0.019602851677454458,-0.0018468201023286307,0.015647356615091253,,,-0.0018468201023286307,0.015647356615091253
61,12,-0.0018468201023286307,0.015647356615091253,-0.0018468201023286307,0.015647356615091253,True,-0.0018468201023286307,0.015647356615091253,,,-0.0018468201023286307,0.015647356615091253,-0.0018468201023286307,0.015647356615091253,,,-0.0018468201023286307,0.015647356615091253
61,13,-0.05658727490586232,0.019602851677454458,-0.0018468201023286307,0.015647356615091253,True,-0.05658727490586232,0.015647356615091253,,,-0.05658727490586232,0.015647356615091253,-0.0018468201023286307,0.019602851677454458,,,-0.0018468201023286307,0.019602851677454458
61,14,-0.0018468201023286307,0.015647356615091253,-0.154851881650733,0.015647356615091253,True,-0.0018468201023286307,0.015647356615091253,,,-0.0018468201023286307,0.015647356615091253,-0.154851881650733,0.015647356615091253,,,-0.154851881650733,0.015647356615091253
61,15,-0.0018468201023286307,0.019602851677454458,-0.154851881650733,0.015647356615091253,False,-0.0018468201023286307,0.019602851677454458,,,-0.0018468201023286307,0.019602851677454458,-0.154851881650733,0.015647356615091253,,,-0.154851881650733,0.015647356615091253
61,16,-0.0018468201023286307,0.019602851677454458,-0.0018468201023286307,0.019602851677454458,True,-0.0018468201023286307,0.019602851677454458,,,-0.0018468201023286307,0.019602851677454458,-0.0018468201023286307,0.019602851677454458,,,-0.0018468201023286307,0.019602851677454458
61,17,-0.0018468201023286307,0.019602851677454458,-0.0018468201023286307,0.015647356615091253,True,-0.0018468201023286307,0.015647356615091253,,,-0.0018468201023286307,0.015647356615091253,-0.0018468201023286307,0.019602851677454458,0.0,-0.29927933645233934,-0.30112615655466796,0.019602851677454458
61,18,-0.0018468201023286307,0.019602851677454458,-0.0018468201023286307,0.015647356615091253,True,-0.0018468201023286307,0.015647356615091253,,,-0.0018468201023286307,0.015647356615091253,-0.0018468201023286307,0.019602851677454458,,,-0.0018468201023286307,0.019602851677454458
61,19,-0.0018468201023286307,0.015647356615091253,-0.0018468201023286307,0.015647356615091253,True,-0.0018468201023286307,0.015647356615091253,,,-0.0018468201023286307,0.015647356615091253,-0.0018468201023286307,0.015647356615091253,,,-0.0018468201023286307,0.015647356615091253
61,20,-0.0018468201023286307,0.015647356615091253,-0.0018468201023286307,0.019602851677454458,True,-0.0018468201023286307,0.019602851677454458,,,-0.0018468201023286307,0.019602851677454458,-0.0018468201023286307,0.015647356615091253,,,-0.0018468201023286307,0.015647356615091253
61,21,-0.0018468201023286307,0.019602851677454458,-0.0018468201023286307,0.019602851677454458,True,-0.0018468201023286307,0.019602851677454458,,,-0.0018468201023286307,0.019602851677454458,-0.0018468201023286307,0.019602851677454458,,,-0.0018468201023286307,0.019602851677454458
61,22,-0.0018468201023286307,0.019602851677454458,-0.0018468201023286307,0.019602851677454458,True,-0.0018468201023286307,0.019602851677454458,,,-0.0018468201023286307,0.019602851677454458,-0.0018468201023286307,0.019602851677454458,,,-0.0018468201023286307,0.019602851677454458
61,23,-0.0018468201023286307,0.015647356615091253,-0.0018468201023286307,0.015647356615091253,True,-0.0018468201023286307,0.015647356615091253,,,-0.0018468201023286307,0.015647356615091253,-0.0018468201023286307,0.015647356615091253,,,-0.0018468201023286307,0.015647356615091253
61,24,-0.0018468201023286307,0.015647356615091253,-0.0018468201023286307,0.019602851677454458,True,-0.0018468201023286307,0.019602851677454458,,,-0.0018468201023286307,0.019602851677454458,-0.0018468201023286307,0.015647356615091253,,,-0.0018468201023286307,0.015647356615091253
61,25,-0.0018468201023286307,0.019602851677454458,-0.0018468201023286307,0.019602851677454458,True,-0.0018468201023286307,0.019602851677454458,1.0,-0.032350040774761855,-0.0018468201023286307,-0.012747189097307397,-0.0018468201023286307,0.019602851677454458,,,-0.0018468201023286307,0.019602851677454458
62,1,-0.0018468201023286307,0.015647356615091253,-0.0018468201023286307,-0.012747189097307397,True,-0.0018468201023286307,-0.012747189097307397,,,-0.0018468201023286307,-0.012747189097307397,-0.0018468201023286307,0.015647356615091253,,,-0.0018468201023286307,0.015647356615091253
62,2,-0.05658727490586232,0.019602851677454458,-0.0018468201023286307,0.019602851677454458,True,-0.05658727490586232,0.019602851677454458,,,-0.05658727490586232,0.019602851677454458,-0.0018468201023286307,0.019602851677454458,,,-0.0018468201023286307,0.019602851677454458
62,3,-0.05658727490586232,0.015647356615091253,-0.154851881650733,0.015647356615091253,True,-0.05658727490586232,0.015647356615091253,,,-0.05658727490586232,0.015647356615091253,-0.154851881650733,0.015647356615091253,,,-0.154851881650733,0.015647356615091253
62,4,-0.05658727490586232,0.019602851677454458,-0.0018468201023286307,0.019602851677454458,False,-0.05658727490586232,0.019602851677454458,,,-0.05658727490586232,0.019602851677454458,-0.0018468201023286307,0.019602851677454458,,,-0.0018468201023286307,0.019602851677454458
62,5,-0.0018468201023286307,0.015647356615091253,-0.0018468201023286307,0.019602851677454458,True,-0.0018468201023286307,0.019602851677454458,,,-0.0018468201023286307,0.019602851677454458,-0.0018468201023286307,0.015647356615091253,,,-0.0018468201023286307,0.015647356615091253
62,6,-0.0018468201023286307,0.015647356615091253,-0.0018468201023286307,0.015647356615091253,False,-0.0018468201023286307,0.015647356615091253,,,-0.0018468201023286307,0.015647356615091253,-0.0018468201023286307,0.015647356615091253,,,-0.0018468201023286307,0.015647356615091253
62,7,-0.0018468201023286307,0.015647356615091253,-0.0018468201023286307,0.015647356615091253,True,-0.0018468201023286307,0.015647356615091253,,,-0.0018468201023286307,0.015647356615091253,-0.0018468201023286307,0.015647356615091253,,,-0.0018468201023286307,0.015647356615091253
62,8,-0.0018468201023286307,0.019602851677454458,-0.0018468201023286307,0.019602851677454458,True,-0.0018468201023286307,0.019602851677454458,,,-0.0018468201023286307,0.019602851677454458,-0.0018468201023286307,0.019602851677454458,,,-0.0018468201023286307,0.019602851677454458
62,9,-0.0018468201023286307,0.019602851677454458,-0.0018468201023286307,0.015647356615091253,True,-0.0018468201023286307,0.015647356615091253,,,-0.0018468201023286307,0.015647356615091253,-0.0018468201023286307,0.019602851677454458,,,-0.0018468201023286307,0.019602851677454458
62,10,-0.0018468201023286307,0.019602851677454458,-0.0018468201023286307,0.015647356615091253,True,-0.0018468201023286307,0.015647356615091253,,,-0.0018468201023286307,0.015647356615091253,-0.0018468201023286307,0.019602851677454458,,,-0.0018468201023286307,0.019602851677454458
62,11,-0.05658727490586232,0.019602851677454458,-0.0018468201023286307,0.015647356615091253,True,-0.05658727490586232,0.015647356615091253,,,-0.05658727490586232,0.015647356615091253,-0.0018468201023286307,0.019602851677454458,,,-0.0018468201023286307,0.019602851677454458
62,12,-0.0018468201023286307,0.019602851677454458,-0.05658727490586232,0.019602851677454458,True,-0.0018468201023286307,0.019602851677454458,,,-0.0018468201023286307,0.019602851677454458,-0.05658727490586232,0.019602851677454458,,,-0.05658727490586232,0.019602851677454458
62,13,-0.0018468201023286307,0.019602851677454458,-0.0018468201023286307,0.015647356615091253,True,-0.0018468201023286307,0.015647356615091253,,,-0.0018468201023286307,0.015647356615091253,-0.0018468201023286307,0.019602851677454458,,,-0.0018468201023286307,0.019602851677454458
62,14,-0.0018468201023286307,0.015647356615091253,-0.0018468201023286307,0.015647356615091253,False,-0.0018468201023286307,0.015647356615091253,,,-0.0018468201023286307,0.015647356615091253,-0.0018468201023286307,0.015647356615091253,,,-0.0018468201023286307,0.015647356615091253
62,15,-0.0018468201023286307,0.019602851677454458,-0.0018468201023286307,0.015647356615091253,False,-0.0018468201023286307,0.019602851677454458,,,-0.0018468201023286307,0.019602851677454458,-0.0018468201023286307,0.015647356615091253,,,-0.0018468201023286307,0.015647356615091253
62,16,-0.154851881650733,0.015647356615091253,-0.0018468201023286307,0.019602851677454458,True,-0.154851881650733,0.019602851677454458,,,-0.154851881650733,0.019602851677454458,-0.0018468201023286307,0.015647356615091253,,,-0.0018468201023286307,0.015647356615091253
62,17,-0.0018468201023286307,-0.044098598604906586,-0.0018468201023286307,0.019602851677454458,False,-0.0018468201023286307,-0.044098598604906586,,,-0.0018468201023286307,-0.044098598604906586,-0.0018468201023286307,0.019602851677454458,,,-0.0018468201023286307,0.019602851677454458
62,18,-0.0018468201023286307,0.015647356615091253,-0.0018468201023286307,0.019602851677454458,False,-0.0018468201023286307,0.015647356615091253,,,-0.0018468201023286307,0.015647356615091253,-0.0018468201023286307,0.019602851677454458,,,-0.0018468201023286307,0.019602851677454458
62,19,-0.0018468201023286307,0.019602851677454458,-0.0018468201023286307,0.019602851677454458,False,-0.0018468201023286307,0.019602851677454458,,,-0.0018468201023286307,0.019602851677454458,-0.0018468201023286307,0.019602851677454458,,,-0.0018468201023286307,0.019602851677454458
62,20,-0.0018468201023286307,0.015647356615091253,-0.0018468201023286307,0.015647356615091253,False,-0.0018468201023286307,0.015647356615091253,,,-0.0018468201023286307,0.015647356615091253,-0.0018468201023286307,0.015647356615091253,,,-0.0018468201023286307,0.015647356615091253
62,21,-0.0018468201023286307,0.015647356615091253,-0.0018468201023286307,0.015647356615091253,False,-0.0018468201023286307,0.015647356615091253,,,-0.0018468201023286307,0.015647356615091253,-0.0018468201023286307,0.015647356615091253,1.0,-0.5770338631271045,-0.0018468201023286307,-0.5613865065120133
62,22,-0.154851881650733,0.015647356615091253,-0.0018468201023286307,0.015647356615091253,True,-0.154851881650733,0.015647356615091253,,,-0.154851881650733,0.015647356615091253,-0.0018468201023286307,0.015647356615091253,,,-0.0018468201023286307,0.015647356615091253
62,23,-0.0018468201023286307,0.015647356615091253,-0.0018468201023286307,0.019602851677454458,False,-0.0018468201023286307,0.015647356615091253,,,-0.0018468201023286307,0.015647356615091253,-0.0018468201023286307,0.019602851677454458,,,-0.0018468201023286307,0.019602851677454458
62,24,-0.0018468201023286307,0.015647356615091253,-0.0018468201023286307,0.015647356615091253,True,-0.0018468201023286307,0.015647356615091253,,,-0.0018468201023286307,0.015647356615091253,-0.0018468201023286307,0.015647356615091253,,,-0.0018468201023286307,0.015647356615091253
62,25,-0.0018468201023286307,0.015647356615091253,-0.0018468201023286307,0.019602851677454458,True,-0.0018468201023286307,0.019602851677454458,,,-0.0018468201023286307,0.019602851677454458,-0.0018468201023286307,0.015647356615091253,,,-0.0018468201023286307,0.015647356615091253
63,1,-0.05658727490586232,0.019602851677454458,-0.0018468201023286307,0.015647356615091253,True,-0.05658727490586232,0.015647356615091253,,,-0.05658727490586232,0.015647356615091253,-0.0018468201023286307,0.019602851677454458,,,-0.0018468201023286307,0.019602851677454458
63,2,-0.0018468201023286307,0.019602851677454458,-0.0018468201023286307,-0.012747189097307397,True,-0.0018468201023286307,-0.012747189097307397,,,-0.0018468201023286307,-0.012747189097307397,-0.0018468201023286307,0.019602851677454458,,,-0.0018468201023286307,0.019602851677454458
63,3,-0.0018468201023286307,0.019602851677454458,-0.0018468201023286307,0.015647356615091253,True,-0.0018468201023286307,0.015647356615091253,,,-0.0018468201023286307,0.015647356615091253,-0.0018468201023286307,0.019602851677454458,,,-0.0018468201023286307,0.019602851677454458
63,4,-0.0018468201023286307,0.015647356615091253,-0.05658727490586232,0.019602851677454458,True,-0.0018468201023286307,0.019602851677454458,,,-0.0018468201023286307,0.019602851677454458,-0.05658727490586232,0.015647356615091253,,,-0.05658727490586232,0.015647356615091253
63,5,-0.0018468201023286307,0.019602851677454458,-0.0018468201023286307,0.015647356615091253,True,-0.0018468201023286307,0.015647356615091253,,,-0.0018468201023286307,0.015647356615091253,-0.0018468201023286307,0.019602851677454458,,,-0.0018468201023286307,0.019602851677454458
63,6,-0.05658727490586232,0.019602851677454458,-0.0018468201023286307,0.015647356615091253,True,-0.05658727490586232,0.015647356615091253,,,-0.05658727490586232,0.015647356615091253,-0.0018468201023286307,0.019602851677454458,,,-0.0018468201023286307,0.019602851677454458
63,7,-0.0018468201023286307,0.015647356615091253,-0.0018468201023286307,0.019602851677454458,False,-0.0018468201023286307,0.015647356615091253,,,-0.0018468201023286307,0.015647356615091253,-0.0018468201023286307,0.019602851677454458,,,-0.0018468201023286307,0.019602851677454458
63,8,-0.0018468201023286307,0.015647356615091253,-0.0018468201023286307,0.015647356615091253,True,-0.0018468201023286307,0.015647356615091253,0.0,-0.07132905663214809,-0.07317587673447672,0.015647356615091253,-0.0018468201023286307,0.015647356615091253,,,-0.0018468201023286307,0.015647356615091253
63,9,-0.0018468201023286307,0.015647356615091253,-0.0018468201023286307,0.015647356615091253,True,-0.0018468201023286307,0.015647356615091253,,,-0.0018468201023286307,0.015647356615091253,-0.0018468201023286307,0.015647356615091253,,,-0.0018468201023286307,0.015647356615091253
63,10,-0.0018468201023286307,0.019602851677454458,-0.0018468201023286307,0.015647356615091253,True,-0.0018468201023286307,0.015647356615091253,,,-0.0018468201023286307,0.015647356615091253,-0.0018468201023286307,0.019602851677454458,,,-0.0018468201023286307,0.019602851677454458
63,11,-0.0018468201023286307,0.019602851677454458,-0.0018468201023286307,0.019602851677454458,True,-0.0018468201023286307,0.019602851677454458,,,-0.0018468201023286307,0.019602851677454458,-0.0018468201023286307,0.019602851677454458,,,-0.0018468201023286307,0.019602851677454458
63,12,-0.154851881650733,0.015647356615091253,-0.05658727490586232,0.015647356615091253,True,-0.154851881650733,0.015647356615091253,,,-0.154851881650733,0.015647356615091253,-0.05658727490586232,0.015647356615091253,,,-0.05658727490586232,0.015647356615091253
63,13,-0.0018468201023286307,0.015647356615091253,-0.0018468201023286307,0.019602851677454458,True,-0.0018468201023286307,0.019602851677454458,,,-0.0018468201023286307,0.019602851677454458,-0.0018468201023286307,0.015647356615091253,,,-0.0018468201023286307,0.015647356615091253
63,14,-0.0018468201023286307,0.019602851677454458,-0.0018468201023286307,0.019602851677454458,False,-0.0018468201023286307,0.019602851677454458,,,-0.0018468201023286307,0.019602851677454458,-0.0018468201023286307,0.019602851677454458,,,-0.0018468201023286307,0.019602851677454458
63,15,-0.154851881650733,0.015647356615091253,-0.0018468201023286307,0.019602851677454458,True,-0.154851881650733,0.019602851677454458,,,-0.154851881650733,0.019602851677454458,-0.0018468201023286307,0.015647356615091253,,,-0.0018468201023286307,0.015647356615091253
63,16,-0.05658727490586232,0.015647356615091253,-0.0018468201023286307,0.019602851677454458,True,-0.05658727490586232,0.019602851677454458,,,-0.05658727490586232,0.019602851677454458,-0.0018468201023286307,0.015647356615091253,,,-0.0018468201023286307,0.015647356615091253
63,17,-0.0018468201023286307,0.015647356615091253,-0.0018468201023286307,0.019602851677454458,True,-0.0018468201023286307,0.019602851677454458,1.0,-0.3219571061818902,-0.0018468201023286307,-0.30235425450443576,-0.0018468201023286307,0.015647356615091253,,,-0.0018468201023286307,0.015647356615091253
63,18,-0.0018468201023286307,0.015647356615091253,-0.0018468201023286307,0.019602851677454458,False,-0.0018468201023286307,0.015647356615091253,,,-0.0018468201023286307,0.015647356615091253,-0.0018468201023286307,0.019602851677454458,,,-0.0018468201023286307,0.019602851677454458
63,19,-0.0018468201023286307,0.015647356615091253,-0.05658727490586232,0.019602851677454458,False,-0.0018468201023286307,0.015647356615091253,,,-0.0018468201023286307,0.015647356615091253,-0.05658727490586232,0.019602851677454458,,,-0.05658727490586232,0.019602851677454458
63,20,-0.0018468201023286307,0.015647356615091253,-0.0018468201023286307,0.015647356615091253,True,-0.0018468201023286307,0.015647356615091253,0.0,-0.932051016076072,-0.9338978361784006,0.015647356615091253,-0.0018468201023286307,0.015647356615091253,,,-0.0018468201023286307,0.015647356615091253
63,21,-0.0018468201023286307,0.019602851677454458,-0.0018468201023286307,0.015647356615091253,True,-0.0018468201023286307,0.015647356615091253,,,-0.0018468201023286307,0.015647356615091253,-0.0018468201023286307,0.019602851677454458,,,-0.0018468201023286307,0.019602851677454458
63,22,-0.0018468201023286307,0.019602851677454458,-0.154851881650733,0.015647356615091253,True,-0.0018468201023286307,0.015647356615091253,,,-0.0018468201023286307,0.015647356615091253,-0.154851881650733,0.019602851677454458,,,-0.154851881650733,0.019602851677454458
63,23,-0.0018468201023286307,0.019602851677454458,-0.0018468201023286307,0.015647356615091253,True,-0.0018468201023286307,0.015647356615091253,,,-0.0018468201023286307,0.015647356615091253,-0.0018468201023286307,0.019602851677454458,,,-0.0018468201023286307,0.019602851677454458
63,24,-0.0018468201023286307,0.015647356615091253,-0.0018468201023286307,0.019602851677454458,True,-0.0018468201023286307,0.019602851677454458,,,-0.0018468201023286307,0.019602851677454458,-0.0018468201023286307,0.015647356615091253,,,-0.0018468201023286307,0.015647356615091253
63,25,-0.05658727490586232,0.019602851677454458,-0.0018468201023286307,0.015647356615091253,True,-0.05658727490586232,0.015647356615091253,,,-0.05658727490586232,0.015647356615091253,-0.0018468201023286307,0.019602851677454458,,,-0.0018468201023286307,0.019602851677454458
64,1,-0.07317587673447672,0.015647356615091253,-0.0018468201023286307,0.019602851677454458,True,-0.07317587673447672,0.019602851677454458,,,-0.07317587673447672,0.019602851677454458,-0.0018468201023286307,0.015647356615091253,,,-0.0018468201023286307,0.015647356615091253
64,2,-0.0018468201023286307,0.019602851677454458,-0.05658727490586232,0.015647356615091253,True,-0.0018468201023286307,0.015647356615091253,,,-0.0018468201023286307,0.015647356615091253,-0.05658727490586232,0.019602851677454458,,,-0.05658727490586232,0.019602851677454458
64,3,-0.0018468201023286307,0.019602851677454458,-0.0018468201023286307,0.015647356615091253,True,-0.0018468201023286307,0.015647356615091253,,,-0.0018468201023286307,0.015647356615091253,-0.0018468201023286307,0.019602851677454458,,,-0.0018468201023286307,0.019602851677454458
64,4,-0.0018468201023286307,0.015647356615091253,-0.07317587673447672,0.015647356615091253,True,-0.0018468201023286307,0.015647356615091253,,,-0.0018468201023286307,0.015647356615091253,-0.07317587673447672,0.015647356615091253,,,-0.07317587673447672,0.015647356615091253
64,5,-0.0018468201023286307,0.015647356615091253,-0.0018468201023286307,0.015647356615091253,True,-0.0018468201023286307,0.015647356615091253,,,-0.0018468201023286307,0.015647356615091253,-0.0018468201023286307,0.015647356615091253,,,-0.0018468201023286307,0.015647356615091253
64,6,-0.05658727490586232,0.015647356615091253,-0.0018468201023286307,0.019602851677454458,True,-0.05658727490586232,0.019602851677454458,,,-0.05658727490586232,0.019602851677454458,-0.0018468201023286307,0.015647356615091253,,,-0.0018468201023286307,0.015647356615091253
64,7,-0.0018468201023286307,0.019602851677454458,-0.0018468201023286307,0.019602851677454458,True,-0.0018468201023286307,0.019602851677454458,,,-0.0018468201023286307,0.019602851677454458,-0.0018468201023286307,0.019602851677454458,,,-0.0018468201023286307,0.019602851677454458
64,8,-0.07317587673447672,0.015647356615091253,-0.0018468201023286307,0.019602851677454458,False,-0.07317587673447672,0.015647356615091253,,,-0.07317587673447672,0.015647356615091253,-0.0018468201023286307,0.019602851677454458,,,-0.0018468201023286307,0.019602851677454458
64,9,-0.0018468201023286307,0.019602851677454458,-0.0018468201023286307,0.015647356615091253,True,-0.0018468201023286307,0.015647356615091253,,,-0.0018468201023286307,0.015647356615091253,-0.0018468201023286307,0.019602851677454458,,,-0.0018468201023286307,0.019602851677454458
64,10,-0.0018468201023286307,0.019602851677454458,-0.0018468201023286307,0.015647356615091253,True,-0.0018468201023286307,0.015647356615091253,,,-0.0018468201023286307,0.015647356615091253,-0.0018468201023286307,0.019602851677454458,,,-0.0018468201023286307,0.019602851677454458
64,11,-0.05658727490586232,0.019602851677454458,-0.0018468201023286307,0.015647356615091253,True,-0.05658727490586232,0.015647356615091253,,,-0.05658727490586232,0.015647356615091253,-0.0018468201023286307,0.019602851677454458,,,-0.0018468201023286307,0.019602851677454458
64,12,-0.0018468201023286307,0.019602851677454458,-0.0018468201023286307,0.015647356615091253,True,-0.0018468201023286307,0.015647356615091253,,,-0.0018468201023286307,0.015647356615091253,-0.0018468201023286307,0.019602851677454458,,,-0.0018468201023286307,0.019602851677454458
64,13,-0.0018468201023286307,0.015647356615091253,-0.0018468201023286307,0.015647356615091253,True,-0.0018468201023286307,0.015647356615091253,,,-0.0018468201023286307,0.015647356615091253,-0.0018468201023286307,0.015647356615091253,,,-0.0018468201023286307,0.015647356615091253
64,14,-0.0018468201023286307,-0.012747189097307397,-0.0018468201023286307,0.019602851677454458,True,-0.0018468201023286307,0.019602851677454458,,,-0.0018468201023286307,0.019602851677454458,-0.0018468201023286307,-0.012747189097307397,,,-0.0018468201023286307,-0.012747189097307397
64,15,-0.0018468201023286307,-0.012747189097307397,-0.0018468201023286307,0.015647356615091253,True,-0.0018468201023286307,0.015647356615091253,,,-0.0018468201023286307,0.015647356615091253,-0.0018468201023286307,-0.012747189097307397,,,-0.0018468201023286307,-0.012747189097307397
64,16,-0.0018468201023286307,0.019602851677454458,-0.0018468201023286307,0.019602851677454458,True,-0.0018468201023286307,0.019602851677454458,,,-0.0018468201023286307,0.019602851677454458,-0.0018468201023286307,0.019602851677454458,,,-0.0018468201023286307,0.019602851677454458
64,17,-0.0018468201023286307,0.015647356615091253,-0.154851881650733,0.019602851677454458,False,-0.0018468201023286307,0.015647356615091253,,,-0.0018468201023286307,0.015647356615091253,-0.154851881650733,0.019602851677454458,0.0,0.3635846248401412,0.2087327431894082,0.019602851677454458
64,18,-0.0018468201023286307,0.019602851677454458,-0.05658727490586232,0.019602851677454458,False,-0.0018468201023286307,0.019602851677454458,,,-0.0018468201023286307,0.019602851677454458,-0.05658727490586232,0.019602851677454458,,,-0.05658727490586232,0.019602851677454458
64,19,-0.0018468201023286307,-0.012747189097307397,-0.0018468201023286307,0.019602851677454458,True,-0.0018468201023286307,0.019602851677454458,,,-0.0018468201023286307,0.019602851677454458,-0.0018468201023286307,-0.012747189097307397,,,-0.0018468201023286307,-0.012747189097307397
64,20,-0.0018468201023286307,0.015647356615091253,-0.0018468201023286307,0.019602851677454458,True,-0.0018468201023286307,0.019602851677454458,,,-0.0018468201023286307,0.019602851677454458,-0.0018468201023286307,0.015647356615091253,,,-0.0018468201023286307,0.015647356615091253
64,21,-0.0018468201023286307,0.015647356615091253,-0.0018468201023286307,0.019602851677454458,True,-0.0018468201023286307,0.019602851677454458,,,-0.0018468201023286307,0.019602851677454458,-0.0018468201023286307,0.015647356615091253,,,-0.0018468201023286307,0.015647356615091253
64,22,-0.0018468201023286307,0.019602851677454458,-0.05658727490586232,0.015647356615091253,True,-0.0018468201023286307,0.015647356615091253,,,-0.0018468201023286307,0.015647356615091253,-0.05658727490586232,0.019602851677454458,,,-0.05658727490586232,0.019602851677454458
64,23,-0.0018468201023286307,0.015647356615091253,-0.0018468201023286307,0.019602851677454458,True,-0.0018468201023286307,0.019602851677454458,,,-0.0018468201023286307,0.019602851677454458,-0.0018468201023286307,0.015647356615091253,,,-0.0018468201023286307,0.015647356615091253
64,24,-0.0018468201023286307,0.019602851677454458,-0.0018468201023286307,0.019602851677454458,True,-0.0018468201023286307,0.019602851677454458,0.0,0.3171898272478755,0.31534300714554686,0.019602851677454458,-0.0018468201023286307,0.019602851677454458,,,-0.0018468201023286307,0.019602851677454458
64,25,-0.05658727490586232,0.015647356615091253,-0.05658727490586232,0.015647356615091253,True,-0.05658727490586232,0.015647356615091253,,,-0.05658727490586232,0.015647356615091253,-0.05658727490586232,0.015647356615091253,,,-0.05658727490586232,0.015647356615091253
65,1,-0.0018468201023286307,0.019602851677454458,-0.0018468201023286307,0.015647356615091253,False,-0.0018468201023286307,0.019602851677454458,,,-0.0018468201023286307,0.019602851677454458,-0.0018468201023286307,0.015647356615091253,,,-0.0018468201023286307,0.015647356615091253
65,2,-0.05658727490586232,0.019602851677454458,-0.0018468201023286307,0.019602851677454458,True,-0.05658727490586232,0.019602851677454458,,,-0.05658727490586232,0.019602851677454458,-0.0018468201023286307,0.019602851677454458,,,-0.0018468201023286307,0.019602851677454458
65,3,-0.0018468201023286307,0.015647356615091253,-0.0018468201023286307,0.019602851677454458,True,-0.0018468201023286307,0.019602851677454458,,,-0.0018468201023286307,0.019602851677454458,-0.0018468201023286307,0.015647356615091253,,,-0.0018468201023286307,0.015647356615091253
65,4,-0.0018468201023286307,0.019602851677454458,-0.0018468201023286307,0.015647356615091253,True,-0.0018468201023286307,0.015647356615091253,,,-0.0018468201023286307,0.015647356615091253,-0.0018468201023286307,0.019602851677454458,,,-0.0018468201023286307,0.019602851677454458
65,5,-0.0018468201023286307,0.019602851677454458,-0.05658727490586232,0.015647356615091253,True,-0.0018468201023286307,0.015647356615091253,,,-0.0018468201023286307,0.015647356615091253,-0.05658727490586232,0.019602851677454458,,,-0.05658727490586232,0.019602851677454458
65,6,-0.0018468201023286307,0.019602851677454458,-0.0018468201023286307,0.015647356615091253,True,-0.0018468201023286307,0.015647356615091253,,,-0.0018468201023286307,0.015647356615091253,-0.0018468201023286307,0.019602851677454458,,,-0.0018468201023286307,0.019602851677454458
65,7,-0.07317587673447672,0.015647356615091253,-0.0018468201023286307,0.019602851677454458,True,-0.07317587673447672,0.019602851677454458,,,-0.07317587673447672,0.019602851677454458,-0.0018468201023286307,0.015647356615091253,,,-0.0018468201023286307,0.015647356615091253
65,8,-0.0018468201023286307,0.015647356615091253,-0.0018468201023286307,0.015647356615091253,True,-0.0018468201023286307,0.015647356615091253,,,-0.0018468201023286307,0.015647356615091253,-0.0018468201023286307,0.015647356615091253,,,-0.0018468201023286307,0.015647356615091253
65,9,-0.0018468201023286307,0.019602851677454458,-0.0018468201023286307,0.019602851677454458,False,-0.0018468201023286307,0.019602851677454458,,,-0.0018468201023286307,0.019602851677454458,-0.0018468201023286307,0.019602851677454458,,,-0.0018468201023286307,0.019602851677454458
65,10,-0.0018468201023286307,0.015647356615091253,-0.0018468201023286307,0.019602851677454458,False,-0.0018468201023286307,0.015647356615091253,,,-0.0018468201023286307,0.015647356615091253,-0.0018468201023286307,0.019602851677454458,,,-0.0018468201023286307,0.019602851677454458
65,11,-0.0018468201023286307,0.015647356615091253,-0.0018468201023286307,0.019602851677454458,False,-0.0018468201023286307,0.015647356615091253,,,-0.0018468201023286307,0.015647356615091253,-0.0018468201023286307,0.019602851677454458,,,-0.0018468201023286307,0.019602851677454458
65,12,-0.0018468201023286307,0.019602851677454458,-0.0018468201023286307,0.019602851677454458,True,-0.0018468201023286307,0.019602851677454458,,,-0.0018468201023286307,0.019602851677454458,-0.0018468201023286307,0.019602851677454458,,,-0.0018468201023286307,0.019602851677454458
65,13,-0.07317587673447672,0.015647356615091253,-0.05658727490586232,0.015647356615091253,True,-0.07317587673447672,0.015647356615091253,,,-0.07317587673447672,0.015647356615091253,-0.05658727490586232,0.015647356615091253,,,-0.05658727490586232,0.015647356615091253
65,14,-0.05658727490586232,0.015647356615091253,-0.0018468201023286307,0.019602851677454458,False,-0.05658727490586232,0.015647356615091253,,,-0.05658727490586232,0.015647356615091253,-0.0018468201023286307,0.019602851677454458,,,-0.0018468201023286307,0.019602851677454458
65,15,-0.0018468201023286307,0.019602851677454458,-0.0018468201023286307,0.015647356615091253,False,-0.0018468201023286307,0.019602851677454458,,,-0.0018468201023286307,0.019602851677454458,-0.0018468201023286307,0.015647356615091253,0.0,-0.048729562756722036,-0.05057638285905067,0.015647356615091253
65,16,-0.0018468201023286307,0.019602851677454458,-0.0018468201023286307,0.019602851677454458,True,-0.0018468201023286307,0.019602851677454458,,,-0.0018468201023286307,0.019602851677454458,-0.0018468201023286307,0.019602851677454458,,,-0.0018468201023286307,0.019602851677454458
65,17,-0.05658727490586232,0.019602851677454458,-0.0018468201023286307,0.015647356615091253,True,-0.05658727490586232,0.015647356615091253,,,-0.05658727490586232,0.015647356615091253,-0.0018468201023286307,0.019602851677454458,,,-0.0018468201023286307,0.019602851677454458
65,18,-0.0018468201023286307,0.015647356615091253,-0.05658727490586232,0.019602851677454458,True,-0.0018468201023286307,0.019602851677454458,,,-0.0018468201023286307,0.019602851677454458,-0.05658727490586232,0.015647356615091253,,,-0.05658727490586232,0.015647356615091253
65,19,-0.0018468201023286307,0.015647356615091253,-0.0018468201023286307,0.019602851677454458,False,-0.0018468201023286307,0.015647356615091253,,,-0.0018468201023286307,0.015647356615091253,-0.0018468201023286307,0.019602851677454458,,,-0.0018468201023286307,0.019602851677454458
65,20,-0.07317587673447672,0.019602851677454458,-0.0018468201023286307,0.015647356615091253,True,-0.07317587673447672,0.015647356615091253,,,-0.07317587673447672,0.015647356615091253,-0.0018468201023286307,0.019602851677454458,,,-0.0018468201023286307,0.019602851677454458
65,21,-0.0018468201023286307,0.019602851677454458,-0.0018468201023286307,0.019602851677454458,False,-0.0018468201023286307,0.019602851677454458,,,-0.0018468201023286307,0.019602851677454458,-0.0018468201023286307,0.019602851677454458,,,-0.0018468201023286307,0.019602851677454458
65,22,-0.05658727490586232,0.015647356615091253,-0.0018468201023286307,0.019602851677454458,True,-0.05658727490586232,0.019602851677454458,,,-0.05658727490586232,0.019602851677454458,-0.0018468201023286307,0.015647356615091253,,,-0.0018468201023286307,0.015647356615091253
65,23,-0.0018468201023286307,0.019602851677454458,-0.0018468201023286307,0.015647356615091253,True,-0.0018468201023286307,0.015647356615091253,,,-0.0018468201023286307,0.015647356615091253,-0.0018468201023286307,0.019602851677454458,,,-0.0018468201023286307,0.019602851677454458
65,24,-0.0018468201023286307,-0.012747189097307397,-0.0018468201023286307,0.015647356615091253,True,-0.0018468201023286307,0.015647356615091253,,,-0.0018468201023286307,0.015647356615091253,-0.0018468201023286307,-0.012747189097307397,,,-0.0018468201023286307,-0.012747189097307397
65,25,-0.0018468201023286307,0.015647356615091253,-0.0018468201023286307,0.019602851677454458,True,-0.0018468201023286307,0.019602851677454458,,,-0.0018468201023286307,0.019602851677454458,-0.0018468201023286307,0.015647356615091253,,,-0.0018468201023286307,0.015647356615091253
66,1,-0.0018468201023286307,0.019602851677454458,-0.0018468201023286307,0.019602851677454458,False,-0.0018468201023286307,0.019602851677454458,,,-0.0018468201023286307,0.019602851677454458,-0.0018468201023286307,0.019602851677454458,,,-0.0018468201023286307,0.019602851677454458
66,2,-0.0018468201023286307,0.019602851677454458,-0.0018468201023286307,0.019602851677454458,True,-0.0018468201023286307,0.019602851677454458,,,-0.0018468201023286307,0.019602851677454458,-0.0018468201023286307,0.019602851677454458,,,-0.0018468201023286307,0.019602851677454458
66,3,-0.0018468201023286307,0.019602851677454458,-0.0018468201023286307,0.019602851677454458,True,-0.0018468201023286307,0.019602851677454458,,,-0.0018468201023286307,0.019602851677454458,-0.0018468201023286307,0.019602851677454458,,,-0.0018468201023286307,0.019602851677454458
66,4,-0.0018468201023286307,0.019602851677454458,-0.0018468201023286307,-0.012747189097307397,True,-0.0018468201023286307,-0.012747189097307397,,,-0.0018468201023286307,-0.012747189097307397,-0.0018468201023286307,0.019602851677454458,,,-0.0018468201023286307,0.019602851677454458
66,5,-0.0018468201023286307,0.019602851677454458,-0.0018468201023286307,0.019602851677454458,True,-0.0018468201023286307,0.019602851677454458,,,-0.0018468201023286307,0.019602851677454458,-0.0018468201023286307,0.019602851677454458,,,-0.0018468201023286307,0.019602851677454458
66,6,-0.05658727490586232,0.015647356615091253,-0.0018468201023286307,0.019602851677454458,True,-0.05658727490586232,0.019602851677454458,,,-0.05658727490586232,0.019602851677454458,-0.0018468201023286307,0.015647356615091253,,,-0.0018468201023286307,0.015647356615091253
66,7,-0.05658727490586232,0.015647356615091253,-0.0018468201023286307,0.015647356615091253,True,-0.05658727490586232,0.015647356615091253,,,-0.05658727490586232,0.015647356615091253,-0.0018468201023286307,0.015647356615091253,,,-0.0018468201023286307,0.015647356615091253
66,8,-0.0018468201023286307,0.019602851677454458,-0.0018468201023286307,0.015647356615091253,True,-0.0018468201023286307,0.015647356615091253,,,-0.0018468201023286307,0.015647356615091253,-0.0018468201023286307,0.019602851677454458,,,-0.0018468201023286307,0.019602851677454458
66,9,-0.0018468201023286307,0.019602851677454458,-0.0018468201023286307,0.015647356615091253,False,-0.0018468201023286307,0.019602851677454458,,,-0.0018468201023286307,0.019602851677454458,-0.0018468201023286307,0.015647356615091253,,,-0.0018468201023286307,0.015647356615091253
66,10,-0.0018468201023286307,0.019602851677454458,-0.0018468201023286307,0.015647356615091253,True,-0.0018468201023286307,0.015647356615091253,0.0,-0.3874981907046223,-0.38934501080695094,0.015647356615091253,-0.0018468201023286307,0.019602851677454458,,,-0.0018468201023286307,0.019602851677454458
66,11,-0.0018468201023286307,0.019602851677454458,-0.0018468201023286307,0.015647356615091253,True,-0.0018468201023286307,0.015647356615091253,,,-0.0018468201023286307,0.015647356615091253,-0.0018468201023286307,0.019602851677454458,,,-0.0018468201023286307,0.019602851677454458
66,12,-0.0018468201023286307,0.015647356615091253,-0.0018468201023286307,0.015647356615091253,True,-0.0018468201023286307,0.015647356615091253,,,-0.0018468201023286307,0.015647356615091253,-0.0018468201023286307,0.015647356615091253,,,-0.0018468201023286307,0.015647356615091253
66,13,-0.0018468201023286307,0.015647356615091253,-0.0018468201023286307,0.019602851677454458,True,-0.0018468201023286307,0.019602851677454458,,,-0.0018468201023286307,0.019602851677454458,-0.0018468201023286307,0.015647356615091253,,,-0.0018468201023286307,0.015647356615091253
66,14,-0.0018468201023286307,0.019602851677454458,-0.0018468201023286307,0.019602851677454458,True,-0.0018468201023286307,0.019602851677454458,,,-0.0018468201023286307,0.019602851677454458,-0.0018468201023286307,0.019602851677454458,,,-0.0018468201023286307,0.019602851677454458
66,15,-0.0018468201023286307,0.019602851677454458,-0.0018468201023286307,0.015647356615091253,True,-0.0018468201023286307,0.015647356615091253,,,-0.0018468201023286307,0.015647356615091253,-0.0018468201023286307,0.019602851677454458,,,-0.0018468201023286307,0.019602851677454458
66,16,-0.0018468201023286307,0.019602851677454458,-0.0018468201023286307,0.015647356615091253,True,-0.0018468201023286307,0.015647356615091253,,,-0.0018468201023286307,0.015647356615091253,-0.0018468201023286307,0.019602851677454458,,,-0.0018468201023286307,0.019602851677454458
66,17,-0.0018468201023286307,0.019602851677454458,-0.0018468201023286307,0.015647356615091253,False,-0.0018468201023286307,0.019602851677454458,,,-0.0018468201023286307,0.019602851677454458,-0.0018468201023286307,0.015647356615091253,,,-0.0018468201023286307,0.015647356615091253
66,18,-0.0018468201023286307,0.019602851677454458,-0.0018468201023286307,0.019602851677454458,False,-0.0018468201023286307,0.019602851677454458,,,-0.0018468201023286307,0.019602851677454458,-0.0018468201023286307,0.019602851677454458,,,-0.0018468201023286307,0.019602851677454458
66,19,-0.05658727490586232,0.015647356615091253,-0.0018468201023286307,0.019602851677454458,True,-0.05658727490586232,0.019602851677454458,,,-0.05658727490586232,0.019602851677454458,-0.0018468201023286307,0.015647356615091253,,,-0.0018468201023286307,0.015647356615091253
66,20,-0.0018468201023286307,0.015647356615091253,-0.0018468201023286307,0.019602851677454458,True,-0.0018468201023286307,0.019602851677454458,,,-0.0018468201023286307,0.019602851677454458,-0.0018468201023286307,0.015647356615091253,1.0,-0.9799760416299452,-0.0018468201023286307,-0.964328685014854
66,21,-0.0018468201023286307,0.015647356615091253,-0.0018468201023286307,0.019602851677454458,True,-0.0018468201023286307,0.019602851677454458,,,-0.0018468201023286307,0.019602851677454458,-0.0018468201023286307,0.015647356615091253,,,-0.0018468201023286307,0.015647356615091253
66,22,-0.0018468201023286307,-0.012747189097307397,-0.0018468201023286307,0.019602851677454458,True,-0.0018468201023286307,0.019602851677454458,,,-0.0018468201023286307,0.019602851677454458,-0.0018468201023286307,-0.012747189097307397,,,-0.0018468201023286307,-0.012747189097307397
66,23,-0.0018468201023286307,0.019602851677454458,-0.0018468201023286307,0.019602851677454458,True,-0.0018468201023286307,0.019602851677454458,,,-0.0018468201023286307,0.019602851677454458,-0.0018468201023286307,0.019602851677454458,,,-0.0018468201023286307,0.019602851677454458
66,24,-0.0018468201023286307,-0.012747189097307397,-0.0018468201023286307,0.015647356615091253,False,-0.0018468201023286307,-0.012747189097307397,,,-0.0018468201023286307,-0.012747189097307397,-0.0018468201023286307,0.015647356615091253,,,-0.0018468201023286307,0.015647356615091253
66,25,-0.0018468201023286307,0.015647356615091253,-0.0018468201023286307,0.019602851677454458,True,-0.0018468201023286307,0.019602851677454458,,,-0.0018468201023286307,0.019602851677454458,-0.0018468201023286307,0.015647356615091253,,,-0.0018468201023286307,0.015647356615091253
67,1,-0.0018468201023286307,0.019602851677454458,-0.0018468201023286307,0.019602851677454458,True,-0.0018468201023286307,0.019602851677454458,,,-0.0018468201023286307,0.019602851677454458,-0.0018468201023286307,0.019602851677454458,,,-0.0018468201023286307,0.019602851677454458
67,2,-0.0018468201023286307,0.019602851677454458,-0.0018468201023286307,0.019602851677454458,True,-0.0018468201023286307,0.019602851677454458,,,-0.0018468201023286307,0.019602851677454458,-0.0018468201023286307,0.019602851677454458,,,-0.0018468201023286307,0.019602851677454458
67,3,-0.0018468201023286307,0.019602851677454458,-0.0018468201023286307,0.015647356615091253,True,-0.0018468201023286307,0.015647356615091253,,,-0.0018468201023286307,0.015647356615091253,-0.0018468201023286307,0.019602851677454458,1.0,0.14398749685707424,-0.0018468201023286307,0.1635903485345287
67,4,-0.0018468201023286307,0.019602851677454458,-0.0018468201023286307,0.019602851677454458,False,-0.0018468201023286307,0.019602851677454458,,,-0.0018468201023286307,0.019602851677454458,-0.0018468201023286307,0.019602851677454458,,,-0.0018468201023286307,0.019602851677454458
67,5,-0.0018468201023286307,-0.012747189097307397,-0.0018468201023286307,0.019602851677454458,True,-0.0018468201023286307,0.019602851677454458,,,-0.0018468201023286307,0.019602851677454458,-0.0018468201023286307,-0.012747189097307397,,,-0.0018468201023286307,-0.012747189097307397
67,6,-0.0018468201023286307,0.019602851677454458,-0.0018468201023286307,0.019602851677454458,True,-0.0018468201023286307,0.019602851677454458,,,-0.0018468201023286307,0.019602851677454458,-0.0018468201023286307,0.019602851677454458,,,-0.0018468201023286307,0.019602851677454458
67,7,-0.0018468201023286307,-0.012747189097307397,-0.0018468201023286307,0.015647356615091253,True,-0.0018468201023286307,0.015647356615091253,,,-0.0018468201023286307,0.015647356615091253,-0.0018468201023286307,-0.012747189097307397,,,-0.0018468201023286307,-0.012747189097307397
67,8,-0.0018468201023286307,0.015647356615091253,-0.0018468201023286307,0.019602851677454458,True,-0.0018468201023286307,0.019602851677454458,,,-0.0018468201023286307,0.019602851677454458,-0.0018468201023286307,0.015647356615091253,,,-0.0018468201023286307,0.015647356615091253
67,9,-0.05658727490586232,0.019602851677454458,-0.0018468201023286307,0.015647356615091253,True,-0.05658727490586232,0.015647356615091253,,,-0.05658727490586232,0.015647356615091253,-0.0018468201023286307,0.019602851677454458,,,-0.0018468201023286307,0.019602851677454458
67,10,-0.0018468201023286307,0.019602851677454458,-0.0018468201023286307,0.019602851677454458,True,-0.0018468201023286307,0.019602851677454458,,,-0.0018468201023286307,0.019602851677454458,-0.0018468201023286307,0.019602851677454458,,,-0.0018468201023286307,0.019602851677454458
67,11,-0.05658727490586232,0.019602851677454458,-0.0018468201023286307,0.019602851677454458,True,-0.05658727490586232,0.019602851677454458,,,-0.05658727490586232,0.019602851677454458,-0.0018468201023286307,0.019602851677454458,,,-0.0018468201023286307,0.019602851677454458
67,12,-0.0018468201023286307,0.019602851677454458,-0.0018468201023286307,0.019602851677454458,False,-0.0018468201023286307,0.019602851677454458,,,-0.0018468201023286307,0.019602851677454458,-0.0018468201023286307,0.019602851677454458,,,-0.0018468201023286307,0.019602851677454458
67,13,-0.05658727490586232,0.019602851677454458,-0.0018468201023286307,0.015647356615091253,True,-0.05658727490586232,0.015647356615091253,,,-0.05658727490586232,0.015647356615091253,-0.0018468201023286307,0.019602851677454458,,,-0.0018468201023286307,0.019602851677454458
67,14,-0.0018468201023286307,0.019602851677454458,-0.0018468201023286307,0.019602851677454458,True,-0.0018468201023286307,0.019602851677454458,,,-0.0018468201023286307,0.019602851677454458,-0.0018468201023286307,0.019602851677454458,,,-0.0018468201023286307,0.019602851677454458
67,15,-0.0018468201023286307,0.019602851677454458,-0.0018468201023286307,0.019602851677454458,True,-0.0018468201023286307,0.019602851677454458,,,-0.0018468201023286307,0.019602851677454458,-0.0018468201023286307,0.019602851677454458,,,-0.0018468201023286307,0.019602851677454458
67,16,-0.0018468201023286307,0.015647356615091253,-0.0018468201023286307,-0.012747189097307397,False,-0.0018468201023286307,0.015647356615091253,,,-0.0018468201023286307,0.015647356615091253,-0.0018468201023286307,-0.012747189097307397,,,-0.0018468201023286307,-0.012747189097307397
67,17,-0.0018468201023286307,-0.012747189097307397,-0.0018468201023286307,-0.012747189097307397,True,-0.0018468201023286307,-0.012747189097307397,,,-0.0018468201023286307,-0.012747189097307397,-0.0018468201023286307,-0.012747189097307397,,,-0.0018468201023286307,-0.012747189097307397
67,18,-0.0018468201023286307,0.015647356615091253,-0.0018468201023286307,0.015647356615091253,True,-0.0018468201023286307,0.015647356615091253,,,-0.0018468201023286307,0.015647356615091253,-0.0018468201023286307,0.015647356615091253,,,-0.0018468201023286307,0.015647356615091253
67,19,-0.0018468201023286307,0.015647356615091253,-0.0018468201023286307,0.015647356615091253,True,-0.0018468201023286307,0.015647356615091253,,,-0.0018468201023286307,0.015647356615091253,-0.0018468201023286307,0.015647356615091253,,,-0.0018468201023286307,0.015647356615091253
67,20,-0.0018468201023286307,-0.012747189097307397,-0.0018468201023286307,-0.012747189097307397,True,-0.0018468201023286307,-0.012747189097307397,,,-0.0018468201023286307,-0.012747189097307397,-0.0018468201023286307,-0.012747189097307397,,,-0.0018468201023286307,-0.012747189097307397
67,21,-0.0018468201023286307,0.019602851677454458,-0.0018468201023286307,0.019602851677454458,True,-0.0018468201023286307,0.019602851677454458,0.0,-0.18508950531003526,-0.18693632541236388,0.019602851677454458,-0.0018468201023286307,0.019602851677454458,,,-0.0018468201023286307,0.019602851677454458
67,22,-0.0018468201023286307,-0.012747189097307397,-0.0018468201023286307,0.019602851677454458,True,-0.0018468201023286307,0.019602851677454458,,,-0.0018468201023286307,0.019602851677454458,-0.0018468201023286307,-0.012747189097307397,,,-0.0018468201023286307,-0.012747189097307397
67,23,-0.0018468201023286307,0.019602851677454458,-0.0018468201023286307,0.019602851677454458,False,-0.0018468201023286307,0.019602851677454458,,,-0.0018468201023286307,0.019602851677454458,-0.0018468201023286307,0.019602851677454458,,,-0.0018468201023286307,0.019602851677454458
67,24,-0.0018468201023286307,0.015647356615091253,-0.0018468201023286307,0.015647356615091253,True,-0.0018468201023286307,0.015647356615091253,,,-0.0018468201023286307,0.015647356615091253,-0.0018468201023286307,0.015647356615091253,,,-0.0018468201023286307,0.015647356615091253
67,25,-0.0018468201023286307,0.019602851677454458,-0.0018468201023286307,0.015647356615091253,True,-0.0018468201023286307,0.015647356615091253,,,-0.0018468201023286307,0.015647356615091253,-0.0018468201023286307,0.019602851677454458,,,-0.0018468201023286307,0.019602851677454458
68,1,-0.0018468201023286307,0.019602851677454458,-0.0018468201023286307,-0.012747189097307397,True,-0.0018468201023286307,-0.012747189097307397,,,-0.0018468201023286307,-0.012747189097307397,-0.0018468201023286307,0.019602851677454458,,,-0.0018468201023286307,0.019602851677454458
68,2,-0.0018468201023286307,0.019602851677454458,-0.0018468201023286307,0.015647356615091253,True,-0.0018468201023286307,0.015647356615091253,,,-0.0018468201023286307,0.015647356615091253,-0.0018468201023286307,0.019602851677454458,,,-0.0018468201023286307,0.019602851677454458
68,3,-0.0018468201023286307,0.019602851677454458,-0.0018468201023286307,0.019602851677454458,True,-0.0018468201023286307,0.019602851677454458,,,-0.0018468201023286307,0.019602851677454458,-0.0018468201023286307,0.019602851677454458,,,-0.0018468201023286307,0.019602851677454458
68,4,-0.0018468201023286307,-0.012747189097307397,-0.0018468201023286307,0.015647356615091253,True,-0.0018468201023286307,0.015647356615091253,,,-0.0018468201023286307,0.015647356615091253,-0.0018468201023286307,-0.012747189097307397,,,-0.0018468201023286307,-0.012747189097307397
68,5,-0.0018468201023286307,0.015647356615091253,-0.0018468201023286307,0.019602851677454458,True,-0.0018468201023286307,0.019602851677454458,,,-0.0018468201023286307,0.019602851677454458,-0.0018468201023286307,0.015647356615091253,,,-0.0018468201023286307,0.015647356615091253
68,6,-0.0018468201023286307,0.015647356615091253,-0.0018468201023286307,0.015647356615091253,True,-0.0018468201023286307,0.015647356615091253,,,-0.0018468201023286307,0.015647356615091253,-0.0018468201023286307,0.015647356615091253,,,-0.0018468201023286307,0.015647356615091253
68,7,-0.0018468201023286307,-0.012747189097307397,-0.0018468201023286307,-0.012747189097307397,False,-0.0018468201023286307,-0.012747189097307397,,,-0.0018468201023286307,-0.012747189097307397,-0.0018468201023286307,-0.012747189097307397,,,-0.0018468201023286307,-0.012747189097307397
68,8,-0.0018468201023286307,0.019602851677454458,-0.0018468201023286307,-0.012747189097307397,True,-0.0018468201023286307,-0.012747189097307397,,,-0.0018468201023286307,-0.012747189097307397,-0.0018468201023286307,0.019602851677454458,,,-0.0018468201023286307,0.019602851677454458
68,9,-0.0018468201023286307,0.015647356615091253,-0.0018468201023286307,0.019602851677454458,True,-0.0018468201023286307,0.019602851677454458,,,-0.0018468201023286307,0.019602851677454458,-0.0018468201023286307,0.015647356615091253,,,-0.0018468201023286307,0.015647356615091253
68,10,-0.0018468201023286307,0.019602851677454458,-0.0018468201023286307,0.015647356615091253,True,-0.0018468201023286307,0.015647356615091253,,,-0.0018468201023286307,0.015647356615091253,-0.0018468201023286307,0.019602851677454458,,,-0.0018468201023286307,0.019602851677454458
68,11,-0.0018468201023286307,0.019602851677454458,-0.0018468201023286307,0.019602851677454458,False,-0.0018468201023286307,0.019602851677454458,,,-0.0018468201023286307,0.019602851677454458,-0.0018468201023286307,0.019602851677454458,,,-0.0018468201023286307,0.019602851677454458
68,12,-0.0018468201023286307,0.019602851677454458,-0.0018468201023286307,0.019602851677454458,True,-0.0018468201023286307,0.019602851677454458,,,-0.0018468201023286307,0.019602851677454458,-0.0018468201023286307,0.019602851677454458,,,-0.0018468201023286307,0.019602851677454458
68,13,-0.0018468201023286307,0.015647356615091253,-0.0018468201023286307,-0.012747189097307397,True,-0.0018468201023286307,-0.012747189097307397,,,-0.0018468201023286307,-0.012747189097307397,-0.0018468201023286307,0.015647356615091253,,,-0.0018468201023286307,0.015647356615091253
68,14,-0.0018468201023286307,0.019602851677454458,-0.0018468201023286307,0.019602851677454458,True,-0.0018468201023286307,0.019602851677454458,,,-0.0018468201023286307,0.019602851677454458,-0.0018468201023286307,0.019602851677454458,,,-0.0018468201023286307,0.019602851677454458
68,15,-0.0018468201023286307,0.019602851677454458,-0.0018468201023286307,0.019602851677454458,False,-0.0018468201023286307,0.019602851677454458,,,-0.0018468201023286307,0.019602851677454458,-0.0018468201023286307,0.019602851677454458,,,-0.0018468201023286307,0.019602851677454458
68,16,-0.05658727490586232,0.015647356615091253,-0.0018468201023286307,0.015647356615091253,False,-0.05658727490586232,0.015647356615091253,,,-0.05658727490586232,0.015647356615091253,-0.0018468201023286307,0.015647356615091253,,,-0.0018468201023286307,0.015647356615091253
68,17,-0.0018468201023286307,0.019602851677454458,-0.0018468201023286307,0.015647356615091253,True,-0.0018468201023286307,0.015647356615091253,,,-0.0018468201023286307,0.015647356615091253,-0.0018468201023286307,0.019602851677454458,,,-0.0018468201023286307,0.019602851677454458
68,18,-0.0018468201023286307,0.019602851677454458,-0.0018468201023286307,0.019602851677454458,True,-0.0018468201023286307,0.019602851677454458,,,-0.0018468201023286307,0.019602851677454458,-0.0018468201023286307,0.019602851677454458,,,-0.0018468201023286307,0.019602851677454458
68,19,-0.05658727490586232,0.015647356615091253,-0.0018468201023286307,-0.012747189097307397,True,-0.05658727490586232,-0.012747189097307397,,,-0.05658727490586232,-0.012747189097307397,-0.0018468201023286307,0.015647356615091253,,,-0.0018468201023286307,0.015647356615091253
68,20,-0.0018468201023286307,0.015647356615091253,-0.0018468201023286307,-0.012747189097307397,True,-0.0018468201023286307,-0.012747189097307397,,,-0.0018468201023286307,-0.012747189097307397,-0.0018468201023286307,0.015647356615091253,,,-0.0018468201023286307,0.015647356615091253
68,21,-0.0018468201023286307,0.019602851677454458,-0.0018468201023286307,-0.012747189097307397,True,-0.0018468201023286307,-0.012747189097307397,,,-0.0018468201023286307,-0.012747189097307397,-0.0018468201023286307,0.019602851677454458,,,-0.0018468201023286307,0.019602851677454458
68,22,-0.0018468201023286307,0.019602851677454458,-0.0018468201023286307,0.019602851677454458,False,-0.0018468201023286307,0.019602851677454458,,,-0.0018468201023286307,0.019602851677454458,-0.0018468201023286307,0.019602851677454458,,,-0.0018468201023286307,0.019602851677454458
68,23,-0.05658727490586232,0.015647356615091253,-0.0018468201023286307,0.015647356615091253,True,-0.05658727490586232,0.015647356615091253,,,-0.05658727490586232,0.015647356615091253,-0.0018468201023286307,0.015647356615091253,,,-0.0018468201023286307,0.015647356615091253
68,24,-0.0018468201023286307,0.019602851677454458,-0.0018468201023286307,-0.012747189097307397,False,-0.0018468201023286307,0.019602851677454458,,,-0.0018468201023286307,0.019602851677454458,-0.0018468201023286307,-0.012747189097307397,,,-0.0018468201023286307,-0.012747189097307397
68,25,-0.0018468201023286307,0.015647356615091253,-0.0018468201023286307,0.015647356615091253,True,-0.0018468201023286307,0.015647356615091253,,,-0.0018468201023286307,0.015647356615091253,-0.0018468201023286307,0.015647356615091253,,,-0.0018468201023286307,0.015647356615091253
69,1,-0.0018468201023286307,-0.012747189097307397,-0.0018468201023286307,0.015647356615091253,True,-0.0018468201023286307,0.015647356615091253,,,-0.0018468201023286307,0.015647356615091253,-0.0018468201023286307,-0.012747189097307397,,,-0.0018468201023286307,-0.012747189097307397
69,2,-0.0018468201023286307,0.019602851677454458,-0.0018468201023286307,0.019602851677454458,False,-0.0018468201023286307,0.019602851677454458,0.0,-0.12024947924119715,-0.12209629934352578,0.019602851677454458,-0.0018468201023286307,0.019602851677454458,1.0,0.018101319629913334,-0.0018468201023286307,0.03770417130736779
69,3,-0.0018468201023286307,0.019602851677454458,-0.0018468201023286307,-0.012747189097307397,True,-0.0018468201023286307,-0.012747189097307397,,,-0.0018468201023286307,-0.012747189097307397,-0.0018468201023286307,0.019602851677454458,,,-0.0018468201023286307,0.019602851677454458
69,4,-0.0018468201023286307,0.019602851677454458,-0.0018468201023286307,-0.012747189097307397,True,-0.0018468201023286307,-0.012747189097307397,,,-0.0018468201023286307,-0.012747189097307397,-0.0018468201023286307,0.019602851677454458,0.0,-0.6766344463552633,-0.6784812664575919,0.019602851677454458
69,5,-0.0018468201023286307,0.019602851677454458,-0.0018468201023286307,-0.012747189097307397,True,-0.0018468201023286307,-0.012747189097307397,,,-0.0018468201023286307,-0.012747189097307397,-0.0018468201023286307,0.019602851677454458,,,-0.0018468201023286307,0.019602851677454458
69,6,-0.0018468201023286307,0.015647356615091253,-0.0018468201023286307,0.015647356615091253,True,-0.0018468201023286307,0.015647356615091253,,,-0.0018468201023286307,0.015647356615091253,-0.0018468201023286307,0.015647356615091253,,,-0.0018468201023286307,0.015647356615091253
69,7,-0.0018468201023286307,0.015647356615091253,-0.0018468201023286307,-0.012747189097307397,True,-0.0018468201023286307,-0.012747189097307397,,,-0.0018468201023286307,-0.012747189097307397,-0.0018468201023286307,0.015647356615091253,,,-0.0018468201023286307,0.015647356615091253
69,8,-0.0018468201023286307,0.015647356615091253,-0.0018468201023286307,0.019602851677454458,True,-0.0018468201023286307,0.019602851677454458,,,-0.0018468201023286307,0.019602851677454458,-0.0018468201023286307,0.015647356615091253,,,-0.0018468201023286307,0.015647356615091253
69,9,-0.0018468201023286307,0.015647356615091253,-0.0018468201023286307,0.015647356615091253,True,-0.0018468201023286307,0.015647356615091253,,,-0.0018468201023286307,0.015647356615091253,-0.0018468201023286307,0.015647356615091253,,,-0.0018468201023286307,0.015647356615091253
69,10,-0.0018468201023286307,0.015647356615091253,-0.0018468201023286307,0.015647356615091253,True,-0.0018468201023286307,0.015647356615091253,,,-0.0018468201023286307,0.015647356615091253,-0.0018468201023286307,0.015647356615091253,,,-0.0018468201023286307,0.015647356615091253
69,11,-0.0018468201023286307,0.019602851677454458,-0.0018468201023286307,0.019602851677454458,True,-0.0018468201023286307,0.019602851677454458,,,-0.0018468201023286307,0.019602851677454458,-0.0018468201023286307,0.019602851677454458,0.0,0.6180719863644671,0.6162251662621385,0.019602851677454458
69,12,-0.0018468201023286307,0.015647356615091253,-0.0018468201023286307,0.019602851677454458,False,-0.0018468201023286307,0.015647356615091253,,,-0.0018468201023286307,0.015647356615091253,-0.0018468201023286307,0.019602851677454458,,,-0.0018468201023286307,0.019602851677454458
69,13,-0.0018468201023286307,0.019602851677454458,-0.0018468201023286307,0.015647356615091253,True,-0.0018468201023286307,0.015647356615091253,,,-0.0018468201023286307,0.015647356615091253,-0.0018468201023286307,0.019602851677454458,,,-0.0018468201023286307,0.019602851677454458
69,14,-0.0018468201023286307,0.019602851677454458,-0.0018468201023286307,-0.012747189097307397,True,-0.0018468201023286307,-0.012747189097307397,,,-0.0018468201023286307,-0.012747189097307397,-0.0018468201023286307,0.019602851677454458,,,-0.0018468201023286307,0.019602851677454458
69,15,-0.0018468201023286307,-0.012747189097307397,-0.0018468201023286307,-0.012747189097307397,True,-0.0018468201023286307,-0.012747189097307397,,,-0.0018468201023286307,-0.012747189097307397,-0.0018468201023286307,-0.012747189097307397,,,-0.0018468201023286307,-0.012747189097307397
69,16,-0.0018468201023286307,0.019602851677454458,-0.0018468201023286307,-0.012747189097307397,True,-0.0018468201023286307,-0.012747189097307397,,,-0.0018468201023286307,-0.012747189097307397,-0.0018468201023286307,0.019602851677454458,,,-0.0018468201023286307,0.019602851677454458
69,17,-0.0018468201023286307,0.015647356615091253,-0.0018468201023286307,0.015647356615091253,True,-0.0018468201023286307,0.015647356615091253,,,-0.0018468201023286307,0.015647356615091253,-0.0018468201023286307,0.015647356615091253,,,-0.0018468201023286307,0.015647356615091253
69,18,-0.0018468201023286307,0.015647356615091253,-0.0018468201023286307,0.019602851677454458,True,-0.0018468201023286307,0.019602851677454458,0.0,-1.0951179096339143,-1.096964729736243,0.019602851677454458,-0.0018468201023286307,0.015647356615091253,,,-0.0018468201023286307,0.015647356615091253
69,19,-0.0018468201023286307,0.015647356615091253,-0.0018468201023286307,0.019602851677454458,True,-0.0018468201023286307,0.019602851677454458,,,-0.0018468201023286307,0.019602851677454458,-0.0018468201023286307,0.015647356615091253,,,-0.0018468201023286307,0.015647356615091253
69,20,-0.0018468201023286307,0.015647356615091253,-0.0018468201023286307,0.015647356615091253,False,-0.0018468201023286307,0.015647356615091253,,,-0.0018468201023286307,0.015647356615091253,-0.0018468201023286307,0.015647356615091253,,,-0.0018468201023286307,0.015647356615091253
69,21,-0.0018468201023286307,0.015647356615091253,-0.0018468201023286307,0.019602851677454458,True,-0.0018468201023286307,0.019602851677454458,,,-0.0018468201023286307,0.019602851677454458,-0.0018468201023286307,0.015647356615091253,,,-0.0018468201023286307,0.015647356615091253
69,22,-0.0018468201023286307,-0.012747189097307397,-0.0018468201023286307,0.019602851677454458,True,-0.0018468201023286307,0.019602851677454458,,,-0.0018468201023286307,0.019602851677454458,-0.0018468201023286307,-0.012747189097307397,,,-0.0018468201023286307,-0.012747189097307397
69,23,-0.0018468201023286307,0.019602851677454458,-0.0018468201023286307,0.019602851677454458,False,-0.0018468201023286307,0.019602851677454458,,,-0.0018468201023286307,0.019602851677454458,-0.0018468201023286307,0.019602851677454458,,,-0.0018468201023286307,0.019602851677454458
69,24,-0.0018468201023286307,0.015647356615091253,-0.0018468201023286307,0.019602851677454458,True,-0.0018468201023286307,0.019602851677454458,,,-0.0018468201023286307,0.019602851677454458,-0.0018468201023286307,0.015647356615091253,,,-0.0018468201023286307,0.015647356615091253
69,25,-0.0018468201023286307,-0.012747189097307397,-0.0018468201023286307,-0.012747189097307397,True,-0.0018468201023286307,-0.012747189097307397,,,-0.0018468201023286307,-0.012747189097307397,-0.0018468201023286307,-0.012747189097307397,,,-0.0018468201023286307,-0.012747189097307397
70,1,-0.0018468201023286307,0.019602851677454458,-0.0018468201023286307,0.015647356615091253,False,-0.0018468201023286307,0.019602851677454458,,,-0.0018468201023286307,0.019602851677454458,-0.0018468201023286307,0.015647356615091253,,,-0.0018468201023286307,0.015647356615091253
70,2,-0.0018468201023286307,-0.012747189097307397,-0.0018468201023286307,0.015647356615091253,True,-0.0018468201023286307,0.015647356615091253,1.0,0.6056625973800694,-0.0018468201023286307,0.6213099539951606,-0.0018468201023286307,-0.012747189097307397,,,-0.0018468201023286307,-0.012747189097307397
70,3,-0.0018468201023286307,0.019602851677454458,-0.0018468201023286307,-0.012747189097307397,True,-0.0018468201023286307,-0.012747189097307397,,,-0.0018468201023286307,-0.012747189097307397,-0.0018468201023286307,0.019602851677454458,,,-0.0018468201023286307,0.019602851677454458
70,4,-0.0018468201023286307,0.015647356615091253,-0.0018468201023286307,0.03770417130736779,False,-0.0018468201023286307,0.015647356615091253,,,-0.0018468201023286307,0.015647356615091253,-0.0018468201023286307,0.03770417130736779,,,-0.0018468201023286307,0.03770417130736779
70,5,-0.0018468201023286307,0.019602851677454458,-0.0018468201023286307,0.019602851677454458,True,-0.0018468201023286307,0.019602851677454458,,,-0.0018468201023286307,0.019602851677454458,-0.0018468201023286307,0.019602851677454458,,,-0.0018468201023286307,0.019602851677454458
70,6,-0.0018468201023286307,0.015647356615091253,-0.0018468201023286307,0.019602851677454458,True,-0.0018468201023286307,0.019602851677454458,,,-0.0018468201023286307,0.019602851677454458,-0.0018468201023286307,0.015647356615091253,,,-0.0018468201023286307,0.015647356615091253
70,7,-0.0018468201023286307,-0.012747189097307397,-0.0018468201023286307,-0.012747189097307397,True,-0.0018468201023286307,-0.012747189097307397,,,-0.0018468201023286307,-0.012747189097307397,-0.0018468201023286307,-0.012747189097307397,,,-0.0018468201023286307,-0.012747189097307397
70,8,-0.0018468201023286307,0.019602851677454458,-0.0018468201023286307,0.015647356615091253,True,-0.0018468201023286307,0.015647356615091253,,,-0.0018468201023286307,0.015647356615091253,-0.0018468201023286307,0.019602851677454458,,,-0.0018468201023286307,0.019602851677454458
70,9,-0.0018468201023286307,0.015647356615091253,-0.0018468201023286307,-0.012747189097307397,True,-0.0018468201023286307,-0.012747189097307397,,,-0.0018468201023286307,-0.012747189097307397,-0.0018468201023286307,0.015647356615091253,,,-0.0018468201023286307,0.015647356615091253
70,10,-0.0018468201023286307,0.015647356615091253,-0.0018468201023286307,0.015647356615091253,True,-0.0018468201023286307,0.015647356615091253,,,-0.0018468201023286307,0.015647356615091253,-0.0018468201023286307,0.015647356615091253,,,-0.0018468201023286307,0.015647356615091253
70,11,-0.12209629934352578,0.019602851677454458,-0.0018468201023286307,0.015647356615091253,True,-0.12209629934352578,0.015647356615091253,,,-0.12209629934352578,0.015647356615091253,-0.0018468201023286307,0.019602851677454458,,,-0.0018468201023286307,0.019602851677454458
70,12,-0.0018468201023286307,0.019602851677454458,-0.0018468201023286307,0.019602851677454458,False,-0.0018468201023286307,0.019602851677454458,,,-0.0018468201023286307,0.019602851677454458,-0.0018468201023286307,0.019602851677454458,,,-0.0018468201023286307,0.019602851677454458
70,13,-0.0018468201023286307,-0.012747189097307397,-0.0018468201023286307,0.019602851677454458,False,-0.0018468201023286307,-0.012747189097307397,,,-0.0018468201023286307,-0.012747189097307397,-0.0018468201023286307,0.019602851677454458,,,-0.0018468201023286307,0.019602851677454458
70,14,-0.0018468201023286307,0.019602851677454458,-0.0018468201023286307,-0.012747189097307397,True,-0.0018468201023286307,-0.012747189097307397,,,-0.0018468201023286307,-0.012747189097307397,-0.0018468201023286307,0.019602851677454458,,,-0.0018468201023286307,0.019602851677454458
70,15,-0.0018468201023286307,0.019602851677454458,-0.0018468201023286307,0.015647356615091253,True,-0.0018468201023286307,0.015647356615091253,,,-0.0018468201023286307,0.015647356615091253,-0.0018468201023286307,0.019602851677454458,,,-0.0018468201023286307,0.019602851677454458
70,16,-0.0018468201023286307,0.019602851677454458,-0.0018468201023286307,0.019602851677454458,True,-0.0018468201023286307,0.019602851677454458,,,-0.0018468201023286307,0.019602851677454458,-0.0018468201023286307,0.019602851677454458,,,-0.0018468201023286307,0.019602851677454458
70,17,-0.0018468201023286307,-0.012747189097307397,-0.0018468201023286307,0.015647356615091253,True,-0.0018468201023286307,0.015647356615091253,,,-0.0018468201023286307,0.015647356615091253,-0.0018468201023286307,-0.012747189097307397,,,-0.0018468201023286307,-0.012747189097307397
70,18,-0.0018468201023286307,-0.012747189097307397,-0.0018468201023286307,-0.012747189097307397,True,-0.0018468201023286307,-0.012747189097307397,,,-0.0018468201023286307,-0.012747189097307397,-0.0018468201023286307,-0.012747189097307397,,,-0.0018468201023286307,-0.012747189097307397
70,19,-0.0018468201023286307,0.015647356615091253,-0.0018468201023286307,0.015647356615091253,True,-0.0018468201023286307,0.015647356615091253,,,-0.0018468201023286307,0.015647356615091253,-0.0018468201023286307,0.015647356615091253,,,-0.0018468201023286307,0.015647356615091253
70,20,-0.0018468201023286307,-0.012747189097307397,-0.0018468201023286307,-0.012747189097307397,True,-0.0018468201023286307,-0.012747189097307397,,,-0.0018468201023286307,-0.012747189097307397,-0.0018468201023286307,-0.012747189097307397,,,-0.0018468201023286307,-0.012747189097307397
70,21,-0.0018468201023286307,0.015647356615091253,-0.0018468201023286307,0.03770417130736779,True,-0.0018468201023286307,0.03770417130736779,,,-0.0018468201023286307,0.03770417130736779,-0.0018468201023286307,0.015647356615091253,,,-0.0018468201023286307,0.015647356615091253
70,22,-0.0018468201023286307,0.019602851677454458,-0.0018468201023286307,0.019602851677454458,True,-0.0018468201023286307,0.019602851677454458,,,-0.0018468201023286307,0.019602851677454458,-0.0018468201023286307,0.019602851677454458,,,-0.0018468201023286307,0.019602851677454458
70,23,-0.0018468201023286307,0.019602851677454458,-0.0018468201023286307,0.015647356615091253,False,-0.0018468201023286307,0.019602851677454458,,,-0.0018468201023286307,0.019602851677454458,-0.0018468201023286307,0.015647356615091253,,,-0.0018468201023286307,0.015647356615091253
70,24,-0.0018468201023286307,0.015647356615091253,-0.0018468201023286307,0.015647356615091253,False,-0.0018468201023286307,0.015647356615091253,,,-0.0018468201023286307,0.015647356615091253,-0.0018468201023286307,0.015647356615091253,,,-0.0018468201023286307,0.015647356615091253
70,25,-0.0018468201023286307,0.015647356615091253,-0.0018468201023286307,0.019602851677454458,True,-0.0018468201023286307,0.019602851677454458,,,-0.0018468201023286307,0.019602851677454458,-0.0018468201023286307,0.015647356615091253,,,-0.0018468201023286307,0.015647356615091253
71,1,-0.0018468201023286307,0.015647356615091253,-0.0018468201023286307,0.019602851677454458,False,-0.0018468201023286307,0.015647356615091253,,,-0.0018468201023286307,0.015647356615091253,-0.0018468201023286307,0.019602851677454458,,,-0.0018468201023286307,0.019602851677454458
71,2,-0.0018468201023286307,0.015647356615091253,-0.0018468201023286307,0.019602851677454458,True,-0.0018468201023286307,0.019602851677454458,,,-0.0018468201023286307,0.019602851677454458,-0.0018468201023286307,0.015647356615091253,,,-0.0018468201023286307,0.015647356615091253
71,3,-0.0018468201023286307,0.019602851677454458,-0.0018468201023286307,-0.012747189097307397,True,-0.0018468201023286307,-0.012747189097307397,,,-0.0018468201023286307,-0.012747189097307397,-0.0018468201023286307,0.019602851677454458,,,-0.0018468201023286307,0.019602851677454458
71,4,-0.0018468201023286307,0.015647356615091253,-0.0018468201023286307,-0.012747189097307397,True,-0.0018468201023286307,-0.012747189097307397,,,-0.0018468201023286307,-0.012747189097307397,-0.0018468201023286307,0.015647356615091253,,,-0.0018468201023286307,0.015647356615091253
71,5,-0.0018468201023286307,0.019602851677454458,-0.0018468201023286307,-0.012747189097307397,True,-0.0018468201023286307,-0.012747189097307397,,,-0.0018468201023286307,-0.012747189097307397,-0.0018468201023286307,0.019602851677454458,,,-0.0018468201023286307,0.019602851677454458
71,6,-0.0018468201023286307,0.015647356615091253,-0.0018468201023286307,-0.012747189097307397,True,-0.0018468201023286307,-0.012747189097307397,,,-0.0018468201023286307,-0.012747189097307397,-0.0018468201023286307,0.015647356615091253,,,-0.0018468201023286307,0.015647356615091253
71,7,-0.0018468201023286307,0.03770417130736779,-0.0018468201023286307,0.015647356615091253,False,-0.0018468201023286307,0.03770417130736779,,,-0.0018468201023286307,0.03770417130736779,-0.0018468201023286307,0.015647356615091253,,,-0.0018468201023286307,0.015647356615091253
71,8,-0.0018468201023286307,-0.012747189097307397,-0.0018468201023286307,0.015647356615091253,True,-0.0018468201023286307,0.015647356615091253,,,-0.0018468201023286307,0.015647356615091253,-0.0018468201023286307,-0.012747189097307397,,,-0.0018468201023286307,-0.012747189097307397
71,9,-0.0018468201023286307,0.019602851677454458,-0.0018468201023286307,0.015647356615091253,True,-0.0018468201023286307,0.015647356615091253,,,-0.0018468201023286307,0.015647356615091253,-0.0018468201023286307,0.019602851677454458,,,-0.0018468201023286307,0.019602851677454458
71,10,-0.0018468201023286307,-0.012747189097307397,-0.0018468201023286307,0.015647356615091253,True,-0.0018468201023286307,0.015647356615091253,,,-0.0018468201023286307,0.015647356615091253,-0.0018468201023286307,-0.012747189097307397,1.0,0.18202054055660133,-0.0018468201023286307,0.16927335145929392
71,11,-0.0018468201023286307,0.019602851677454458,-0.12209629934352578,0.015647356615091253,True,-0.0018468201023286307,0.015647356615091253,,,-0.0018468201023286307,0.015647356615091253,-0.12209629934352578,0.019602851677454458,,,-0.12209629934352578,0.019602851677454458
71,12,-0.0018468201023286307,-0.012747189097307397,-0.0018468201023286307,0.015647356615091253,True,-0.0018468201023286307,0.015647356615091253,,,-0.0018468201023286307,0.015647356615091253,-0.0018468201023286307,-0.012747189097307397,,,-0.0018468201023286307,-0.012747189097307397
71,13,-0.0018468201023286307,0.019602851677454458,-0.12209629934352578,0.015647356615091253,True,-0.0018468201023286307,0.015647356615091253,,,-0.0018468201023286307,0.015647356615091253,-0.12209629934352578,0.019602851677454458,,,-0.12209629934352578,0.019602851677454458
71,14,-0.0018468201023286307,0.019602851677454458,-0.0018468201023286307,0.015647356615091253,True,-0.0018468201023286307,0.015647356615091253,,,-0.0018468201023286307,0.015647356615091253,-0.0018468201023286307,0.019602851677454458,,,-0.0018468201023286307,0.019602851677454458
71,15,-0.0018468201023286307,0.015647356615091253,-0.0018468201023286307,-0.012747189097307397,True,-0.0018468201023286307,-0.012747189097307397,,,-0.0018468201023286307,-0.012747189097307397,-0.0018468201023286307,0.015647356615091253,,,-0.0018468201023286307,0.015647356615091253
71,16,-0.0018468201023286307,0.015647356615091253,-0.0018468201023286307,-0.012747189097307397,False,-0.0018468201023286307,0.015647356615091253,,,-0.0018468201023286307,0.015647356615091253,-0.0018468201023286307,-0.012747189097307397,,,-0.0018468201023286307,-0.012747189097307397
71,17,-0.0018468201023286307,-0.012747189097307397,-0.0018468201023286307,0.019602851677454458,True,-0.0018468201023286307,0.019602851677454458,,,-0.0018468201023286307,0.019602851677454458,-0.0018468201023286307,-0.012747189097307397,,,-0.0018468201023286307,-0.012747189097307397
71,18,-0.0018468201023286307,0.019602851677454458,-0.0018468201023286307,0.03770417130736779,True,-0.0018468201023286307,0.03770417130736779,,,-0.0018468201023286307,0.03770417130736779,-0.0018468201023286307,0.019602851677454458,,,-0.0018468201023286307,0.019602851677454458
71,19,-0.0018468201023286307,-0.012747189097307397,-0.0018468201023286307,0.019602851677454458,False,-0.0018468201023286307,-0.012747189097307397,,,-0.0018468201023286307,-0.012747189097307397,-0.0018468201023286307,0.019602851677454458,,,-0.0018468201023286307,0.019602851677454458
71,20,-0.0018468201023286307,-0.012747189097307397,-0.0018468201023286307,0.03770417130736779,True,-0.0018468201023286307,0.03770417130736779,,,-0.0018468201023286307,0.03770417130736779,-0.0018468201023286307,-0.012747189097307397,,,-0.0018468201023286307,-0.012747189097307397
71,21,-0.0018468201023286307,-0.012747189097307397,-0.0018468201023286307,0.019602851677454458,False,-0.0018468201023286307,-0.012747189097307397,,,-0.0018468201023286307,-0.012747189097307397,-0.0018468201023286307,0.019602851677454458,,,-0.0018468201023286307,0.019602851677454458
71,22,-0.0018468201023286307,0.015647356615091253,-0.0018468201023286307,-0.012747189097307397,True,-0.0018468201023286307,-0.012747189097307397,,,-0.0018468201023286307,-0.012747189097307397,-0.0018468201023286307,0.015647356615091253,,,-0.0018468201023286307,0.015647356615091253
71,23,-0.0018468201023286307,-0.012747189097307397,-0.0018468201023286307,0.015647356615091253,True,-0.0018468201023286307,0.015647356615091253,,,-0.0018468201023286307,0.015647356615091253,-0.0018468201023286307,-0.012747189097307397,,,-0.0018468201023286307,-0.012747189097307397
71,24,-0.0018468201023286307,0.03770417130736779,-0.0018468201023286307,0.015647356615091253,True,-0.0018468201023286307,0.015647356615091253,1.0,1.2036628607373965,-0.0018468201023286307,1.2193102173524877,-0.0018468201023286307,0.03770417130736779,,,-0.0018468201023286307,0.03770417130736779
71,25,-0.0018468201023286307,0.015647356615091253,-0.0018468201023286307,0.015647356615091253,True,-0.0018468201023286307,0.015647356615091253,,,-0.0018468201023286307,0.015647356615091253,-0.0018468201023286307,0.015647356615091253,,,-0.0018468201023286307,0.015647356615091253
72,1,-0.0018468201023286307,0.015647356615091253,-0.0018468201023286307,0.019602851677454458,True,-0.0018468201023286307,0.019602851677454458,,,-0.0018468201023286307,0.019602851677454458,-0.0018468201023286307,0.015647356615091253,,,-0.0018468201023286307,0.015647356615091253
72,2,-0.0018468201023286307,0.015647356615091253,-0.0018468201023286307,0.03770417130736779,True,-0.0018468201023286307,0.03770417130736779,,,-0.0018468201023286307,0.03770417130736779,-0.0018468201023286307,0.015647356615091253,,,-0.0018468201023286307,0.015647356615091253
72,3,-0.0018468201023286307,-0.012747189097307397,-0.0018468201023286307,0.019602851677454458,False,-0.0018468201023286307,-0.012747189097307397,,,-0.0018468201023286307,-0.012747189097307397,-0.0018468201023286307,0.019602851677454458,,,-0.0018468201023286307,0.019602851677454458
72,4,-0.0018468201023286307,0.015647356615091253,-0.0018468201023286307,0.019602851677454458,False,-0.0018468201023286307,0.015647356615091253,,,-0.0018468201023286307,0.015647356615091253,-0.0018468201023286307,0.019602851677454458,,,-0.0018468201023286307,0.019602851677454458
72,5,-0.0018468201023286307,0.019602851677454458,-0.0018468201023286307,0.03770417130736779,True,-0.0018468201023286307,0.03770417130736779,,,-0.0018468201023286307,0.03770417130736779,-0.0018468201023286307,0.019602851677454458,0.0,0.5254563503939984,0.5236095302916698,0.019602851677454458
72,6,-0.0018468201023286307,-0.012747189097307397,-0.0018468201023286307,0.015647356615091253,False,-0.0018468201023286307,-0.012747189097307397,,,-0.0018468201023286307,-0.012747189097307397,-0.0018468201023286307,0.015647356615091253,,,-0.0018468201023286307,0.015647356615091253
72,7,-0.0018468201023286307,0.015647356615091253,-0.0018468201023286307,-0.012747189097307397,True,-0.0018468201023286307,-0.012747189097307397,,,-0.0018468201023286307,-0.012747189097307397,-0.0018468201023286307,0.015647356615091253,,,-0.0018468201023286307,0.015647356615091253
72,8,-0.0018468201023286307,0.015647356615091253,-0.0018468201023286307,0.015647356615091253,True,-0.0018468201023286307,0.015647356615091253,,,-0.0018468201023286307,0.015647356615091253,-0.0018468201023286307,0.015647356615091253,,,-0.0018468201023286307,0.015647356615091253
72,9,-0.0018468201023286307,0.019602851677454458,-0.0018468201023286307,-0.012747189097307397,True,-0.0018468201023286307,-0.012747189097307397,,,-0.0018468201023286307,-0.012747189097307397,-0.0018468201023286307,0.019602851677454458,,,-0.0018468201023286307,0.019602851677454458
72,10,-0.0018468201023286307,0.03770417130736779,-0.0018468201023286307,0.015647356615091253,True,-0.0018468201023286307,0.015647356615091253,,,-0.0018468201023286307,0.015647356615091253,-0.0018468201023286307,0.03770417130736779,,,-0.0018468201023286307,0.03770417130736779
72,11,-0.0018468201023286307,-0.012747189097307397,-0.0018468201023286307,0.015647356615091253,True,-0.0018468201023286307,0.015647356615091253,,,-0.0018468201023286307,0.015647356615091253,-0.0018468201023286307,-0.012747189097307397,,,-0.0018468201023286307,-0.012747189097307397
72,12,-0.0018468201023286307,0.03770417130736779,-0.0018468201023286307,0.015647356615091253,True,-0.0018468201023286307,0.015647356615091253,,,-0.0018468201023286307,0.015647356615091253,-0.0018468201023286307,0.03770417130736779,,,-0.0018468201023286307,0.03770417130736779
72,13,-0.0018468201023286307,-0.012747189097307397,-0.0018468201023286307,0.015647356615091253,True,-0.0018468201023286307,0.015647356615091253,,,-0.0018468201023286307,0.015647356615091253,-0.0018468201023286307,-0.012747189097307397,,,-0.0018468201023286307,-0.012747189097307397
72,14,-0.0018468201023286307,0.015647356615091253,-0.0018468201023286307,0.019602851677454458,True,-0.0018468201023286307,0.019602851677454458,,,-0.0018468201023286307,0.019602851677454458,-0.0018468201023286307,0.015647356615091253,,,-0.0018468201023286307,0.015647356615091253
72,15,-0.0018468201023286307,-0.012747189097307397,-0.0018468201023286307,0.019602851677454458,True,-0.0018468201023286307,0.019602851677454458,,,-0.0018468201023286307,0.019602851677454458,-0.0018468201023286307,-0.012747189097307397,,,-0.0018468201023286307,-0.012747189097307397
72,16,-0.0018468201023286307,-0.012747189097307397,-0.0018468201023286307,-0.012747189097307397,True,-0.0018468201023286307,-0.012747189097307397,,,-0.0018468201023286307,-0.012747189097307397,-0.0018468201023286307,-0.012747189097307397,1.0,-0.4107732197467176,-0.0018468201023286307,-0.423520408844025
72,17,-0.0018468201023286307,0.015647356615091253,-0.0018468201023286307,0.019602851677454458,True,-0.0018468201023286307,0.019602851677454458,,,-0.0018468201023286307,0.019602851677454458,-0.0018468201023286307,0.015647356615091253,,,-0.0018468201023286307,0.015647356615091253
72,18,-0.0018468201023286307,0.015647356615091253,-0.0018468201023286307,-0.012747189097307397,True,-0.0018468201023286307,-0.012747189097307397,,,-0.0018468201023286307,-0.012747189097307397,-0.0018468201023286307,0.015647356615091253,,,-0.0018468201023286307,0.015647356615091253
72,19,-0.0018468201023286307,0.015647356615091253,-0.0018468201023286307,0.015647356615091253,True,-0.0018468201023286307,0.015647356615091253,,,-0.0018468201023286307,0.015647356615091253,-0.0018468201023286307,0.015647356615091253,,,-0.0018468201023286307,0.015647356615091253
72,20,-0.0018468201023286307,-0.012747189097307397,-0.0018468201023286307,0.019602851677454458,True,-0.0018468201023286307,0.019602851677454458,,,-0.0018468201023286307,0.019602851677454458,-0.0018468201023286307,-0.012747189097307397,,,-0.0018468201023286307,-0.012747189097307397
72,21,-0.0018468201023286307,0.019602851677454458,-0.0018468201023286307,-0.012747189097307397,False,-0.0018468201023286307,0.019602851677454458,,,-0.0018468201023286307,0.019602851677454458,-0.0018468201023286307,-0.012747189097307397,,,-0.0018468201023286307,-0.012747189097307397
72,22,-0.0018468201023286307,-0.012747189097307397,-0.0018468201023286307,-0.012747189097307397,True,-0.0018468201023286307,-0.012747189097307397,,,-0.0018468201023286307,-0.012747189097307397,-0.0018468201023286307,-0.012747189097307397,,,-0.0018468201023286307,-0.012747189097307397
72,23,-0.0018468201023286307,0.019602851677454458,-0.0018468201023286307,-0.012747189097307397,True,-0.0018468201023286307,-0.012747189097307397,,,-0.0018468201023286307,-0.012747189097307397,-0.0018468201023286307,0.019602851677454458,,,-0.0018468201023286307,0.019602851677454458
72,24,-0.0018468201023286307,0.019602851677454458,-0.0018468201023286307,0.03770417130736779,True,-0.0018468201023286307,0.03770417130736779,,,-0.0018468201023286307,0.03770417130736779,-0.0018468201023286307,0.019602851677454458,,,-0.0018468201023286307,0.019602851677454458
72,25,-0.0018468201023286307,0.015647356615091253,-0.0018468201023286307,-0.012747189097307397,False,-0.0018468201023286307,0.015647356615091253,,,-0.0018468201023286307,0.015647356615091253,-0.0018468201023286307,-0.012747189097307397,,,-0.0018468201023286307,-0.012747189097307397
73,1,-0.0018468201023286307,-0.012747189097307397,-0.0018468201023286307,0.015647356615091253,True,-0.0018468201023286307,0.015647356615091253,,,-0.0018468201023286307,0.015647356615091253,-0.0018468201023286307,-0.012747189097307397,,,-0.0018468201023286307,-0.012747189097307397
73,2,-0.0018468201023286307,0.015647356615091253,-0.0018468201023286307,0.015647356615091253,False,-0.0018468201023286307,0.015647356615091253,,,-0.0018468201023286307,0.015647356615091253,-0.0018468201023286307,0.015647356615091253,,,-0.0018468201023286307,0.015647356615091253
73,3,-0.0018468201023286307,-0.012747189097307397,-0.0018468201023286307,0.015647356615091253,False,-0.0018468201023286307,-0.012747189097307397,,,-0.0018468201023286307,-0.012747189097307397,-0.0018468201023286307,0.015647356615091253,,,-0.0018468201023286307,0.015647356615091253
73,4,-0.0018468201023286307,0.019602851677454458,-0.0018468201023286307,0.019602851677454458,True,-0.0018468201023286307,0.019602851677454458,,,-0.0018468201023286307,0.019602851677454458,-0.0018468201023286307,0.019602851677454458,,,-0.0018468201023286307,0.019602851677454458
73,5,-0.0018468201023286307,0.015647356615091253,-0.0018468201023286307,0.015647356615091253,True,-0.0018468201023286307,0.015647356615091253,,,-0.0018468201023286307,0.015647356615091253,-0.0018468201023286307,0.015647356615091253,,,-0.0018468201023286307,0.015647356615091253
73,6,-0.0018468201023286307,0.019602851677454458,-0.0018468201023286307,0.015647356615091253,True,-0.0018468201023286307,0.015647356615091253,,,-0.0018468201023286307,0.015647356615091253,-0.0018468201023286307,0.019602851677454458,,,-0.0018468201023286307,0.019602851677454458
73,7,-0.0018468201023286307,0.015647356615091253,-0.0018468201023286307,0.015647356615091253,True,-0.0018468201023286307,0.015647356615091253,,,-0.0018468201023286307,0.015647356615091253,-0.0018468201023286307,0.015647356615091253,,,-0.0018468201023286307,0.015647356615091253
73,8,-0.0018468201023286307,0.019602851677454458,-0.0018468201023286307,0.015647356615091253,True,-0.0018468201023286307,0.015647356615091253,,,-0.0018468201023286307,0.015647356615091253,-0.0018468201023286307,0.019602851677454458,,,-0.0018468201023286307,0.019602851677454458
73,9,-0.0018468201023286307,0.03770417130736779,-0.0018468201023286307,-0.012747189097307397,True,-0.0018468201023286307,-0.012747189097307397,,,-0.0018468201023286307,-0.012747189097307397,-0.0018468201023286307,0.03770417130736779,,,-0.0018468201023286307,0.03770417130736779
73,10,-0.0018468201023286307,0.015647356615091253,-0.0018468201023286307,0.019602851677454458,True,-0.0018468201023286307,0.019602851677454458,,,-0.0018468201023286307,0.019602851677454458,-0.0018468201023286307,0.015647356615091253,,,-0.0018468201023286307,0.015647356615091253
73,11,-0.0018468201023286307,0.019602851677454458,-0.0018468201023286307,0.015647356615091253,True,-0.0018468201023286307,0.015647356615091253,,,-0.0018468201023286307,0.015647356615091253,-0.0018468201023286307,0.019602851677454458,,,-0.0018468201023286307,0.019602851677454458
73,12,-0.0018468201023286307,0.019602851677454458,-0.0018468201023286307,0.015647356615091253,True,-0.0018468201023286307,0.015647356615091253,,,-0.0018468201023286307,0.015647356615091253,-0.0018468201023286307,0.019602851677454458,,,-0.0018468201023286307,0.019602851677454458
73,13,-0.0018468201023286307,-0.012747189097307397,-0.0018468201023286307,0.015647356615091253,False,-0.0018468201023286307,-0.012747189097307397,,,-0.0018468201023286307,-0.012747189097307397,-0.0018468201023286307,0.015647356615091253,,,-0.0018468201023286307,0.015647356615091253
73,14,-0.0018468201023286307,0.019602851677454458,-0.0018468201023286307,-0.012747189097307397,True,-0.0018468201023286307,-0.012747189097307397,,,-0.0018468201023286307,-0.012747189097307397,-0.0018468201023286307,0.019602851677454458,,,-0.0018468201023286307,0.019602851677454458
73,15,-0.0018468201023286307,0.015647356615091253,-0.0018468201023286307,0.03770417130736779,True,-0.0018468201023286307,0.03770417130736779,,,-0.0018468201023286307,0.03770417130736779,-0.0018468201023286307,0.015647356615091253,,,-0.0018468201023286307,0.015647356615091253
73,16,-0.0018468201023286307,0.015647356615091253,-0.0018468201023286307,-0.012747189097307397,True,-0.0018468201023286307,-0.012747189097307397,,,-0.0018468201023286307,-0.012747189097307397,-0.0018468201023286307,0.015647356615091253,,,-0.0018468201023286307,0.015647356615091253
73,17,-0.0018468201023286307,0.03770417130736779,-0.0018468201023286307,0.019602851677454458,True,-0.0018468201023286307,0.019602851677454458,,,-0.0018468201023286307,0.019602851677454458,-0.0018468201023286307,0.03770417130736779,,,-0.0018468201023286307,0.03770417130736779
73,18,-0.0018468201023286307,0.03770417130736779,-0.0018468201023286307,-0.012747189097307397,True,-0.0018468201023286307,-0.012747189097307397,,,-0.0018468201023286307,-0.012747189097307397,-0.0018468201023286307,0.03770417130736779,,,-0.0018468201023286307,0.03770417130736779
73,19,-0.0018468201023286307,-0.012747189097307397,-0.0018468201023286307,0.019602851677454458,True,-0.0018468201023286307,0.019602851677454458,0.0,0.40385380135071736,0.40200698124838874,0.019602851677454458,-0.0018468201023286307,-0.012747189097307397,,,-0.0018468201023286307,-0.012747189097307397
73,20,-0.0018468201023286307,0.03770417130736779,-0.0018468201023286307,0.015647356615091253,True,-0.0018468201023286307,0.015647356615091253,,,-0.0018468201023286307,0.015647356615091253,-0.0018468201023286307,0.03770417130736779,,,-0.0018468201023286307,0.03770417130736779
73,21,-0.0018468201023286307,0.03770417130736779,-0.0018468201023286307,0.015647356615091253,False,-0.0018468201023286307,0.03770417130736779,,,-0.0018468201023286307,0.03770417130736779,-0.0018468201023286307,0.015647356615091253,,,-0.0018468201023286307,0.015647356615091253
73,22,-0.0018468201023286307,-0.012747189097307397,-0.0018468201023286307,0.015647356615091253,True,-0.0018468201023286307,0.015647356615091253,,,-0.0018468201023286307,0.015647356615091253,-0.0018468201023286307,-0.012747189097307397,,,-0.0018468201023286307,-0.012747189097307397
73,23,-0.0018468201023286307,0.015647356615091253,-0.0018468201023286307,0.03770417130736779,False,-0.0018468201023286307,0.015647356615091253,,,-0.0018468201023286307,0.015647356615091253,-0.0018468201023286307,0.03770417130736779,,,-0.0018468201023286307,0.03770417130736779
73,24,-0.0018468201023286307,-0.012747189097307397,-0.0018468201023286307,-0.012747189097307397,True,-0.0018468201023286307,-0.012747189097307397,,,-0.0018468201023286307,-0.012747189097307397,-0.0018468201023286307,-0.012747189097307397,,,-0.0018468201023286307,-0.012747189097307397
73,25,-0.0018468201023286307,0.019602851677454458,-0.0018468201023286307,0.015647356615091253,True,-0.0018468201023286307,0.015647356615091253,,,-0.0018468201023286307,0.015647356615091253,-0.0018468201023286307,0.019602851677454458,,,-0.0018468201023286307,0.019602851677454458
74,1,-0.0018468201023286307,0.015647356615091253,-0.0018468201023286307,0.015647356615091253,True,-0.0018468201023286307,0.015647356615091253,,,-0.0018468201023286307,0.015647356615091253,-0.0018468201023286307,0.015647356615091253,,,-0.0018468201023286307,0.015647356615091253
74,2,-0.0018468201023286307,0.015647356615091253,-0.0018468201023286307,0.015647356615091253,True,-0.0018468201023286307,0.015647356615091253,,,-0.0018468201023286307,0.015647356615091253,-0.0018468201023286307,0.015647356615091253,,,-0.0018468201023286307,0.015647356615091253
74,3,-0.0018468201023286307,0.03770417130736779,-0.0018468201023286307,0.03770417130736779,True,-0.0018468201023286307,0.03770417130736779,,,-0.0018468201023286307,0.03770417130736779,-0.0018468201023286307,0.03770417130736779,,,-0.0018468201023286307,0.03770417130736779
74,4,-0.0018468201023286307,0.03770417130736779,-0.0018468201023286307,0.015647356615091253,True,-0.0018468201023286307,0.015647356615091253,,,-0.0018468201023286307,0.015647356615091253,-0.0018468201023286307,0.03770417130736779,,,-0.0018468201023286307,0.03770417130736779
74,5,-0.0018468201023286307,0.015647356615091253,-0.0018468201023286307,0.015647356615091253,True,-0.0018468201023286307,0.015647356615091253,,,-0.0018468201023286307,0.015647356615091253,-0.0018468201023286307,0.015647356615091253,,,-0.0018468201023286307,0.015647356615091253
74,6,-0.0018468201023286307,0.015647356615091253,-0.0018468201023286307,0.015647356615091253,False,-0.0018468201023286307,0.015647356615091253,,,-0.0018468201023286307,0.015647356615091253,-0.0018468201023286307,0.015647356615091253,,,-0.0018468201023286307,0.015647356615091253
74,7,-0.0018468201023286307,0.015647356615091253,-0.0018468201023286307,0.019602851677454458,True,-0.0018468201023286307,0.019602851677454458,,,-0.0018468201023286307,0.019602851677454458,-0.0018468201023286307,0.015647356615091253,,,-0.0018468201023286307,0.015647356615091253
74,8,-0.0018468201023286307,0.03770417130736779,-0.0018468201023286307,0.03770417130736779,True,-0.0018468201023286307,0.03770417130736779,,,-0.0018468201023286307,0.03770417130736779,-0.0018468201023286307,0.03770417130736779,,,-0.0018468201023286307,0.03770417130736779
74,9,-0.0018468201023286307,0.015647356615091253,-0.0018468201023286307,0.015647356615091253,True,-0.0018468201023286307,0.015647356615091253,,,-0.0018468201023286307,0.015647356615091253,-0.0018468201023286307,0.015647356615091253,,,-0.0018468201023286307,0.015647356615091253
74,10,-0.0018468201023286307,0.03770417130736779,-0.0018468201023286307,-0.012747189097307397,True,-0.0018468201023286307,-0.012747189097307397,,,-0.0018468201023286307,-0.012747189097307397,-0.0018468201023286307,0.03770417130736779,,,-0.0018468201023286307,0.03770417130736779
74,11,-0.0018468201023286307,-0.012747189097307397,-0.0018468201023286307,0.015647356615091253,True,-0.0018468201023286307,0.015647356615091253,,,-0.0018468201023286307,0.015647356615091253,-0.0018468201023286307,-0.012747189097307397,,,-0.0018468201023286307,-0.012747189097307397
74,12,-0.0018468201023286307,0.015647356615091253,-0.0018468201023286307,-0.012747189097307397,True,-0.0018468201023286307,-0.012747189097307397,,,-0.0018468201023286307,-0.012747189097307397,-0.0018468201023286307,0.015647356615091253,,,-0.0018468201023286307,0.015647356615091253
74,13,-0.0018468201023286307,0.015647356615091253,-0.0018468201023286307,-0.012747189097307397,False,-0.0018468201023286307,0.015647356615091253,,,-0.0018468201023286307,0.015647356615091253,-0.0018468201023286307,-0.012747189097307397,,,-0.0018468201023286307,-0.012747189097307397
74,14,-0.0018468201023286307,-0.012747189097307397,-0.0018468201023286307,0.015647356615091253,True,-0.0018468201023286307,0.015647356615091253,,,-0.0018468201023286307,0.015647356615091253,-0.0018468201023286307,-0.012747189097307397,,,-0.0018468201023286307,-0.012747189097307397
74,15,-0.0018468201023286307,0.015647356615091253,-0.0018468201023286307,-0.012747189097307397,True,-0.0018468201023286307,-0.012747189097307397,,,-0.0018468201023286307,-0.012747189097307397,-0.0018468201023286307,0.015647356615091253,,,-0.0018468201023286307,0.015647356615091253
74,16,-0.0018468201023286307,0.019602851677454458,-0.0018468201023286307,-0.012747189097307397,True,-0.0018468201023286307,-0.012747189097307397,,,-0.0018468201023286307,-0.012747189097307397,-0.0018468201023286307,0.019602851677454458,,,-0.0018468201023286307,0.019602851677454458
74,17,-0.0018468201023286307,0.019602851677454458,-0.0018468201023286307,0.015647356615091253,True,-0.0018468201023286307,0.015647356615091253,,,-0.0018468201023286307,0.015647356615091253,-0.0018468201023286307,0.019602851677454458,,,-0.0018468201023286307,0.019602851677454458
74,18,-0.0018468201023286307,0.019602851677454458,-0.0018468201023286307,-0.012747189097307397,False,-0.0018468201023286307,0.019602851677454458,,,-0.0018468201023286307,0.019602851677454458,-0.0018468201023286307,-0.012747189097307397,,,-0.0018468201023286307,-0.012747189097307397
74,19,-0.0018468201023286307,0.015647356615091253,-0.0018468201023286307,-0.012747189097307397,True,-0.0018468201023286307,-0.012747189097307397,,,-0.0018468201023286307,-0.012747189097307397,-0.0018468201023286307,0.015647356615091253,,,-0.0018468201023286307,0.015647356615091253
74,20,-0.0018468201023286307,0.015647356615091253,-0.0018468201023286307,-0.012747189097307397,True,-0.0018468201023286307,-0.012747189097307397,,,-0.0018468201023286307,-0.012747189097307397,-0.0018468201023286307,0.015647356615091253,,,-0.0018468201023286307,0.015647356615091253
74,21,-0.0018468201023286307,0.03770417130736779,-0.0018468201023286307,0.015647356615091253,True,-0.0018468201023286307,0.015647356615091253,,,-0.0018468201023286307,0.015647356615091253,-0.0018468201023286307,0.03770417130736779,,,-0.0018468201023286307,0.03770417130736779
74,22,-0.0018468201023286307,0.03770417130736779,-0.0018468201023286307,0.019602851677454458,True,-0.0018468201023286307,0.019602851677454458,,,-0.0018468201023286307,0.019602851677454458,-0.0018468201023286307,0.03770417130736779,,,-0.0018468201023286307,0.03770417130736779
74,23,-0.0018468201023286307,0.015647356615091253,-0.0018468201023286307,-0.012747189097307397,True,-0.0018468201023286307,-0.012747189097307397,,,-0.0018468201023286307,-0.012747189097307397,-0.0018468201023286307,0.015647356615091253,,,-0.0018468201023286307,0.015647356615091253
74,24,-0.0018468201023286307,-0.012747189097307397,-0.0018468201023286307,0.019602851677454458,False,-0.0018468201023286307,-0.012747189097307397,,,-0.0018468201023286307,-0.012747189097307397,-0.0018468201023286307,0.019602851677454458,,,-0.0018468201023286307,0.019602851677454458
74,25,-0.0018468201023286307,0.019602851677454458,-0.0018468201023286307,-0.012747189097307397,True,-0.0018468201023286307,-0.012747189097307397,,,-0.0018468201023286307,-0.012747189097307397,-0.0018468201023286307,0.019602851677454458,,,-0.0018468201023286307,0.019602851677454458
75,1,-0.0018468201023286307,0.015647356615091253,-0.0018468201023286307,0.019602851677454458,True,-0.0018468201023286307,0.019602851677454458,,,-0.0018468201023286307,0.019602851677454458,-0.0018468201023286307,0.015647356615091253,,,-0.0018468201023286307,0.015647356615091253
75,2,-0.0018468201023286307,-0.012747189097307397,-0.0018468201023286307,0.015647356615091253,False,-0.0018468201023286307,-0.012747189097307397,,,-0.0018468201023286307,-0.012747189097307397,-0.0018468201023286307,0.015647356615091253,,,-0.0018468201023286307,0.015647356615091253
75,3,-0.0018468201023286307,0.015647356615091253,-0.0018468201023286307,-0.012747189097307397,False,-0.0018468201023286307,0.015647356615091253,,,-0.0018468201023286307,0.015647356615091253,-0.0018468201023286307,-0.012747189097307397,,,-0.0018468201023286307,-0.012747189097307397
75,4,-0.0018468201023286307,0.015647356615091253,-0.0018468201023286307,0.015647356615091253,True,-0.0018468201023286307,0.015647356615091253,,,-0.0018468201023286307,0.015647356615091253,-0.0018468201023286307,0.015647356615091253,,,-0.0018468201023286307,0.015647356615091253
75,5,-0.0018468201023286307,0.015647356615091253,-0.0018468201023286307,0.015647356615091253,True,-0.0018468201023286307,0.015647356615091253,,,-0.0018468201023286307,0.015647356615091253,-0.0018468201023286307,0.015647356615091253,,,-0.0018468201023286307,0.015647356615091253
75,6,-0.0018468201023286307,0.015647356615091253,-0.0018468201023286307,0.015647356615091253,True,-0.0018468201023286307,0.015647356615091253,,,-0.0018468201023286307,0.015647356615091253,-0.0018468201023286307,0.015647356615091253,,,-0.0018468201023286307,0.015647356615091253
75,7,-0.0018468201023286307,-0.012747189097307397,-0.0018468201023286307,0.015647356615091253,True,-0.0018468201023286307,0.015647356615091253,,,-0.0018468201023286307,0.015647356615091253,-0.0018468201023286307,-0.012747189097307397,,,-0.0018468201023286307,-0.012747189097307397
75,8,-0.0018468201023286307,0.015647356615091253,-0.0018468201023286307,0.019602851677454458,False,-0.0018468201023286307,0.015647356615091253,,,-0.0018468201023286307,0.015647356615091253,-0.0018468201023286307,0.019602851677454458,,,-0.0018468201023286307,0.019602851677454458
75,9,-0.0018468201023286307,-0.012747189097307397,-0.0018468201023286307,0.019602851677454458,False,-0.0018468201023286307,-0.012747189097307397,,,-0.0018468201023286307,-0.012747189097307397,-0.0018468201023286307,0.019602851677454458,,,-0.0018468201023286307,0.019602851677454458
75,10,-0.0018468201023286307,-0.012747189097307397,-0.0018468201023286307,0.015647356615091253,True,-0.0018468201023286307,0.015647356615091253,,,-0.0018468201023286307,0.015647356615091253,-0.0018468201023286307,-0.012747189097307397,,,-0.0018468201023286307,-0.012747189097307397
75,11,-0.0018468201023286307,0.015647356615091253,-0.0018468201023286307,-0.012747189097307397,False,-0.0018468201023286307,0.015647356615091253,,,-0.0018468201023286307,0.015647356615091253,-0.0018468201023286307,-0.012747189097307397,,,-0.0018468201023286307,-0.012747189097307397
75,12,-0.0018468201023286307,-0.012747189097307397,-0.0018468201023286307,0.015647356615091253,False,-0.0018468201023286307,-0.012747189097307397,,,-0.0018468201023286307,-0.012747189097307397,-0.0018468201023286307,0.015647356615091253,,,-0.0018468201023286307,0.015647356615091253
75,13,-0.0018468201023286307,0.015647356615091253,-0.0018468201023286307,-0.012747189097307397,True,-0.0018468201023286307,-0.012747189097307397,,,-0.0018468201023286307,-0.012747189097307397,-0.0018468201023286307,0.015647356615091253,,,-0.0018468201023286307,0.015647356615091253
75,14,-0.0018468201023286307,0.015647356615091253,-0.0018468201023286307,0.015647356615091253,True,-0.0018468201023286307,0.015647356615091253,,,-0.0018468201023286307,0.015647356615091253,-0.0018468201023286307,0.015647356615091253,,,-0.0018468201023286307,0.015647356615091253
75,15,-0.0018468201023286307,-0.012747189097307397,-0.0018468201023286307,-0.012747189097307397,False,-0.0018468201023286307,-0.012747189097307397,,,-0.0018468201023286307,-0.012747189097307397,-0.0018468201023286307,-0.012747189097307397,,,-0.0018468201023286307,-0.012747189097307397
75,16,-0.0018468201023286307,-0.012747189097307397,-0.0018468201023286307,0.015647356615091253,False,-0.0018468201023286307,-0.012747189097307397,,,-0.0018468201023286307,-0.012747189097307397,-0.0018468201023286307,0.015647356615091253,,,-0.0018468201023286307,0.015647356615091253
75,17,-0.0018468201023286307,0.015647356615091253,-0.0018468201023286307,0.015647356615091253,False,-0.0018468201023286307,0.015647356615091253,,,-0.0018468201023286307,0.015647356615091253,-0.0018468201023286307,0.015647356615091253,1.0,0.05474956278047338,-0.0018468201023286307,0.07039691939556464
75,18,-0.0018468201023286307,-0.012747189097307397,-0.0018468201023286307,0.015647356615091253,True,-0.0018468201023286307,0.015647356615091253,,,-0.0018468201023286307,0.015647356615091253,-0.0018468201023286307,-0.012747189097307397,,,-0.0018468201023286307,-0.012747189097307397
75,19,-0.0018468201023286307,0.015647356615091253,-0.0018468201023286307,0.015647356615091253,True,-0.0018468201023286307,0.015647356615091253,,,-0.0018468201023286307,0.015647356615091253,-0.0018468201023286307,0.015647356615091253,,,-0.0018468201023286307,0.015647356615091253
75,20,-0.0018468201023286307,-0.012747189097307397,-0.0018468201023286307,0.015647356615091253,False,-0.0018468201023286307,-0.012747189097307397,,,-0.0018468201023286307,-0.012747189097307397,-0.0018468201023286307,0.015647356615091253,,,-0.0018468201023286307,0.015647356615091253
75,21,-0.0018468201023286307,0.019602851677454458,-0.0018468201023286307,-0.012747189097307397,True,-0.0018468201023286307,-0.012747189097307397,,,-0.0018468201023286307,-0.012747189097307397,-0.0018468201023286307,0.019602851677454458,0.0,-0.22776006193832427,-0.22960688204065288,0.019602851677454458
75,22,-0.0018468201023286307,0.015647356615091253,-0.0018468201023286307,0.015647356615091253,True,-0.0018468201023286307,0.015647356615091253,,,-0.0018468201023286307,0.015647356615091253,-0.0018468201023286307,0.015647356615091253,,,-0.0018468201023286307,0.015647356615091253
75,23,-0.0018468201023286307,0.015647356615091253,-0.0018468201023286307,0.015647356615091253,True,-0.0018468201023286307,0.015647356615091253,,,-0.0018468201023286307,0.015647356615091253,-0.0018468201023286307,0.015647356615091253,,,-0.0018468201023286307,0.015647356615091253
75,24,-0.0018468201023286307,0.015647356615091253,-0.0018468201023286307,-0.012747189097307397,False,-0.0018468201023286307,0.015647356615091253,,,-0.0018468201023286307,0.015647356615091253,-0.0018468201023286307,-0.012747189097307397,,,-0.0018468201023286307,-0.012747189097307397
75,25,-0.0018468201023286307,-0.012747189097307397,-0.0018468201023286307,0.015647356615091253,True,-0.0018468201023286307,0.015647356615091253,,,-0.0018468201023286307,0.015647356615091253,-0.0018468201023286307,-0.012747189097307397,,,-0.0018468201023286307,-0.012747189097307397
76,1,-0.0018468201023286307,-0.012747189097307397,-0.0018468201023286307,-0.012747189097307397,False,-0.0018468201023286307,-0.012747189097307397,0.0,0.20202792406004794,0.20018110395771932,-0.012747189097307397,-0.0018468201023286307,-0.012747189097307397,,,-0.0018468201023286307,-0.012747189097307397
76,2,-0.0018468201023286307,0.015647356615091253,-0.0018468201023286307,-0.012747189097307397,True,-0.0018468201023286307,-0.012747189097307397,,,-0.0018468201023286307,-0.012747189097307397,-0.0018468201023286307,0.015647356615091253,,,-0.0018468201023286307,0.015647356615091253
76,3,-0.0018468201023286307,0.015647356615091253,-0.0018468201023286307,0.015647356615091253,True,-0.0018468201023286307,0.015647356615091253,,,-0.0018468201023286307,0.015647356615091253,-0.0018468201023286307,0.015647356615091253,,,-0.0018468201023286307,0.015647356615091253
76,4,-0.0018468201023286307,-0.012747189097307397,-0.0018468201023286307,-0.012747189097307397,True,-0.0018468201023286307,-0.012747189097307397,,,-0.0018468201023286307,-0.012747189097307397,-0.0018468201023286307,-0.012747189097307397,,,-0.0018468201023286307,-0.012747189097307397
76,5,-0.0018468201023286307,-0.012747189097307397,-0.0018468201023286307,0.015647356615091253,True,-0.0018468201023286307,0.015647356615091253,,,-0.0018468201023286307,0.015647356615091253,-0.0018468201023286307,-0.012747189097307397,,,-0.0018468201023286307,-0.012747189097307397
76,6,-0.0018468201023286307,0.015647356615091253,-0.0018468201023286307,-0.012747189097307397,True,-0.0018468201023286307,-0.012747189097307397,,,-0.0018468201023286307,-0.012747189097307397,-0.0018468201023286307,0.015647356615091253,,,-0.0018468201023286307,0.015647356615091253
76,7,-0.0018468201023286307,-0.012747189097307397,-0.0018468201023286307,-0.012747189097307397,True,-0.0018468201023286307,-0.012747189097307397,1.0,0.46125411974903285,-0.0018468201023286307,0.4485069306517255,-0.0018468201023286307,-0.012747189097307397,,,-0.0018468201023286307,-0.012747189097307397
76,8,-0.0018468201023286307,-0.012747189097307397,-0.0018468201023286307,-0.012747189097307397,True,-0.0018468201023286307,-0.012747189097307397,,,-0.0018468201023286307,-0.012747189097307397,-0.0018468201023286307,-0.012747189097307397,1.0,-0.18404355464328312,-0.0018468201023286307,-0.19679074374059052
76,9,-0.0018468201023286307,0.015647356615091253,-0.0018468201023286307,-0.012747189097307397,False,-0.0018468201023286307,0.015647356615091253,,,-0.0018468201023286307,0.015647356615091253,-0.0018468201023286307,-0.012747189097307397,,,-0.0018468201023286307,-0.012747189097307397
76,10,-0.0018468201023286307,0.015647356615091253,-0.0018468201023286307,0.015647356615091253,True,-0.0018468201023286307,0.015647356615091253,,,-0.0018468201023286307,0.015647356615091253,-0.0018468201023286307,0.015647356615091253,,,-0.0018468201023286307,0.015647356615091253
76,11,-0.0018468201023286307,-0.012747189097307397,-0.0018468201023286307,0.019602851677454458,True,-0.0018468201023286307,0.019602851677454458,1.0,-0.01464390456531872,-0.0018468201023286307,0.004958947112135738,-0.0018468201023286307,-0.012747189097307397,,,-0.0018468201023286307,-0.012747189097307397
76,12,-0.0018468201023286307,0.015647356615091253,-0.0018468201023286307,0.015647356615091253,False,-0.0018468201023286307,0.015647356615091253,,,-0.0018468201023286307,0.015647356615091253,-0.0018468201023286307,0.015647356615091253,,,-0.0018468201023286307,0.015647356615091253
76,13,-0.0018468201023286307,0.015647356615091253,-0.0018468201023286307,-0.012747189097307397,False,-0.0018468201023286307,0.015647356615091253,,,-0.0018468201023286307,0.015647356615091253,-0.0018468201023286307,-0.012747189097307397,,,-0.0018468201023286307,-0.012747189097307397
76,14,-0.0018468201023286307,0.015647356615091253,-0.0018468201023286307,0.015647356615091253,True,-0.0018468201023286307,0.015647356615091253,,,-0.0018468201023286307,0.015647356615091253,-0.0018468201023286307,0.015647356615091253,,,-0.0018468201023286307,0.015647356615091253
76,15,-0.0018468201023286307,0.015647356615091253,-0.0018468201023286307,-0.012747189097307397,True,-0.0018468201023286307,-0.012747189097307397,,,-0.0018468201023286307,-0.012747189097307397,-0.0018468201023286307,0.015647356615091253,,,-0.0018468201023286307,0.015647356615091253
76,16,-0.0018468201023286307,0.019602851677454458,-0.0018468201023286307,0.015647356615091253,True,-0.0018468201023286307,0.015647356615091253,,,-0.0018468201023286307,0.015647356615091253,-0.0018468201023286307,0.019602851677454458,,,-0.0018468201023286307,0.019602851677454458
76,17,-0.0018468201023286307,-0.012747189097307397,-0.0018468201023286307,0.015647356615091253,False,-0.0018468201023286307,-0.012747189097307397,,,-0.0018468201023286307,-0.012747189097307397,-0.0018468201023286307,0.015647356615091253,,,-0.0018468201023286307,0.015647356615091253
76,18,-0.0018468201023286307,-0.012747189097307397,-0.0018468201023286307,-0.012747189097307397,True,-0.0018468201023286307,-0.012747189097307397,,,-0.0018468201023286307,-0.012747189097307397,-0.0018468201023286307,-0.012747189097307397,,,-0.0018468201023286307,-0.012747189097307397
76,19,-0.0018468201023286307,-0.012747189097307397,-0.0018468201023286307,-0.012747189097307397,True,-0.0018468201023286307,-0.012747189097307397,,,-0.0018468201023286307,-0.012747189097307397,-0.0018468201023286307,-0.012747189097307397,,,-0.0018468201023286307,-0.012747189097307397
76,20,-0.0018468201023286307,0.015647356615091253,-0.0018468201023286307,-0.012747189097307397,True,-0.0018468201023286307,-0.012747189097307397,,,-0.0018468201023286307,-0.012747189097307397,-0.0018468201023286307,0.015647356615091253,,,-0.0018468201023286307,0.015647356615091253
76,21,-0.0018468201023286307,-0.012747189097307397,-0.0018468201023286307,0.015647356615091253,True,-0.0018468201023286307,0.015647356615091253,,,-0.0018468201023286307,0.015647356615091253,-0.0018468201023286307,-0.012747189097307397,,,-0.0018468201023286307,-0.012747189097307397
76,22,-0.0018468201023286307,0.019602851677454458,-0.0018468201023286307,-0.012747189097307397,False,-0.0018468201023286307,0.019602851677454458,,,-0.0018468201023286307,0.019602851677454458,-0.0018468201023286307,-0.012747189097307397,,,-0.0018468201023286307,-0.012747189097307397
76,23,-0.0018468201023286307,-0.012747189097307397,-0.0018468201023286307,0.015647356615091253,False,-0.0018468201023286307,-0.012747189097307397,,,-0.0018468201023286307,-0.012747189097307397,-0.0018468201023286307,0.015647356615091253,,,-0.0018468201023286307,0.015647356615091253
76,24,-0.0018468201023286307,0.015647356615091253,-0.0018468201023286307,-0.012747189097307397,True,-0.0018468201023286307,-0.012747189097307397,,,-0.0018468201023286307,-0.012747189097307397,-0.0018468201023286307,0.015647356615091253,,,-0.0018468201023286307,0.015647356615091253
76,25,-0.0018468201023286307,-0.012747189097307397,-0.0018468201023286307,0.015647356615091253,True,-0.0018468201023286307,0.015647356615091253,,,-0.0018468201023286307,0.015647356615091253,-0.0018468201023286307,-0.012747189097307397,0.0,0.6198891543035173,0.6180423342011887,-0.012747189097307397
77,1,-0.0018468201023286307,0.015647356615091253,-0.0018468201023286307,0.004958947112135738,False,-0.0018468201023286307,0.015647356615091253,,,-0.0018468201023286307,0.015647356615091253,-0.0018468201023286307,0.004958947112135738,,,-0.0018468201023286307,0.004958947112135738
77,2,-0.0018468201023286307,0.015647356615091253,-0.0018468201023286307,0.015647356615091253,True,-0.0018468201023286307,0.015647356615091253,,,-0.0018468201023286307,0.015647356615091253,-0.0018468201023286307,0.015647356615091253,,,-0.0018468201023286307,0.015647356615091253
77,3,-0.0018468201023286307,-0.012747189097307397,-0.0018468201023286307,0.015647356615091253,True,-0.0018468201023286307,0.015647356615091253,,,-0.0018468201023286307,0.015647356615091253,-0.0018468201023286307,-0.012747189097307397,,,-0.0018468201023286307,-0.012747189097307397
77,4,-0.0018468201023286307,0.015647356615091253,-0.0018468201023286307,0.015647356615091253,True,-0.0018468201023286307,0.015647356615091253,,,-0.0018468201023286307,0.015647356615091253,-0.0018468201023286307,0.015647356615091253,,,-0.0018468201023286307,0.015647356615091253
77,5,-0.0018468201023286307,0.015647356615091253,-0.0018468201023286307,0.015647356615091253,True,-0.0018468201023286307,0.015647356615091253,,,-0.0018468201023286307,0.015647356615091253,-0.0018468201023286307,0.015647356615091253,,,-0.0018468201023286307,0.015647356615091253
77,6,-0.0018468201023286307,0.015647356615091253,-0.0018468201023286307,-0.012747189097307397,True,-0.0018468201023286307,-0.012747189097307397,,,-0.0018468201023286307,-0.012747189097307397,-0.0018468201023286307,0.015647356615091253,,,-0.0018468201023286307,0.015647356615091253
77,7,-0.0018468201023286307,0.015647356615091253,-0.0018468201023286307,0.015647356615091253,True,-0.0018468201023286307,0.015647356615091253,,,-0.0018468201023286307,0.015647356615091253,-0.0018468201023286307,0.015647356615091253,,,-0.0018468201023286307,0.015647356615091253
77,8,-0.0018468201023286307,0.015647356615091253,-0.0018468201023286307,-0.012747189097307397,True,-0.0018468201023286307,-0.012747189097307397,,,-0.0018468201023286307,-0.012747189097307397,-0.0018468201023286307,0.015647356615091253,,,-0.0018468201023286307,0.015647356615091253
77,9,-0.0018468201023286307,0.015647356615091253,-0.0018468201023286307,-0.012747189097307397,True,-0.0018468201023286307,-0.012747189097307397,,,-0.0018468201023286307,-0.012747189097307397,-0.0018468201023286307,0.015647356615091253,,,-0.0018468201023286307,0.015647356615091253
77,10,-0.0018468201023286307,-0.012747189097307397,-0.0018468201023286307,-0.012747189097307397,True,-0.0018468201023286307,-0.012747189097307397,,,-0.0018468201023286307,-0.012747189097307397,-0.0018468201023286307,-0.012747189097307397,,,-0.0018468201023286307,-0.012747189097307397
77,11,-0.0018468201023286307,-0.012747189097307397,-0.0018468201023286307,0.015647356615091253,True,-0.0018468201023286307,0.015647356615091253,,,-0.0018468201023286307,0.015647356615091253,-0.0018468201023286307,-0.012747189097307397,1.0,0.41969835854995563,-0.0018468201023286307,0.40695116945264825
77,12,-0.0018468201023286307,-0.012747189097307397,-0.0018468201023286307,0.015647356615091253,True,-0.0018468201023286307,0.015647356615091253,1.0,-0.41090344995730116,-0.0018468201023286307,-0.3952560933422099,-0.0018468201023286307,-0.012747189097307397,,,-0.0018468201023286307,-0.012747189097307397
77,13,-0.0018468201023286307,0.015647356615091253,-0.0018468201023286307,-0.012747189097307397,True,-0.0018468201023286307,-0.012747189097307397,,,-0.0018468201023286307,-0.012747189097307397,-0.0018468201023286307,0.015647356615091253,,,-0.0018468201023286307,0.015647356615091253
77,14,-0.0018468201023286307,-0.012747189097307397,-0.0018468201023286307,-0.012747189097307397,True,-0.0018468201023286307,-0.012747189097307397,,,-0.0018468201023286307,-0.012747189097307397,-0.0018468201023286307,-0.012747189097307397,,,-0.0018468201023286307,-0.012747189097307397
77,15,-0.0018468201023286307,0.004958947112135738,-0.0018468201023286307,0.004958947112135738,True,-0.0018468201023286307,0.004958947112135738,,,-0.0018468201023286307,0.004958947112135738,-0.0018468201023286307,0.004958947112135738,,,-0.0018468201023286307,0.004958947112135738
77,16,-0.0018468201023286307,0.015647356615091253,-0.0018468201023286307,0.015647356615091253,True,-0.0018468201023286307,0.015647356615091253,,,-0.0018468201023286307,0.015647356615091253,-0.0018468201023286307,0.015647356615091253,,,-0.0018468201023286307,0.015647356615091253
77,17,-0.0018468201023286307,0.015647356615091253,-0.0018468201023286307,-0.012747189097307397,True,-0.0018468201023286307,-0.012747189097307397,,,-0.0018468201023286307,-0.012747189097307397,-0.0018468201023286307,0.015647356615091253,,,-0.0018468201023286307,0.015647356615091253
77,18,-0.0018468201023286307,-0.012747189097307397,-0.0018468201023286307,-0.012747189097307397,True,-0.0018468201023286307,-0.012747189097307397,,,-0.0018468201023286307,-0.012747189097307397,-0.0018468201023286307,-0.012747189097307397,,,-0.0018468201023286307,-0.012747189097307397
77,19,-0.0018468201023286307,0.015647356615091253,-0.0018468201023286307,0.019602851677454458,False,-0.0018468201023286307,0.015647356615091253,,,-0.0018468201023286307,0.015647356615091253,-0.0018468201023286307,0.019602851677454458,,,-0.0018468201023286307,0.019602851677454458
77,20,-0.0018468201023286307,-0.012747189097307397,-0.0018468201023286307,-0.012747189097307397,True,-0.0018468201023286307,-0.012747189097307397,,,-0.0018468201023286307,-0.012747189097307397,-0.0018468201023286307,-0.012747189097307397,,,-0.0018468201023286307,-0.012747189097307397
77,21,-0.0018468201023286307,-0.012747189097307397,-0.0018468201023286307,-0.012747189097307397,True,-0.0018468201023286307,-0.012747189097307397,,,-0.0018468201023286307,-0.012747189097307397,-0.0018468201023286307,-0.012747189097307397,,,-0.0018468201023286307,-0.012747189097307397
77,22,-0.0018468201023286307,-0.012747189097307397,-0.0018468201023286307,0.015647356615091253,True,-0.0018468201023286307,0.015647356615091253,,,-0.0018468201023286307,0.015647356615091253,-0.0018468201023286307,-0.012747189097307397,1.0,0.26063796522704424,-0.0018468201023286307,0.24789077612973684
77,23,-0.0018468201023286307,-0.012747189097307397,-0.0018468201023286307,-0.012747189097307397,False,-0.0018468201023286307,-0.012747189097307397,,,-0.0018468201023286307,-0.012747189097307397,-0.0018468201023286307,-0.012747189097307397,,,-0.0018468201023286307,-0.012747189097307397
77,24,-0.0018468201023286307,0.015647356615091253,-0.0018468201023286307,0.015647356615091253,True,-0.0018468201023286307,0.015647356615091253,,,-0.0018468201023286307,0.015647356615091253,-0.0018468201023286307,0.015647356615091253,,,-0.0018468201023286307,0.015647356615091253
77,25,-0.0018468201023286307,-0.012747189097307397,-0.0018468201023286307,0.015647356615091253,True,-0.0018468201023286307,0.015647356615091253,,,-0.0018468201023286307,0.015647356615091253,-0.0018468201023286307,-0.012747189097307397,,,-0.0018468201023286307,-0.012747189097307397
78,1,-0.0018468201023286307,-0.012747189097307397,-0.0018468201023286307,-0.012747189097307397,True,-0.0018468201023286307,-0.012747189097307397,,,-0.0018468201023286307,-0.012747189097307397,-0.0018468201023286307,-0.012747189097307397,,,-0.0018468201023286307,-0.012747189097307397
78,2,-0.0018468201023286307,-0.012747189097307397,-0.0018468201023286307,0.015647356615091253,True,-0.0018468201023286307,0.015647356615091253,,,-0.0018468201023286307,0.015647356615091253,-0.0018468201023286307,-0.012747189097307397,,,-0.0018468201023286307,-0.012747189097307397
78,3,-0.0018468201023286307,0.015647356615091253,-0.0018468201023286307,0.015647356615091253,True,-0.0018468201023286307,0.015647356615091253,,,-0.0018468201023286307,0.015647356615091253,-0.0018468201023286307,0.015647356615091253,,,-0.0018468201023286307,0.015647356615091253
78,4,-0.0018468201023286307,0.015647356615091253,-0.0018468201023286307,0.015647356615091253,True,-0.0018468201023286307,0.015647356615091253,,,-0.0018468201023286307,0.015647356615091253,-0.0018468201023286307,0.015647356615091253,,,-0.0018468201023286307,0.015647356615091253
78,5,-0.0018468201023286307,0.004958947112135738,-0.0018468201023286307,0.015647356615091253,True,-0.0018468201023286307,0.015647356615091253,,,-0.0018468201023286307,0.015647356615091253,-0.0018468201023286307,0.004958947112135738,,,-0.0018468201023286307,0.004958947112135738
78,6,-0.0018468201023286307,-0.012747189097307397,-0.0018468201023286307,0.015647356615091253,True,-0.0018468201023286307,0.015647356615091253,,,-0.0018468201023286307,0.015647356615091253,-0.0018468201023286307,-0.012747189097307397,,,-0.0018468201023286307,-0.012747189097307397
78,7,-0.0018468201023286307,0.004958947112135738,-0.0018468201023286307,0.004958947112135738,True,-0.0018468201023286307,0.004958947112135738,,,-0.0018468201023286307,0.004958947112135738,-0.0018468201023286307,0.004958947112135738,,,-0.0018468201023286307,0.004958947112135738
78,8,-0.0018468201023286307,-0.012747189097307397,-0.0018468201023286307,0.004958947112135738,True,-0.0018468201023286307,0.004958947112135738,,,-0.0018468201023286307,0.004958947112135738,-0.0018468201023286307,-0.012747189097307397,,,-0.0018468201023286307,-0.012747189097307397
78,9,-0.0018468201023286307,0.015647356615091253,-0.0018468201023286307,-0.012747189097307397,False,-0.0018468201023286307,0.015647356615091253,,,-0.0018468201023286307,0.015647356615091253,-0.0018468201023286307,-0.012747189097307397,,,-0.0018468201023286307,-0.012747189097307397
78,10,-0.0018468201023286307,0.015647356615091253,-0.0018468201023286307,-0.012747189097307397,False,-0.0018468201023286307,0.015647356615091253,,,-0.0018468201023286307,0.015647356615091253,-0.0018468201023286307,-0.012747189097307397,,,-0.0018468201023286307,-0.012747189097307397
78,11,-0.0018468201023286307,0.015647356615091253,-0.0018468201023286307,0.015647356615091253,True,-0.0018468201023286307,0.015647356615091253,,,-0.0018468201023286307,0.015647356615091253,-0.0018468201023286307,0.015647356615091253,,,-0.0018468201023286307,0.015647356615091253
78,12,-0.0018468201023286307,0.015647356615091253,-0.0018468201023286307,0.015647356615091253,True,-0.0018468201023286307,0.015647356615091253,,,-0.0018468201023286307,0.015647356615091253,-0.0018468201023286307,0.015647356615091253,,,-0.0018468201023286307,0.015647356615091253
78,13,-0.0018468201023286307,0.015647356615091253,-0.0018468201023286307,-0.012747189097307397,True,-0.0018468201023286307,-0.012747189097307397,,,-0.0018468201023286307,-0.012747189097307397,-0.0018468201023286307,0.015647356615091253,,,-0.0018468201023286307,0.015647356615091253
78,14,-0.0018468201023286307,0.015647356615091253,-0.0018468201023286307,0.015647356615091253,False,-0.0018468201023286307,0.015647356615091253,,,-0.0018468201023286307,0.015647356615091253,-0.0018468201023286307,0.015647356615091253,,,-0.0018468201023286307,0.015647356615091253
78,15,-0.0018468201023286307,0.015647356615091253,-0.0018468201023286307,-0.012747189097307397,True,-0.0018468201023286307,-0.012747189097307397,,,-0.0018468201023286307,-0.012747189097307397,-0.0018468201023286307,0.015647356615091253,,,-0.0018468201023286307,0.015647356615091253
78,16,-0.0018468201023286307,0.015647356615091253,-0.0018468201023286307,0.004958947112135738,False,-0.0018468201023286307,0.015647356615091253,,,-0.0018468201023286307,0.015647356615091253,-0.0018468201023286307,0.004958947112135738,,,-0.0018468201023286307,0.004958947112135738
78,17,-0.0018468201023286307,0.019602851677454458,-0.0018468201023286307,0.015647356615091253,False,-0.0018468201023286307,0.019602851677454458,,,-0.0018468201023286307,0.019602851677454458,-0.0018468201023286307,0.015647356615091253,,,-0.0018468201023286307,0.015647356615091253
78,18,-0.0018468201023286307,-0.012747189097307397,-0.0018468201023286307,-0.012747189097307397,False,-0.0018468201023286307,-0.012747189097307397,,,-0.0018468201023286307,-0.012747189097307397,-0.0018468201023286307,-0.012747189097307397,,,-0.0018468201023286307,-0.012747189097307397
78,19,-0.0018468201023286307,-0.012747189097307397,-0.0018468201023286307,-0.012747189097307397,True,-0.0018468201023286307,-0.012747189097307397,,,-0.0018468201023286307,-0.012747189097307397,-0.0018468201023286307,-0.012747189097307397,0.0,-0.11081995042547171,-0.11266677052780034,-0.012747189097307397
78,20,-0.0018468201023286307,0.015647356615091253,-0.0018468201023286307,-0.012747189097307397,True,-0.0018468201023286307,-0.012747189097307397,,,-0.0018468201023286307,-0.012747189097307397,-0.0018468201023286307,0.015647356615091253,,,-0.0018468201023286307,0.015647356615091253
78,21,-0.0018468201023286307,-0.012747189097307397,-0.0018468201023286307,-0.012747189097307397,True,-0.0018468201023286307,-0.012747189097307397,,,-0.0018468201023286307,-0.012747189097307397,-0.0018468201023286307,-0.012747189097307397,0.0,0.30396976686971977,0.30212294676739115,-0.012747189097307397
78,22,-0.0018468201023286307,-0.012747189097307397,-0.0018468201023286307,-0.012747189097307397,False,-0.0018468201023286307,-0.012747189097307397,,,-0.0018468201023286307,-0.012747189097307397,-0.0018468201023286307,-0.012747189097307397,,,-0.0018468201023286307,-0.012747189097307397
78,23,-0.0018468201023286307,0.015647356615091253,-0.0018468201023286307,0.015647356615091253,True,-0.0018468201023286307,0.015647356615091253,,,-0.0018468201023286307,0.015647356615091253,-0.0018468201023286307,0.015647356615091253,,,-0.0018468201023286307,0.015647356615091253
78,24,-0.0018468201023286307,-0.012747189097307397,-0.0018468201023286307,0.004958947112135738,True,-0.0018468201023286307,0.004958947112135738,,,-0.0018468201023286307,0.004958947112135738,-0.0018468201023286307,-0.012747189097307397,,,-0.0018468201023286307,-0.012747189097307397
78,25,-0.0018468201023286307,-0.012747189097307397,-0.0018468201023286307,0.015647356615091253,False,-0.0018468201023286307,-0.012747189097307397,0.0,0.2164134523967184,0.21456663229438977,-0.012747189097307397,-0.0018468201023286307,0.015647356615091253,,,-0.0018468201023286307,0.015647356615091253
79,1,-0.0018468201023286307,-0.012747189097307397,-0.0018468201023286307,0.015647356615091253,True,-0.0018468201023286307,0.015647356615091253,,,-0.0018468201023286307,0.015647356615091253,-0.0018468201023286307,-0.012747189097307397,,,-0.0018468201023286307,-0.012747189097307397
79,2,-0.0018468201023286307,-0.012747189097307397,-0.0018468201023286307,-0.012747189097307397,True,-0.0018468201023286307,-0.012747189097307397,,,-0.0018468201023286307,-0.012747189097307397,-0.0018468201023286307,-0.012747189097307397,,,-0.0018468201023286307,-0.012747189097307397
79,3,-0.0018468201023286307,0.004958947112135738,-0.0018468201023286307,0.015647356615091253,True,-0.0018468201023286307,0.015647356615091253,,,-0.0018468201023286307,0.015647356615091253,-0.0018468201023286307,0.004958947112135738,,,-0.0018468201023286307,0.004958947112135738
79,4,-0.0018468201023286307,0.015647356615091253,-0.0018468201023286307,0.015647356615091253,False,-0.0018468201023286307,0.015647356615091253,,,-0.0018468201023286307,0.015647356615091253,-0.0018468201023286307,0.015647356615091253,,,-0.0018468201023286307,0.015647356615091253
79,5,-0.0018468201023286307,0.015647356615091253,-0.0018468201023286307,-0.012747189097307397,False,-0.0018468201023286307,0.015647356615091253,,,-0.0018468201023286307,0.015647356615091253,-0.0018468201023286307,-0.012747189097307397,,,-0.0018468201023286307,-0.012747189097307397
79,6,-0.0018468201023286307,0.015647356615091253,-0.0018468201023286307,0.004958947112135738,True,-0.0018468201023286307,0.004958947112135738,,,-0.0018468201023286307,0.004958947112135738,-0.0018468201023286307,0.015647356615091253,,,-0.0018468201023286307,0.015647356615091253
79,7,-0.0018468201023286307,0.015647356615091253,-0.0018468201023286307,0.015647356615091253,True,-0.0018468201023286307,0.015647356615091253,0.0,-0.08273827671379624,-0.08458509681612487,0.015647356615091253,-0.0018468201023286307,0.015647356615091253,,,-0.0018468201023286307,0.015647356615091253
79,8,-0.0018468201023286307,0.015647356615091253,-0.0018468201023286307,-0.012747189097307397,True,-0.0018468201023286307,-0.012747189097307397,,,-0.0018468201023286307,-0.012747189097307397,-0.0018468201023286307,0.015647356615091253,,,-0.0018468201023286307,0.015647356615091253
79,9,-0.0018468201023286307,0.004958947112135738,-0.0018468201023286307,-0.012747189097307397,True,-0.0018468201023286307,-0.012747189097307397,0.0,0.3268319918074106,0.324985171705082,-0.012747189097307397,-0.0018468201023286307,0.004958947112135738,,,-0.0018468201023286307,0.004958947112135738
79,10,-0.0018468201023286307,0.015647356615091253,-0.0018468201023286307,0.015647356615091253,True,-0.0018468201023286307,0.015647356615091253,,,-0.0018468201023286307,0.015647356615091253,-0.0018468201023286307,0.015647356615091253,,,-0.0018468201023286307,0.015647356615091253
79,11,-0.0018468201023286307,-0.012747189097307397,-0.0018468201023286307,0.015647356615091253,True,-0.0018468201023286307,0.015647356615091253,,,-0.0018468201023286307,0.015647356615091253,-0.0018468201023286307,-0.012747189097307397,,,-0.0018468201023286307,-0.012747189097307397
79,12,-0.0018468201023286307,-0.012747189097307397,-0.0018468201023286307,-0.012747189097307397,True,-0.0018468201023286307,-0.012747189097307397,,,-0.0018468201023286307,-0.012747189097307397,-0.0018468201023286307,-0.012747189097307397,1.0,-0.5196378146157822,-0.0018468201023286307,-0.5323850037130896
79,13,-0.0018468201023286307,0.015647356615091253,-0.0018468201023286307,0.015647356615091253,True,-0.0018468201023286307,0.015647356615091253,0.0,0.45715206311478634,0.4553052430124577,0.015647356615091253,-0.0018468201023286307,0.015647356615091253,,,-0.0018468201023286307,0.015647356615091253
79,14,-0.0018468201023286307,0.015647356615091253,-0.0018468201023286307,0.015647356615091253,True,-0.0018468201023286307,0.015647356615091253,,,-0.0018468201023286307,0.015647356615091253,-0.0018468201023286307,0.015647356615091253,,,-0.0018468201023286307,0.015647356615091253
79,15,-0.0018468201023286307,0.015647356615091253,-0.0018468201023286307,0.004958947112135738,True,-0.0018468201023286307,0.004958947112135738,,,-0.0018468201023286307,0.004958947112135738,-0.0018468201023286307,0.015647356615091253,,,-0.0018468201023286307,0.015647356615091253
79,16,-0.0018468201023286307,0.015647356615091253,-0.0018468201023286307,-0.012747189097307397,True,-0.0018468201023286307,-0.012747189097307397,,,-0.0018468201023286307,-0.012747189097307397,-0.0018468201023286307,0.015647356615091253,,,-0.0018468201023286307,0.015647356615091253
79,17,-0.0018468201023286307,0.015647356615091253,-0.0018468201023286307,-0.012747189097307397,True,-0.0018468201023286307,-0.012747189097307397,,,-0.0018468201023286307,-0.012747189097307397,-0.0018468201023286307,0.015647356615091253,,,-0.0018468201023286307,0.015647356615091253
79,18,-0.0018468201023286307,0.004958947112135738,-0.0018468201023286307,-0.012747189097307397,True,-0.0018468201023286307,-0.012747189097307397,,,-0.0018468201023286307,-0.012747189097307397,-0.0018468201023286307,0.004958947112135738,,,-0.0018468201023286307,0.004958947112135738
79,19,-0.0018468201023286307,0.004958947112135738,-0.0018468201023286307,-0.012747189097307397,True,-0.0018468201023286307,-0.012747189097307397,,,-0.0018468201023286307,-0.012747189097307397,-0.0018468201023286307,0.004958947112135738,,,-0.0018468201023286307,0.004958947112135738
79,20,-0.11266677052780034,-0.012747189097307397,-0.0018468201023286307,0.015647356615091253,True,-0.11266677052780034,0.015647356615091253,,,-0.11266677052780034,0.015647356615091253,-0.0018468201023286307,-0.012747189097307397,,,-0.0018468201023286307,-0.012747189097307397
79,21,-0.0018468201023286307,0.015647356615091253,-0.0018468201023286307,-0.012747189097307397,True,-0.0018468201023286307,-0.012747189097307397,,,-0.0018468201023286307,-0.012747189097307397,-0.0018468201023286307,0.015647356615091253,,,-0.0018468201023286307,0.015647356615091253
79,22,-0.0018468201023286307,0.019602851677454458,-0.0018468201023286307,0.004958947112135738,True,-0.0018468201023286307,0.004958947112135738,,,-0.0018468201023286307,0.004958947112135738,-0.0018468201023286307,0.019602851677454458,,,-0.0018468201023286307,0.019602851677454458
79,23,-0.0018468201023286307,-0.012747189097307397,-0.0018468201023286307,-0.012747189097307397,True,-0.0018468201023286307,-0.012747189097307397,,,-0.0018468201023286307,-0.012747189097307397,-0.0018468201023286307,-0.012747189097307397,,,-0.0018468201023286307,-0.012747189097307397
79,24,-0.0018468201023286307,0.015647356615091253,-0.0018468201023286307,0.015647356615091253,True,-0.0018468201023286307,0.015647356615091253,,,-0.0018468201023286307,0.015647356615091253,-0.0018468201023286307,0.015647356615091253,,,-0.0018468201023286307,0.015647356615091253
79,25,-0.0018468201023286307,0.015647356615091253,-0.0018468201023286307,-0.012747189097307397,True,-0.0018468201023286307,-0.012747189097307397,,,-0.0018468201023286307,-0.012747189097307397,-0.0018468201023286307,0.015647356615091253,,,-0.0018468201023286307,0.015647356615091253
80,1,-0.0018468201023286307,0.015647356615091253,-0.0018468201023286307,-0.012747189097307397,False,-0.0018468201023286307,0.015647356615091253,,,-0.0018468201023286307,0.015647356615091253,-0.0018468201023286307,-0.012747189097307397,,,-0.0018468201023286307,-0.012747189097307397
80,2,-0.0018468201023286307,0.015647356615091253,-0.0018468201023286307,0.015647356615091253,True,-0.0018468201023286307,0.015647356615091253,,,-0.0018468201023286307,0.015647356615091253,-0.0018468201023286307,0.015647356615091253,,,-0.0018468201023286307,0.015647356615091253
80,3,-0.0018468201023286307,0.015647356615091253,-0.0018468201023286307,0.015647356615091253,True,-0.0018468201023286307,0.015647356615091253,,,-0.0018468201023286307,0.015647356615091253,-0.0018468201023286307,0.015647356615091253,,,-0.0018468201023286307,0.015647356615091253
80,4,-0.0018468201023286307,0.015647356615091253,-0.0018468201023286307,-0.012747189097307397,True,-0.0018468201023286307,-0.012747189097307397,,,-0.0018468201023286307,-0.012747189097307397,-0.0018468201023286307,0.015647356615091253,,,-0.0018468201023286307,0.015647356615091253
80,5,-0.0018468201023286307,0.015647356615091253,-0.0018468201023286307,0.015647356615091253,True,-0.0018468201023286307,0.015647356615091253,,,-0.0018468201023286307,0.015647356615091253,-0.0018468201023286307,0.015647356615091253,,,-0.0018468201023286307,0.015647356615091253
80,6,-0.0018468201023286307,-0.012747189097307397,-0.0018468201023286307,0.004958947112135738,True,-0.0018468201023286307,0.004958947112135738,,,-0.0018468201023286307,0.004958947112135738,-0.0018468201023286307,-0.012747189097307397,0.0,-0.8755579307427986,-0.8774047508451273,-0.012747189097307397
80,7,-0.0018468201023286307,0.015647356615091253,0.4553052430124577,0.015647356615091253,True,-0.0018468201023286307,0.015647356615091253,,,-0.0018468201023286307,0.015647356615091253,0.4553052430124577,0.015647356615091253,,,0.4553052430124577,0.015647356615091253
80,8,-0.0018468201023286307,-0.012747189097307397,-0.08458509681612487,0.015647356615091253,True,-0.0018468201023286307,0.015647356615091253,,,-0.0018468201023286307,0.015647356615091253,-0.08458509681612487,-0.012747189097307397,,,-0.08458509681612487,-0.012747189097307397
80,9,-0.0018468201023286307,-0.012747189097307397,-0.0018468201023286307,0.015647356615091253,True,-0.0018468201023286307,0.015647356615091253,1.0,-0.462132841035771,-0.0018468201023286307,-0.44648548442067976,-0.0018468201023286307,-0.012747189097307397,,,-0.0018468201023286307,-0.012747189097307397
80,10,-0.0018468201023286307,0.015647356615091253,-0.0018468201023286307,-0.012747189097307397,False,-0.0018468201023286307,0.015647356615091253,,,-0.0018468201023286307,0.015647356615091253,-0.0018468201023286307,-0.012747189097307397,0.0,0.531156192636065,0.5293093725337363,-0.012747189097307397
80,11,-0.0018468201023286307,0.015647356615091253,-0.0018468201023286307,0.015647356615091253,False,-0.0018468201023286307,0.015647356615091253,,,-0.0018468201023286307,0.015647356615091253,-0.0018468201023286307,0.015647356615091253,,,-0.0018468201023286307,0.015647356615091253
80,12,-0.0018468201023286307,0.015647356615091253,-0.11266677052780034,0.015647356615091253,True,-0.0018468201023286307,0.015647356615091253,,,-0.0018468201023286307,0.015647356615091253,-0.11266677052780034,0.015647356615091253,,,-0.11266677052780034,0.015647356615091253
80,13,-0.0018468201023286307,0.015647356615091253,-0.0018468201023286307,0.015647356615091253,True,-0.0018468201023286307,0.015647356615091253,,,-0.0018468201023286307,0.015647356615091253,-0.0018468201023286307,0.015647356615091253,,,-0.0018468201023286307,0.015647356615091253
80,14,-0.0018468201023286307,-0.012747189097307397,-0.0018468201023286307,-0.012747189097307397,True,-0.0018468201023286307,-0.012747189097307397,,,-0.0018468201023286307,-0.012747189097307397,-0.0018468201023286307,-0.012747189097307397,,,-0.0018468201023286307,-0.012747189097307397
80,15,-0.0018468201023286307,0.015647356615091253,-0.0018468201023286307,-0.012747189097307397,True,-0.0018468201023286307,-0.012747189097307397,,,-0.0018468201023286307,-0.012747189097307397,-0.0018468201023286307,0.015647356615091253,,,-0.0018468201023286307,0.015647356615091253
80,16,-0.0018468201023286307,0.015647356615091253,-0.0018468201023286307,0.015647356615091253,True,-0.0018468201023286307,0.015647356615091253,,,-0.0018468201023286307,0.015647356615091253,-0.0018468201023286307,0.015647356615091253,,,-0.0018468201023286307,0.015647356615091253
80,17,-0.0018468201023286307,-0.012747189097307397,-0.0018468201023286307,0.015647356615091253,True,-0.0018468201023286307,0.015647356615091253,,,-0.0018468201023286307,0.015647356615091253,-0.0018468201023286307,-0.012747189097307397,,,-0.0018468201023286307,-0.012747189097307397
80,18,-0.0018468201023286307,-0.012747189097307397,-0.0018468201023286307,0.004958947112135738,True,-0.0018468201023286307,0.004958947112135738,,,-0.0018468201023286307,0.004958947112135738,-0.0018468201023286307,-0.012747189097307397,,,-0.0018468201023286307,-0.012747189097307397
80,19,-0.0018468201023286307,0.015647356615091253,-0.0018468201023286307,0.015647356615091253,True,-0.0018468201023286307,0.015647356615091253,,,-0.0018468201023286307,0.015647356615091253,-0.0018468201023286307,0.015647356615091253,0.0,0.4160375941458657,0.4141907740435371,0.015647356615091253
80,20,-0.0018468201023286307,0.004958947112135738,-0.0018468201023286307,0.015647356615091253,True,-0.0018468201023286307,0.015647356615091253,,,-0.0018468201023286307,0.015647356615091253,-0.0018468201023286307,0.004958947112135738,,,-0.0018468201023286307,0.004958947112135738
80,21,-0.0018468201023286307,0.015647356615091253,-0.0018468201023286307,0.004958947112135738,True,-0.0018468201023286307,0.004958947112135738,,,-0.0018468201023286307,0.004958947112135738,-0.0018468201023286307,0.015647356615091253,,,-0.0018468201023286307,0.015647356615091253
80,22,-0.0018468201023286307,0.015647356615091253,-0.0018468201023286307,0.015647356615091253,True,-0.0018468201023286307,0.015647356615091253,,,-0.0018468201023286307,0.015647356615091253,-0.0018468201023286307,0.015647356615091253,,,-0.0018468201023286307,0.015647356615091253
80,23,-0.0018468201023286307,-0.012747189097307397,-0.0018468201023286307,0.015647356615091253,False,-0.0018468201023286307,-0.012747189097307397,,,-0.0018468201023286307,-0.012747189097307397,-0.0018468201023286307,0.015647356615091253,,,-0.0018468201023286307,0.015647356615091253
80,24,-0.0018468201023286307,-0.012747189097307397,-0.0018468201023286307,0.015647356615091253,True,-0.0018468201023286307,0.015647356615091253,,,-0.0018468201023286307,0.015647356615091253,-0.0018468201023286307,-0.012747189097307397,,,-0.0018468201023286307,-0.012747189097307397
80,25,-0.0018468201023286307,0.015647356615091253,-0.0018468201023286307,0.015647356615091253,True,-0.0018468201023286307,0.015647356615091253,,,-0.0018468201023286307,0.015647356615091253,-0.0018468201023286307,0.015647356615091253,1.0,-0.03368552361517442,-0.0018468201023286307,-0.018038167000083167
81,1,-0.0018468201023286307,0.015647356615091253,-0.0018468201023286307,-0.012747189097307397,False,-0.0018468201023286307,0.015647356615091253,,,-0.0018468201023286307,0.015647356615091253,-0.0018468201023286307,-0.012747189097307397,,,-0.0018468201023286307,-0.012747189097307397
81,2,-0.0018468201023286307,0.004958947112135738,-0.0018468201023286307,0.015647356615091253,True,-0.0018468201023286307,0.015647356615091253,,,-0.0018468201023286307,0.015647356615091253,-0.0018468201023286307,0.004958947112135738,,,-0.0018468201023286307,0.004958947112135738
81,3,-0.0018468201023286307,-0.012747189097307397,-0.0018468201023286307,0.015647356615091253,True,-0.0018468201023286307,0.015647356615091253,,,-0.0018468201023286307,0.015647356615091253,-0.0018468201023286307,-0.012747189097307397,,,-0.0018468201023286307,-0.012747189097307397
81,4,-0.0018468201023286307,0.015647356615091253,-0.0018468201023286307,0.015647356615091253,True,-0.0018468201023286307,0.015647356615091253,,,-0.0018468201023286307,0.015647356615091253,-0.0018468201023286307,0.015647356615091253,,,-0.0018468201023286307,0.015647356615091253
81,5,-0.0018468201023286307,0.015647356615091253,-0.0018468201023286307,-0.012747189097307397,False,-0.0018468201023286307,0.015647356615091253,,,-0.0018468201023286307,0.015647356615091253,-0.0018468201023286307,-0.012747189097307397,,,-0.0018468201023286307,-0.012747189097307397
81,6,-0.0018468201023286307,0.015647356615091253,-0.0018468201023286307,0.015647356615091253,True,-0.0018468201023286307,0.015647356615091253,,,-0.0018468201023286307,0.015647356615091253,-0.0018468201023286307,0.015647356615091253,,,-0.0018468201023286307,0.015647356615091253
81,7,-0.0018468201023286307,0.015647356615091253,-0.0018468201023286307,0.015647356615091253,True,-0.0018468201023286307,0.015647356615091253,,,-0.0018468201023286307,0.015647356615091253,-0.0018468201023286307,0.015647356615091253,,,-0.0018468201023286307,0.015647356615091253
81,8,-0.0018468201023286307,0.004958947112135738,-0.0018468201023286307,-0.012747189097307397,True,-0.0018468201023286307,-0.012747189097307397,,,-0.0018468201023286307,-0.012747189097307397,-0.0018468201023286307,0.004958947112135738,,,-0.0018468201023286307,0.004958947112135738
81,9,-0.0018468201023286307,-0.012747189097307397,-0.0018468201023286307,0.015647356615091253,True,-0.0018468201023286307,0.015647356615091253,,,-0.0018468201023286307,0.015647356615091253,-0.0018468201023286307,-0.012747189097307397,,,-0.0018468201023286307,-0.012747189097307397
81,10,-0.0018468201023286307,0.015647356615091253,-0.0018468201023286307,0.015647356615091253,False,-0.0018468201023286307,0.015647356615091253,,,-0.0018468201023286307,0.015647356615091253,-0.0018468201023286307,0.015647356615091253,1.0,0.0037398232145236486,-0.0018468201023286307,0.019387179829614902
81,11,-0.0018468201023286307,0.015647356615091253,-0.0018468201023286307,0.015647356615091253,True,-0.0018468201023286307,0.015647356615091253,,,-0.0018468201023286307,0.015647356615091253,-0.0018468201023286307,0.015647356615091253,,,-0.0018468201023286307,0.015647356615091253
81,12,-0.0018468201023286307,-0.012747189097307397,-0.0018468201023286307,0.015647356615091253,True,-0.0018468201023286307,0.015647356615091253,,,-0.0018468201023286307,0.015647356615091253,-0.0018468201023286307,-0.012747189097307397,,,-0.0018468201023286307,-0.012747189097307397
81,13,-0.0018468201023286307,0.004958947112135738,-0.0018468201023286307,0.015647356615091253,True,-0.0018468201023286307,0.015647356615091253,,,-0.0018468201023286307,0.015647356615091253,-0.0018468201023286307,0.004958947112135738,,,-0.0018468201023286307,0.004958947112135738
81,14,-0.11266677052780034,0.015647356615091253,-0.0018468201023286307,0.004958947112135738,True,-0.11266677052780034,0.004958947112135738,,,-0.11266677052780034,0.004958947112135738,-0.0018468201023286307,0.015647356615091253,,,-0.0018468201023286307,0.015647356615091253
81,15,-0.0018468201023286307,0.015647356615091253,-0.0018468201023286307,-0.012747189097307397,True,-0.0018468201023286307,-0.012747189097307397,,,-0.0018468201023286307,-0.012747189097307397,-0.0018468201023286307,0.015647356615091253,,,-0.0018468201023286307,0.015647356615091253
81,16,-0.0018468201023286307,-0.012747189097307397,-0.0018468201023286307,0.015647356615091253,False,-0.0018468201023286307,-0.012747189097307397,,,-0.0018468201023286307,-0.012747189097307397,-0.0018468201023286307,0.015647356615091253,,,-0.0018468201023286307,0.015647356615091253
81,17,-0.0018468201023286307,0.015647356615091253,-0.0018468201023286307,0.015647356615091253,True,-0.0018468201023286307,0.015647356615091253,,,-0.0018468201023286307,0.015647356615091253,-0.0018468201023286307,0.015647356615091253,,,-0.0018468201023286307,0.015647356615091253
81,18,-0.0018468201023286307,0.015647356615091253,-0.0018468201023286307,0.004958947112135738,True,-0.0018468201023286307,0.004958947112135738,,,-0.0018468201023286307,0.004958947112135738,-0.0018468201023286307,0.015647356615091253,,,-0.0018468201023286307,0.015647356615091253
81,19,-0.0018468201023286307,0.015647356615091253,-0.0018468201023286307,0.015647356615091253,True,-0.0018468201023286307,0.015647356615091253,1.0,0.26533246276373496,-0.0018468201023286307,0.2809798193788262,-0.0018468201023286307,0.015647356615091253,,,-0.0018468201023286307,0.015647356615091253
81,20,-0.0018468201023286307,0.015647356615091253,-0.0018468201023286307,-0.012747189097307397,True,-0.0018468201023286307,-0.012747189097307397,,,-0.0018468201023286307,-0.012747189097307397,-0.0018468201023286307,0.015647356615091253,,,-0.0018468201023286307,0.015647356615091253
81,21,-0.0018468201023286307,0.004958947112135738,-0.0018468201023286307,0.015647356615091253,True,-0.0018468201023286307,0.015647356615091253,,,-0.0018468201023286307,0.015647356615091253,-0.0018468201023286307,0.004958947112135738,,,-0.0018468201023286307,0.004958947112135738
81,22,-0.0018468201023286307,0.015647356615091253,-0.0018468201023286307,0.004958947112135738,True,-0.0018468201023286307,0.004958947112135738,,,-0.0018468201023286307,0.004958947112135738,-0.0018468201023286307,0.015647356615091253,,,-0.0018468201023286307,0.015647356615091253
81,23,-0.08458509681612487,-0.012747189097307397,-0.0018468201023286307,0.015647356615091253,True,-0.08458509681612487,0.015647356615091253,,,-0.08458509681612487,0.015647356615091253,-0.0018468201023286307,-0.012747189097307397,,,-0.0018468201023286307,-0.012747189097307397
81,24,-0.0018468201023286307,0.004958947112135738,-0.0018468201023286307,0.015647356615091253,True,-0.0018468201023286307,0.015647356615091253,,,-0.0018468201023286307,0.015647356615091253,-0.0018468201023286307,0.004958947112135738,,,-0.0018468201023286307,0.004958947112135738
81,25,-0.0018468201023286307,0.015647356615091253,-0.0018468201023286307,0.015647356615091253,True,-0.0018468201023286307,0.015647356615091253,,,-0.0018468201023286307,0.015647356615091253,-0.0018468201023286307,0.015647356615091253,,,-0.0018468201023286307,0.015647356615091253
82,1,-0.0018468201023286307,0.015647356615091253,-0.0018468201023286307,0.004958947112135738,True,-0.0018468201023286307,0.004958947112135738,,,-0.0018468201023286307,0.004958947112135738,-0.0018468201023286307,0.015647356615091253,,,-0.0018468201023286307,0.015647356615091253
82,2,-0.0018468201023286307,0.015647356615091253,-0.0018468201023286307,0.015647356615091253,True,-0.0018468201023286307,0.015647356615091253,,,-0.0018468201023286307,0.015647356615091253,-0.0018468201023286307,0.015647356615091253,,,-0.0018468201023286307,0.015647356615091253
82,3,-0.0018468201023286307,-0.012747189097307397,-0.0018468201023286307,0.015647356615091253,True,-0.0018468201023286307,0.015647356615091253,,,-0.0018468201023286307,0.015647356615091253,-0.0018468201023286307,-0.012747189097307397,,,-0.0018468201023286307,-0.012747189097307397
82,4,-0.0018468201023286307,0.015647356615091253,-0.0018468201023286307,0.004958947112135738,False,-0.0018468201023286307,0.015647356615091253,,,-0.0018468201023286307,0.015647356615091253,-0.0018468201023286307,0.004958947112135738,,,-0.0018468201023286307,0.004958947112135738
82,5,-0.0018468201023286307,0.015647356615091253,-0.0018468201023286307,0.015647356615091253,True,-0.0018468201023286307,0.015647356615091253,,,-0.0018468201023286307,0.015647356615091253,-0.0018468201023286307,0.015647356615091253,,,-0.0018468201023286307,0.015647356615091253
82,6,-0.0018468201023286307,-0.012747189097307397,-0.0018468201023286307,0.015647356615091253,True,-0.0018468201023286307,0.015647356615091253,,,-0.0018468201023286307,0.015647356615091253,-0.0018468201023286307,-0.012747189097307397,,,-0.0018468201023286307,-0.012747189097307397
82,7,-0.0018468201023286307,0.015647356615091253,-0.0018468201023286307,0.015647356615091253,True,-0.0018468201023286307,0.015647356615091253,,,-0.0018468201023286307,0.015647356615091253,-0.0018468201023286307,0.015647356615091253,,,-0.0018468201023286307,0.015647356615091253
82,8,-0.0018468201023286307,0.015647356615091253,-0.0018468201023286307,0.015647356615091253,True,-0.0018468201023286307,0.015647356615091253,,,-0.0018468201023286307,0.015647356615091253,-0.0018468201023286307,0.015647356615091253,,,-0.0018468201023286307,0.015647356615091253
82,9,-0.0018468201023286307,0.015647356615091253,-0.0018468201023286307,0.015647356615091253,True,-0.0018468201023286307,0.015647356615091253,,,-0.0018468201023286307,0.015647356615091253,-0.0018468201023286307,0.015647356615091253,,,-0.0018468201023286307,0.015647356615091253
82,10,-0.0018468201023286307,0.015647356615091253,-0.08458509681612487,0.015647356615091253,True,-0.0018468201023286307,0.015647356615091253,,,-0.0018468201023286307,0.015647356615091253,-0.08458509681612487,0.015647356615091253,,,-0.08458509681612487,0.015647356615091253
82,11,-0.0018468201023286307,0.015647356615091253,-0.0018468201023286307,0.015647356615091253,True,-0.0018468201023286307,0.015647356615091253,,,-0.0018468201023286307,0.015647356615091253,-0.0018468201023286307,0.015647356615091253,,,-0.0018468201023286307,0.015647356615091253
82,12,-0.0018468201023286307,-0.012747189097307397,-0.0018468201023286307,0.015647356615091253,True,-0.0018468201023286307,0.015647356615091253,,,-0.0018468201023286307,0.015647356615091253,-0.0018468201023286307,-0.012747189097307397,,,-0.0018468201023286307,-0.012747189097307397
82,13,-0.0018468201023286307,0.015647356615091253,-0.0018468201023286307,0.015647356615091253,True,-0.0018468201023286307,0.015647356615091253,,,-0.0018468201023286307,0.015647356615091253,-0.0018468201023286307,0.015647356615091253,,,-0.0018468201023286307,0.015647356615091253
82,14,-0.0018468201023286307,-0.012747189097307397,-0.0018468201023286307,0.015647356615091253,False,-0.0018468201023286307,-0.012747189097307397,,,-0.0018468201023286307,-0.012747189097307397,-0.0018468201023286307,0.015647356615091253,,,-0.0018468201023286307,0.015647356615091253
82,15,-0.0018468201023286307,-0.012747189097307397,-0.0018468201023286307,0.015647356615091253,True,-0.0018468201023286307,0.015647356615091253,,,-0.0018468201023286307,0.015647356615091253,-0.0018468201023286307,-0.012747189097307397,,,-0.0018468201023286307,-0.012747189097307397
82,16,-0.0018468201023286307,-0.012747189097307397,-0.0018468201023286307,0.015647356615091253,False,-0.0018468201023286307,-0.012747189097307397,,,-0.0018468201023286307,-0.012747189097307397,-0.0018468201023286307,0.015647356615091253,,,-0.0018468201023286307,0.015647356615091253
82,17,-0.0018468201023286307,0.015647356615091253,-0.0018468201023286307,0.015647356615091253,True,-0.0018468201023286307,0.015647356615091253,,,-0.0018468201023286307,0.015647356615091253,-0.0018468201023286307,0.015647356615091253,,,-0.0018468201023286307,0.015647356615091253
82,18,-0.0018468201023286307,-0.012747189097307397,-0.0018468201023286307,0.004958947112135738,False,-0.0018468201023286307,-0.012747189097307397,,,-0.0018468201023286307,-0.012747189097307397,-0.0018468201023286307,0.004958947112135738,,,-0.0018468201023286307,0.004958947112135738
82,19,-0.0018468201023286307,-0.012747189097307397,-0.11266677052780034,0.004958947112135738,True,-0.0018468201023286307,0.004958947112135738,,,-0.0018468201023286307,0.004958947112135738,-0.11266677052780034,-0.012747189097307397,,,-0.11266677052780034,-0.012747189097307397
82,20,-0.08458509681612487,0.015647356615091253,-0.0018468201023286307,0.015647356615091253,True,-0.08458509681612487,0.015647356615091253,,,-0.08458509681612487,0.015647356615091253,-0.0018468201023286307,0.015647356615091253,,,-0.0018468201023286307,0.015647356615091253
82,21,-0.0018468201023286307,0.015647356615091253,-0.0018468201023286307,0.015647356615091253,False,-0.0018468201023286307,0.015647356615091253,,,-0.0018468201023286307,0.015647356615091253,-0.0018468201023286307,0.015647356615091253,,,-0.0018468201023286307,0.015647356615091253
82,22,-0.0018468201023286307,0.015647356615091253,-0.0018468201023286307,0.015647356615091253,True,-0.0018468201023286307,0.015647356615091253,,,-0.0018468201023286307,0.015647356615091253,-0.0018468201023286307,0.015647356615091253,,,-0.0018468201023286307,0.015647356615091253
82,23,-0.0018468201023286307,0.015647356615091253,-0.0018468201023286307,0.015647356615091253,True,-0.0018468201023286307,0.015647356615091253,,,-0.0018468201023286307,0.015647356615091253,-0.0018468201023286307,0.015647356615091253,,,-0.0018468201023286307,0.015647356615091253
82,24,-0.0018468201023286307,0.015647356615091253,-0.0018468201023286307,0.015647356615091253,True,-0.0018468201023286307,0.015647356615091253,,,-0.0018468201023286307,0.015647356615091253,-0.0018468201023286307,0.015647356615091253,,,-0.0018468201023286307,0.015647356615091253
82,25,-0.0018468201023286307,0.015647356615091253,-0.11266677052780034,0.004958947112135738,True,-0.0018468201023286307,0.004958947112135738,,,-0.0018468201023286307,0.004958947112135738,-0.11266677052780034,0.015647356615091253,,,-0.11266677052780034,0.015647356615091253
83,1,-0.0018468201023286307,0.015647356615091253,-0.0018468201023286307,0.004958947112135738,True,-0.0018468201023286307,0.004958947112135738,,,-0.0018468201023286307,0.004958947112135738,-0.0018468201023286307,0.015647356615091253,,,-0.0018468201023286307,0.015647356615091253
83,2,-0.0018468201023286307,0.015647356615091253,-0.0018468201023286307,0.015647356615091253,True,-0.0018468201023286307,0.015647356615091253,,,-0.0018468201023286307,0.015647356615091253,-0.0018468201023286307,0.015647356615091253,,,-0.0018468201023286307,0.015647356615091253
83,3,-0.0018468201023286307,0.015647356615091253,-0.0018468201023286307,0.015647356615091253,True,-0.0018468201023286307,0.015647356615091253,,,-0.0018468201023286307,0.015647356615091253,-0.0018468201023286307,0.015647356615091253,,,-0.0018468201023286307,0.015647356615091253
83,4,-0.0018468201023286307,0.015647356615091253,-0.0018468201023286307,0.015647356615091253,False,-0.0018468201023286307,0.015647356615091253,,,-0.0018468201023286307,0.015647356615091253,-0.0018468201023286307,0.015647356615091253,,,-0.0018468201023286307,0.015647356615091253
83,5,-0.0018468201023286307,0.015647356615091253,-0.0018468201023286307,0.015647356615091253,True,-0.0018468201023286307,0.015647356615091253,,,-0.0018468201023286307,0.015647356615091253,-0.0018468201023286307,0.015647356615091253,,,-0.0018468201023286307,0.015647356615091253
83,6,-0.0018468201023286307,0.015647356615091253,-0.0018468201023286307,0.004958947112135738,True,-0.0018468201023286307,0.004958947112135738,,,-0.0018468201023286307,0.004958947112135738,-0.0018468201023286307,0.015647356615091253,,,-0.0018468201023286307,0.015647356615091253
83,7,-0.0018468201023286307,0.015647356615091253,-0.0018468201023286307,0.015647356615091253,False,-0.0018468201023286307,0.015647356615091253,,,-0.0018468201023286307,0.015647356615091253,-0.0018468201023286307,0.015647356615091253,,,-0.0018468201023286307,0.015647356615091253
83,8,-0.0018468201023286307,0.015647356615091253,-0.0018468201023286307,-0.012747189097307397,True,-0.0018468201023286307,-0.012747189097307397,,,-0.0018468201023286307,-0.012747189097307397,-0.0018468201023286307,0.015647356615091253,,,-0.0018468201023286307,0.015647356615091253
83,9,-0.0018468201023286307,0.015647356615091253,-0.0018468201023286307,0.015647356615091253,True,-0.0018468201023286307,0.015647356615091253,,,-0.0018468201023286307,0.015647356615091253,-0.0018468201023286307,0.015647356615091253,,,-0.0018468201023286307,0.015647356615091253
83,10,-0.0018468201023286307,0.015647356615091253,-0.0018468201023286307,0.015647356615091253,True,-0.0018468201023286307,0.015647356615091253,,,-0.0018468201023286307,0.015647356615091253,-0.0018468201023286307,0.015647356615091253,,,-0.0018468201023286307,0.015647356615091253
83,11,-0.0018468201023286307,0.015647356615091253,-0.0018468201023286307,0.015647356615091253,True,-0.0018468201023286307,0.015647356615091253,,,-0.0018468201023286307,0.015647356615091253,-0.0018468201023286307,0.015647356615091253,,,-0.0018468201023286307,0.015647356615091253
83,12,-0.0018468201023286307,-0.012747189097307397,-0.0018468201023286307,0.004958947112135738,True,-0.0018468201023286307,0.004958947112135738,,,-0.0018468201023286307,0.004958947112135738,-0.0018468201023286307,-0.012747189097307397,,,-0.0018468201023286307,-0.012747189097307397
83,13,-0.0018468201023286307,0.015647356615091253,-0.0018468201023286307,0.015647356615091253,True,-0.0018468201023286307,0.015647356615091253,,,-0.0018468201023286307,0.015647356615091253,-0.0018468201023286307,0.015647356615091253,,,-0.0018468201023286307,0.015647356615091253
83,14,-0.0018468201023286307,0.004958947112135738,-0.0018468201023286307,0.015647356615091253,False,-0.0018468201023286307,0.004958947112135738,,,-0.0018468201023286307,0.004958947112135738,-0.0018468201023286307,0.015647356615091253,,,-0.0018468201023286307,0.015647356615091253
83,15,-0.0018468201023286307,0.015647356615091253,-0.0018468201023286307,0.015647356615091253,True,-0.0018468201023286307,0.015647356615091253,,,-0.0018468201023286307,0.015647356615091253,-0.0018468201023286307,0.015647356615091253,,,-0.0018468201023286307,0.015647356615091253
83,16,-0.0018468201023286307,0.015647356615091253,-0.0018468201023286307,0.004958947112135738,False,-0.0018468201023286307,0.015647356615091253,,,-0.0018468201023286307,0.015647356615091253,-0.0018468201023286307,0.004958947112135738,,,-0.0018468201023286307,0.004958947112135738
83,17,-0.0018468201023286307,0.015647356615091253,-0.0018468201023286307,0.015647356615091253,True,-0.0018468201023286307,0.015647356615091253,,,-0.0018468201023286307,0.015647356615091253,-0.0018468201023286307,0.015647356615091253,,,-0.0018468201023286307,0.015647356615091253
83,18,-0.0018468201023286307,-0.012747189097307397,-0.0018468201023286307,0.015647356615091253,True,-0.0018468201023286307,0.015647356615091253,,,-0.0018468201023286307,0.015647356615091253,-0.0018468201023286307,-0.012747189097307397,,,-0.0018468201023286307,-0.012747189097307397
83,19,-0.0018468201023286307,0.015647356615091253,-0.0018468201023286307,0.015647356615091253,False,-0.0018468201023286307,0.015647356615091253,,,-0.0018468201023286307,0.015647356615091253,-0.0018468201023286307,0.015647356615091253,,,-0.0018468201023286307,0.015647356615091253
83,20,-0.0018468201023286307,0.015647356615091253,-0.0018468201023286307,-0.012747189097307397,False,-0.0018468201023286307,0.015647356615091253,,,-0.0018468201023286307,0.015647356615091253,-0.0018468201023286307,-0.012747189097307397,,,-0.0018468201023286307,-0.012747189097307397
83,21,-0.0018468201023286307,-0.012747189097307397,-0.0018468201023286307,0.015647356615091253,False,-0.0018468201023286307,-0.012747189097307397,,,-0.0018468201023286307,-0.012747189097307397,-0.0018468201023286307,0.015647356615091253,0.0,0.2291406066450744,0.2272937865427458,0.015647356615091253
83,22,-0.0018468201023286307,0.015647356615091253,-0.0018468201023286307,-0.012747189097307397,True,-0.0018468201023286307,-0.012747189097307397,,,-0.0018468201023286307,-0.012747189097307397,-0.0018468201023286307,0.015647356615091253,,,-0.0018468201023286307,0.015647356615091253
83,23,-0.0018468201023286307,0.015647356615091253,-0.0018468201023286307,0.015647356615091253,True,-0.0018468201023286307,0.015647356615091253,,,-0.0018468201023286307,0.015647356615091253,-0.0018468201023286307,0.015647356615091253,,,-0.0018468201023286307,0.015647356615091253
83,24,-0.0018468201023286307,-0.012747189097307397,-0.08458509681612487,0.015647356615091253,False,-0.0018468201023286307,-0.012747189097307397,,,-0.0018468201023286307,-0.012747189097307397,-0.08458509681612487,0.015647356615091253,,,-0.08458509681612487,0.015647356615091253
83,25,-0.0018468201023286307,0.004958947112135738,-0.0018468201023286307,-0.012747189097307397,False,-0.0018468201023286307,0.004958947112135738,,,-0.0018468201023286307,0.004958947112135738,-0.0018468201023286307,-0.012747189097307397,,,-0.0018468201023286307,-0.012747189097307397
84,1,-0.0018468201023286307,0.015647356615091253,-0.0018468201023286307,-0.012747189097307397,True,-0.0018468201023286307,-0.012747189097307397,,,-0.0018468201023286307,-0.012747189097307397,-0.0018468201023286307,0.015647356615091253,,,-0.0018468201023286307,0.015647356615091253
84,2,-0.0018468201023286307,0.015647356615091253,-0.0018468201023286307,0.015647356615091253,True,-0.0018468201023286307,0.015647356615091253,,,-0.0018468201023286307,0.015647356615091253,-0.0018468201023286307,0.015647356615091253,,,-0.0018468201023286307,0.015647356615091253
84,3,-0.0018468201023286307,0.004958947112135738,-0.0018468201023286307,0.015647356615091253,True,-0.0018468201023286307,0.015647356615091253,,,-0.0018468201023286307,0.015647356615091253,-0.0018468201023286307,0.004958947112135738,,,-0.0018468201023286307,0.004958947112135738
84,4,-0.0018468201023286307,-0.012747189097307397,-0.0018468201023286307,0.015647356615091253,True,-0.0018468201023286307,0.015647356615091253,,,-0.0018468201023286307,0.015647356615091253,-0.0018468201023286307,-0.012747189097307397,,,-0.0018468201023286307,-0.012747189097307397
84,5,-0.0018468201023286307,0.015647356615091253,-0.0018468201023286307,0.004958947112135738,True,-0.0018468201023286307,0.004958947112135738,,,-0.0018468201023286307,0.004958947112135738,-0.0018468201023286307,0.015647356615091253,,,-0.0018468201023286307,0.015647356615091253
84,6,-0.0018468201023286307,-0.012747189097307397,-0.0018468201023286307,0.015647356615091253,False,-0.0018468201023286307,-0.012747189097307397,,,-0.0018468201023286307,-0.012747189097307397,-0.0018468201023286307,0.015647356615091253,,,-0.0018468201023286307,0.015647356615091253
84,7,-0.0018468201023286307,0.015647356615091253,-0.0018468201023286307,-0.012747189097307397,True,-0.0018468201023286307,-0.012747189097307397,,,-0.0018468201023286307,-0.012747189097307397,-0.0018468201023286307,0.015647356615091253,,,-0.0018468201023286307,0.015647356615091253
84,8,-0.0018468201023286307,0.015647356615091253,-0.0018468201023286307,0.015647356615091253,True,-0.0018468201023286307,0.015647356615091253,0.0,0.2904526827648858,0.28860586266255717,0.015647356615091253,-0.0018468201023286307,0.015647356615091253,,,-0.0018468201023286307,0.015647356615091253
84,9,-0.0018468201023286307,0.015647356615091253,-0.0018468201023286307,0.004958947112135738,True,-0.0018468201023286307,0.004958947112135738,,,-0.0018468201023286307,0.004958947112135738,-0.0018468201023286307,0.015647356615091253,,,-0.0018468201023286307,0.015647356615091253
84,10,-0.0018468201023286307,0.015647356615091253,-0.0018468201023286307,0.015647356615091253,True,-0.0018468201023286307,0.015647356615091253,,,-0.0018468201023286307,0.015647356615091253,-0.0018468201023286307,0.015647356615091253,,,-0.0018468201023286307,0.015647356615091253
84,11,-0.0018468201023286307,-0.012747189097307397,-0.0018468201023286307,0.015647356615091253,True,-0.0018468201023286307,0.015647356615091253,,,-0.0018468201023286307,0.015647356615091253,-0.0018468201023286307,-0.012747189097307397,,,-0.0018468201023286307,-0.012747189097307397
84,12,-0.0018468201023286307,0.015647356615091253,-0.0018468201023286307,0.015647356615091253,True,-0.0018468201023286307,0.015647356615091253,,,-0.0018468201023286307,0.015647356615091253,-0.0018468201023286307,0.015647356615091253,,,-0.0018468201023286307,0.015647356615091253
84,13,-0.0018468201023286307,0.015647356615091253,-0.0018468201023286307,-0.012747189097307397,True,-0.0018468201023286307,-0.012747189097307397,,,-0.0018468201023286307,-0.012747189097307397,-0.0018468201023286307,0.015647356615091253,,,-0.0018468201023286307,0.015647356615091253
84,14,-0.0018468201023286307,0.015647356615091253,-0.0018468201023286307,0.015647356615091253,True,-0.0018468201023286307,0.015647356615091253,,,-0.0018468201023286307,0.015647356615091253,-0.0018468201023286307,0.015647356615091253,,,-0.0018468201023286307,0.015647356615091253
84,15,-0.0018468201023286307,0.015647356615091253,-0.0018468201023286307,-0.012747189097307397,True,-0.0018468201023286307,-0.012747189097307397,,,-0.0018468201023286307,-0.012747189097307397,-0.0018468201023286307,0.015647356615091253,,,-0.0018468201023286307,0.015647356615091253
84,16,-0.0018468201023286307,0.015647356615091253,-0.0018468201023286307,0.015647356615091253,True,-0.0018468201023286307,0.015647356615091253,,,-0.0018468201023286307,0.015647356615091253,-0.0018468201023286307,0.015647356615091253,,,-0.0018468201023286307,0.015647356615091253
84,17,-0.08458509681612487,0.015647356615091253,-0.0018468201023286307,0.015647356615091253,True,-0.08458509681612487,0.015647356615091253,,,-0.08458509681612487,0.015647356615091253,-0.0018468201023286307,0.015647356615091253,,,-0.0018468201023286307,0.015647356615091253
84,18,-0.0018468201023286307,0.015647356615091253,-0.0018468201023286307,0.004958947112135738,False,-0.0018468201023286307,0.015647356615091253,,,-0.0018468201023286307,0.015647356615091253,-0.0018468201023286307,0.004958947112135738,,,-0.0018468201023286307,0.004958947112135738
84,19,-0.0018468201023286307,0.015647356615091253,-0.0018468201023286307,-0.012747189097307397,True,-0.0018468201023286307,-0.012747189097307397,,,-0.0018468201023286307,-0.012747189097307397,-0.0018468201023286307,0.015647356615091253,,,-0.0018468201023286307,0.015647356615091253
84,20,-0.0018468201023286307,0.004958947112135738,-0.0018468201023286307,0.015647356615091253,True,-0.0018468201023286307,0.015647356615091253,,,-0.0018468201023286307,0.015647356615091253,-0.0018468201023286307,0.004958947112135738,,,-0.0018468201023286307,0.004958947112135738
84,21,-0.0018468201023286307,0.015647356615091253,-0.0018468201023286307,0.015647356615091253,True,-0.0018468201023286307,0.015647356615091253,,,-0.0018468201023286307,0.015647356615091253,-0.0018468201023286307,0.015647356615091253,1.0,0.15942152007022767,-0.0018468201023286307,0.17506887668531892
84,22,-0.0018468201023286307,0.015647356615091253,-0.0018468201023286307,0.015647356615091253,True,-0.0018468201023286307,0.015647356615091253,,,-0.0018468201023286307,0.015647356615091253,-0.0018468201023286307,0.015647356615091253,,,-0.0018468201023286307,0.015647356615091253
84,23,-0.0018468201023286307,0.015647356615091253,-0.0018468201023286307,0.004958947112135738,False,-0.0018468201023286307,0.015647356615091253,,,-0.0018468201023286307,0.015647356615091253,-0.0018468201023286307,0.004958947112135738,,,-0.0018468201023286307,0.004958947112135738
84,24,-0.0018468201023286307,0.015647356615091253,-0.0018468201023286307,0.015647356615091253,True,-0.0018468201023286307,0.015647356615091253,,,-0.0018468201023286307,0.015647356615091253,-0.0018468201023286307,0.015647356615091253,,,-0.0018468201023286307,0.015647356615091253
84,25,-0.0018468201023286307,0.015647356615091253,-0.0018468201023286307,0.015647356615091253,False,-0.0018468201023286307,0.015647356615091253,0.0,-0.39488116170668147,-0.3967279818090101,0.015647356615091253,-0.0018468201023286307,0.015647356615091253,,,-0.0018468201023286307,0.015647356615091253
85,1,-0.0018468201023286307,0.015647356615091253,-0.0018468201023286307,0.015647356615091253,True,-0.0018468201023286307,0.015647356615091253,,,-0.0018468201023286307,0.015647356615091253,-0.0018468201023286307,0.015647356615091253,,,-0.0018468201023286307,0.015647356615091253
85,2,-0.0018468201023286307,0.015647356615091253,-0.0018468201023286307,0.015647356615091253,True,-0.0018468201023286307,0.015647356615091253,,,-0.0018468201023286307,0.015647356615091253,-0.0018468201023286307,0.015647356615091253,,,-0.0018468201023286307,0.015647356615091253
85,3,-0.0018468201023286307,0.015647356615091253,-0.0018468201023286307,0.015647356615091253,True,-0.0018468201023286307,0.015647356615091253,,,-0.0018468201023286307,0.015647356615091253,-0.0018468201023286307,0.015647356615091253,,,-0.0018468201023286307,0.015647356615091253
85,4,-0.0018468201023286307,0.015647356615091253,-0.0018468201023286307,0.015647356615091253,False,-0.0018468201023286307,0.015647356615091253,,,-0.0018468201023286307,0.015647356615091253,-0.0018468201023286307,0.015647356615091253,,,-0.0018468201023286307,0.015647356615091253
85,5,-0.0018468201023286307,0.015647356615091253,-0.0018468201023286307,0.015647356615091253,False,-0.0018468201023286307,0.015647356615091253,,,-0.0018468201023286307,0.015647356615091253,-0.0018468201023286307,0.015647356615091253,,,-0.0018468201023286307,0.015647356615091253
85,6,-0.0018468201023286307,0.015647356615091253,-0.0018468201023286307,0.015647356615091253,True,-0.0018468201023286307,0.015647356615091253,,,-0.0018468201023286307,0.015647356615091253,-0.0018468201023286307,0.015647356615091253,,,-0.0018468201023286307,0.015647356615091253
85,7,-0.0018468201023286307,0.015647356615091253,-0.0018468201023286307,0.015647356615091253,False,-0.0018468201023286307,0.015647356615091253,,,-0.0018468201023286307,0.015647356615091253,-0.0018468201023286307,0.015647356615091253,,,-0.0018468201023286307,0.015647356615091253
85,8,-0.0018468201023286307,0.015647356615091253,-0.0018468201023286307,0.015647356615091253,False,-0.0018468201023286307,0.015647356615091253,,,-0.0018468201023286307,0.015647356615091253,-0.0018468201023286307,0.015647356615091253,,,-0.0018468201023286307,0.015647356615091253
85,9,-0.0018468201023286307,0.015647356615091253,-0.0018468201023286307,0.015647356615091253,True,-0.0018468201023286307,0.015647356615091253,,,-0.0018468201023286307,0.015647356615091253,-0.0018468201023286307,0.015647356615091253,,,-0.0018468201023286307,0.015647356615091253
85,10,-0.0018468201023286307,0.015647356615091253,-0.0018468201023286307,0.015647356615091253,True,-0.0018468201023286307,0.015647356615091253,,,-0.0018468201023286307,0.015647356615091253,-0.0018468201023286307,0.015647356615091253,,,-0.0018468201023286307,0.015647356615091253
85,11,-0.0018468201023286307,0.015647356615091253,-0.0018468201023286307,0.015647356615091253,True,-0.0018468201023286307,0.015647356615091253,,,-0.0018468201023286307,0.015647356615091253,-0.0018468201023286307,0.015647356615091253,,,-0.0018468201023286307,0.015647356615091253
85,12,-0.0018468201023286307,-0.012747189097307397,-0.0018468201023286307,0.015647356615091253,True,-0.0018468201023286307,0.015647356615091253,,,-0.0018468201023286307,0.015647356615091253,-0.0018468201023286307,-0.012747189097307397,,,-0.0018468201023286307,-0.012747189097307397
85,13,-0.0018468201023286307,-0.012747189097307397,-0.0018468201023286307,0.004958947112135738,True,-0.0018468201023286307,0.004958947112135738,,,-0.0018468201023286307,0.004958947112135738,-0.0018468201023286307,-0.012747189097307397,,,-0.0018468201023286307,-0.012747189097307397
85,14,0.28860586266255717,0.015647356615091253,-0.0018468201023286307,-0.012747189097307397,False,0.28860586266255717,0.015647356615091253,,,0.28860586266255717,0.015647356615091253,-0.0018468201023286307,-0.012747189097307397,,,-0.0018468201023286307,-0.012747189097307397
85,15,-0.0018468201023286307,0.015647356615091253,-0.0018468201023286307,-0.012747189097307397,False,-0.0018468201023286307,0.015647356615091253,,,-0.0018468201023286307,0.015647356615091253,-0.0018468201023286307,-0.012747189097307397,,,-0.0018468201023286307,-0.012747189097307397
85,16,-0.0018468201023286307,0.015647356615091253,-0.0018468201023286307,0.015647356615091253,False,-0.0018468201023286307,0.015647356615091253,,,-0.0018468201023286307,0.015647356615091253,-0.0018468201023286307,0.015647356615091253,1.0,-0.5469062533451047,-0.0018468201023286307,-0.5312588967300135
85,17,-0.0018468201023286307,0.015647356615091253,-0.0018468201023286307,0.004958947112135738,False,-0.0018468201023286307,0.015647356615091253,,,-0.0018468201023286307,0.015647356615091253,-0.0018468201023286307,0.004958947112135738,,,-0.0018468201023286307,0.004958947112135738
85,18,-0.0018468201023286307,0.015647356615091253,-0.0018468201023286307,0.015647356615091253,False,-0.0018468201023286307,0.015647356615091253,,,-0.0018468201023286307,0.015647356615091253,-0.0018468201023286307,0.015647356615091253,,,-0.0018468201023286307,0.015647356615091253
85,19,-0.08458509681612487,0.015647356615091253,-0.0018468201023286307,0.015647356615091253,True,-0.08458509681612487,0.015647356615091253,,,-0.08458509681612487,0.015647356615091253,-0.0018468201023286307,0.015647356615091253,,,-0.0018468201023286307,0.015647356615091253
85,20,-0.0018468201023286307,0.015647356615091253,-0.0018468201023286307,0.015647356615091253,False,-0.0018468201023286307,0.015647356615091253,,,-0.0018468201023286307,0.015647356615091253,-0.0018468201023286307,0.015647356615091253,,,-0.0018468201023286307,0.015647356615091253
85,21,-0.0018468201023286307,-0.012747189097307397,-0.0018468201023286307,0.015647356615091253,True,-0.0018468201023286307,0.015647356615091253,,,-0.0018468201023286307,0.015647356615091253,-0.0018468201023286307,-0.012747189097307397,,,-0.0018468201023286307,-0.012747189097307397
85,22,-0.0018468201023286307,0.015647356615091253,-0.0018468201023286307,0.015647356615091253,True,-0.0018468201023286307,0.015647356615091253,,,-0.0018468201023286307,0.015647356615091253,-0.0018468201023286307,0.015647356615091253,,,-0.0018468201023286307,0.015647356615091253
85,23,-0.0018468201023286307,0.015647356615091253,-0.0018468201023286307,0.015647356615091253,True,-0.0018468201023286307,0.015647356615091253,,,-0.0018468201023286307,0.015647356615091253,-0.0018468201023286307,0.015647356615091253,,,-0.0018468201023286307,0.015647356615091253
85,24,-0.0018468201023286307,0.015647356615091253,-0.08458509681612487,0.015647356615091253,True,-0.0018468201023286307,0.015647356615091253,,,-0.0018468201023286307,0.015647356615091253,-0.08458509681612487,0.015647356615091253,,,-0.08458509681612487,0.015647356615091253
85,25,-0.0018468201023286307,0.015647356615091253,-0.0018468201023286307,0.015647356615091253,False,-0.0018468201023286307,0.015647356615091253,,,-0.0018468201023286307,0.015647356615091253,-0.0018468201023286307,0.015647356615091253,,,-0.0018468201023286307,0.015647356615091253
86,1,-0.0018468201023286307,0.015647356615091253,-0.0018468201023286307,-0.012747189097307397,True,-0.0018468201023286307,-0.012747189097307397,,,-0.0018468201023286307,-0.012747189097307397,-0.0018468201023286307,0.015647356615091253,,,-0.0018468201023286307,0.015647356615091253
86,2,-0.0018468201023286307,0.015647356615091253,-0.0018468201023286307,0.015647356615091253,True,-0.0018468201023286307,0.015647356615091253,,,-0.0018468201023286307,0.015647356615091253,-0.0018468201023286307,0.015647356615091253,,,-0.0018468201023286307,0.015647356615091253
86,3,-0.0018468201023286307,-0.012747189097307397,-0.0018468201023286307,0.015647356615091253,True,-0.0018468201023286307,0.015647356615091253,,,-0.0018468201023286307,0.015647356615091253,-0.0018468201023286307,-0.012747189097307397,,,-0.0018468201023286307,-0.012747189097307397
86,4,-0.0018468201023286307,0.015647356615091253,-0.0018468201023286307,0.015647356615091253,False,-0.0018468201023286307,0.015647356615091253,,,-0.0018468201023286307,0.015647356615091253,-0.0018468201023286307,0.015647356615091253,,,-0.0018468201023286307,0.015647356615091253
86,5,-0.0018468201023286307,0.015647356615091253,-0.08458509681612487,0.015647356615091253,True,-0.0018468201023286307,0.015647356615091253,,,-0.0018468201023286307,0.015647356615091253,-0.08458509681612487,0.015647356615091253,,,-0.08458509681612487,0.015647356615091253
86,6,-0.08458509681612487,0.015647356615091253,-0.0018468201023286307,0.015647356615091253,True,-0.08458509681612487,0.015647356615091253,,,-0.08458509681612487,0.015647356615091253,-0.0018468201023286307,0.015647356615091253,,,-0.0018468201023286307,0.015647356615091253
86,7,-0.0018468201023286307,0.015647356615091253,-0.0018468201023286307,0.015647356615091253,True,-0.0018468201023286307,0.015647356615091253,,,-0.0018468201023286307,0.015647356615091253,-0.0018468201023286307,0.015647356615091253,,,-0.0018468201023286307,0.015647356615091253
86,8,-0.0018468201023286307,0.015647356615091253,0.28860586266255717,0.015647356615091253,True,-0.0018468201023286307,0.015647356615091253,,,-0.0018468201023286307,0.015647356615091253,0.28860586266255717,0.015647356615091253,,,0.28860586266255717,0.015647356615091253
86,9,-0.0018468201023286307,0.015647356615091253,-0.0018468201023286307,0.015647356615091253,True,-0.0018468201023286307,0.015647356615091253,,,-0.0018468201023286307,0.015647356615091253,-0.0018468201023286307,0.015647356615091253,,,-0.0018468201023286307,0.015647356615091253
86,10,-0.0018468201023286307,0.004958947112135738,-0.0018468201023286307,0.015647356615091253,True,-0.0018468201023286307,0.015647356615091253,,,-0.0018468201023286307,0.015647356615091253,-0.0018468201023286307,0.004958947112135738,,,-0.0018468201023286307,0.004958947112135738
86,11,-0.0018468201023286307,0.015647356615091253,-0.0018468201023286307,0.015647356615091253,True,-0.0018468201023286307,0.015647356615091253,,,-0.0018468201023286307,0.015647356615091253,-0.0018468201023286307,0.015647356615091253,,,-0.0018468201023286307,0.015647356615091253
86,12,-0.0018468201023286307,0.015647356615091253,-0.0018468201023286307,0.015647356615091253,True,-0.0018468201023286307,0.015647356615091253,,,-0.0018468201023286307,0.015647356615091253,-0.0018468201023286307,0.015647356615091253,,,-0.0018468201023286307,0.015647356615091253
86,13,-0.0018468201023286307,0.015647356615091253,-0.0018468201023286307,0.015647356615091253,True,-0.0018468201023286307,0.015647356615091253,,,-0.0018468201023286307,0.015647356615091253,-0.0018468201023286307,0.015647356615091253,,,-0.0018468201023286307,0.015647356615091253
86,14,-0.0018468201023286307,0.015647356615091253,-0.0018468201023286307,0.015647356615091253,True,-0.0018468201023286307,0.015647356615091253,,,-0.0018468201023286307,0.015647356615091253,-0.0018468201023286307,0.015647356615091253,,,-0.0018468201023286307,0.015647356615091253
86,15,-0.0018468201023286307,0.015647356615091253,-0.0018468201023286307,0.015647356615091253,True,-0.0018468201023286307,0.015647356615091253,,,-0.0018468201023286307,0.015647356615091253,-0.0018468201023286307,0.015647356615091253,,,-0.0018468201023286307,0.015647356615091253
86,16,-0.0018468201023286307,0.015647356615091253,-0.0018468201023286307,0.015647356615091253,True,-0.0018468201023286307,0.015647356615091253,,,-0.0018468201023286307,0.015647356615091253,-0.0018468201023286307,0.015647356615091253,,,-0.0018468201023286307,0.015647356615091253
86,17,-0.0018468201023286307,0.015647356615091253,-0.0018468201023286307,0.015647356615091253,True,-0.0018468201023286307,0.015647356615091253,,,-0.0018468201023286307,0.015647356615091253,-0.0018468201023286307,0.015647356615091253,,,-0.0018468201023286307,0.015647356615091253
86,18,-0.0018468201023286307,0.015647356615091253,-0.0018468201023286307,0.015647356615091253,False,-0.0018468201023286307,0.015647356615091253,,,-0.0018468201023286307,0.015647356615091253,-0.0018468201023286307,0.015647356615091253,,,-0.0018468201023286307,0.015647356615091253
86,19,-0.0018468201023286307,0.015647356615091253,-0.0018468201023286307,0.015647356615091253,True,-0.0018468201023286307,0.015647356615091253,,,-0.0018468201023286307,0.015647356615091253,-0.0018468201023286307,0.015647356615091253,1.0,-0.11755457420407397,-0.0018468201023286307,-0.10190721758898272
86,20,-0.0018468201023286307,0.015647356615091253,-0.0018468201023286307,-0.012747189097307397,True,-0.0018468201023286307,-0.012747189097307397,,,-0.0018468201023286307,-0.012747189097307397,-0.0018468201023286307,0.015647356615091253,,,-0.0018468201023286307,0.015647356615091253
86,21,-0.0018468201023286307,-0.012747189097307397,-0.0018468201023286307,-0.012747189097307397,True,-0.0018468201023286307,-0.012747189097307397,,,-0.0018468201023286307,-0.012747189097307397,-0.0018468201023286307,-0.012747189097307397,,,-0.0018468201023286307,-0.012747189097307397
86,22,-0.0018468201023286307,0.004958947112135738,-0.0018468201023286307,0.015647356615091253,False,-0.0018468201023286307,0.004958947112135738,,,-0.0018468201023286307,0.004958947112135738,-0.0018468201023286307,0.015647356615091253,,,-0.0018468201023286307,0.015647356615091253
86,23,-0.0018468201023286307,0.015647356615091253,-0.0018468201023286307,0.015647356615091253,True,-0.0018468201023286307,0.015647356615091253,,,-0.0018468201023286307,0.015647356615091253,-0.0018468201023286307,0.015647356615091253,,,-0.0018468201023286307,0.015647356615091253
86,24,-0.0018468201023286307,0.015647356615091253,-0.0018468201023286307,0.004958947112135738,False,-0.0018468201023286307,0.015647356615091253,,,-0.0018468201023286307,0.015647356615091253,-0.0018468201023286307,0.004958947112135738,,,-0.0018468201023286307,0.004958947112135738
86,25,-0.0018468201023286307,-0.012747189097307397,-0.0018468201023286307,0.015647356615091253,False,-0.0018468201023286307,-0.012747189097307397,,,-0.0018468201023286307,-0.012747189097307397,-0.0018468201023286307,0.015647356615091253,,,-0.0018468201023286307,0.015647356615091253
87,1,-0.0018468201023286307,0.015647356615091253,-0.0018468201023286307,0.015647356615091253,True,-0.0018468201023286307,0.015647356615091253,,,-0.0018468201023286307,0.015647356615091253,-0.0018468201023286307,0.015647356615091253,,,-0.0018468201023286307,0.015647356615091253
87,2,-0.0018468201023286307,0.015647356615091253,-0.0018468201023286307,0.004958947112135738,True,-0.0018468201023286307,0.004958947112135738,,,-0.0018468201023286307,0.004958947112135738,-0.0018468201023286307,0.015647356615091253,,,-0.0018468201023286307,0.015647356615091253
87,3,-0.0018468201023286307,0.015647356615091253,-0.0018468201023286307,0.015647356615091253,True,-0.0018468201023286307,0.015647356615091253,,,-0.0018468201023286307,0.015647356615091253,-0.0018468201023286307,0.015647356615091253,,,-0.0018468201023286307,0.015647356615091253
87,4,-0.0018468201023286307,0.015647356615091253,-0.0018468201023286307,-0.012747189097307397,True,-0.0018468201023286307,-0.012747189097307397,,,-0.0018468201023286307,-0.012747189097307397,-0.0018468201023286307,0.015647356615091253,,,-0.0018468201023286307,0.015647356615091253
87,5,-0.0018468201023286307,0.015647356615091253,-0.0018468201023286307,0.004958947112135738,True,-0.0018468201023286307,0.004958947112135738,,,-0.0018468201023286307,0.004958947112135738,-0.0018468201023286307,0.015647356615091253,,,-0.0018468201023286307,0.015647356615091253
87,6,-0.0018468201023286307,0.015647356615091253,-0.0018468201023286307,-0.012747189097307397,True,-0.0018468201023286307,-0.012747189097307397,,,-0.0018468201023286307,-0.012747189097307397,-0.0018468201023286307,0.015647356615091253,,,-0.0018468201023286307,0.015647356615091253
87,7,-0.0018468201023286307,-0.012747189097307397,-0.0018468201023286307,0.015647356615091253,True,-0.0018468201023286307,0.015647356615091253,,,-0.0018468201023286307,0.015647356615091253,-0.0018468201023286307,-0.012747189097307397,,,-0.0018468201023286307,-0.012747189097307397
87,8,-0.0018468201023286307,0.015647356615091253,-0.0018468201023286307,0.015647356615091253,True,-0.0018468201023286307,0.015647356615091253,,,-0.0018468201023286307,0.015647356615091253,-0.0018468201023286307,0.015647356615091253,,,-0.0018468201023286307,0.015647356615091253
87,9,-0.0018468201023286307,-0.012747189097307397,-0.0018468201023286307,0.015647356615091253,True,-0.0018468201023286307,0.015647356615091253,,,-0.0018468201023286307,0.015647356615091253,-0.0018468201023286307,-0.012747189097307397,,,-0.0018468201023286307,-0.012747189097307397
87,10,-0.0018468201023286307,0.015647356615091253,-0.0018468201023286307,0.015647356615091253,True,-0.0018468201023286307,0.015647356615091253,,,-0.0018468201023286307,0.015647356615091253,-0.0018468201023286307,0.015647356615091253,,,-0.0018468201023286307,0.015647356615091253
87,11,-0.0018468201023286307,0.015647356615091253,-0.0018468201023286307,0.015647356615091253,True,-0.0018468201023286307,0.015647356615091253,,,-0.0018468201023286307,0.015647356615091253,-0.0018468201023286307,0.015647356615091253,,,-0.0018468201023286307,0.015647356615091253
87,12,-0.0018468201023286307,0.004958947112135738,-0.0018468201023286307,-0.10190721758898272,True,-0.0018468201023286307,-0.10190721758898272,,,-0.0018468201023286307,-0.10190721758898272,-0.0018468201023286307,0.004958947112135738,,,-0.0018468201023286307,0.004958947112135738
87,13,-0.0018468201023286307,0.015647356615091253,-0.0018468201023286307,0.015647356615091253,True,-0.0018468201023286307,0.015647356615091253,,,-0.0018468201023286307,0.015647356615091253,-0.0018468201023286307,0.015647356615091253,,,-0.0018468201023286307,0.015647356615091253
87,14,-0.0018468201023286307,0.015647356615091253,-0.0018468201023286307,0.004958947112135738,True,-0.0018468201023286307,0.004958947112135738,,,-0.0018468201023286307,0.004958947112135738,-0.0018468201023286307,0.015647356615091253,,,-0.0018468201023286307,0.015647356615091253
87,15,-0.0018468201023286307,0.015647356615091253,-0.0018468201023286307,0.015647356615091253,True,-0.0018468201023286307,0.015647356615091253,,,-0.0018468201023286307,0.015647356615091253,-0.0018468201023286307,0.015647356615091253,,,-0.0018468201023286307,0.015647356615091253
87,16,-0.0018468201023286307,0.015647356615091253,-0.0018468201023286307,0.015647356615091253,True,-0.0018468201023286307,0.015647356615091253,,,-0.0018468201023286307,0.015647356615091253,-0.0018468201023286307,0.015647356615091253,,,-0.0018468201023286307,0.015647356615091253
87,17,-0.0018468201023286307,0.004958947112135738,-0.0018468201023286307,0.015647356615091253,True,-0.0018468201023286307,0.015647356615091253,,,-0.0018468201023286307,0.015647356615091253,-0.0018468201023286307,0.004958947112135738,,,-0.0018468201023286307,0.004958947112135738
87,18,-0.0018468201023286307,0.015647356615091253,-0.0018468201023286307,0.015647356615091253,True,-0.0018468201023286307,0.015647356615091253,,,-0.0018468201023286307,0.015647356615091253,-0.0018468201023286307,0.015647356615091253,,,-0.0018468201023286307,0.015647356615091253
87,19,-0.0018468201023286307,-0.012747189097307397,-0.0018468201023286307,0.015647356615091253,True,-0.0018468201023286307,0.015647356615091253,0.0,0.15676979080283437,0.15492297070050576,0.015647356615091253,-0.0018468201023286307,-0.012747189097307397,,,-0.0018468201023286307,-0.012747189097307397
87,20,-0.08458509681612487,0.015647356615091253,-0.0018468201023286307,-0.012747189097307397,True,-0.08458509681612487,-0.012747189097307397,,,-0.08458509681612487,-0.012747189097307397,-0.0018468201023286307,0.015647356615091253,,,-0.0018468201023286307,0.015647356615091253
87,21,-0.0018468201023286307,-0.012747189097307397,-0.0018468201023286307,0.015647356615091253,True,-0.0018468201023286307,0.015647356615091253,,,-0.0018468201023286307,0.015647356615091253,-0.0018468201023286307,-0.012747189097307397,,,-0.0018468201023286307,-0.012747189097307397
87,22,-0.0018468201023286307,0.015647356615091253,-0.0018468201023286307,0.004958947112135738,False,-0.0018468201023286307,0.015647356615091253,,,-0.0018468201023286307,0.015647356615091253,-0.0018468201023286307,0.004958947112135738,,,-0.0018468201023286307,0.004958947112135738
87,23,-0.0018468201023286307,0.015647356615091253,-0.0018468201023286307,0.015647356615091253,True,-0.0018468201023286307,0.015647356615091253,,,-0.0018468201023286307,0.015647356615091253,-0.0018468201023286307,0.015647356615091253,,,-0.0018468201023286307,0.015647356615091253
87,24,-0.0018468201023286307,-0.012747189097307397,-0.0018468201023286307,0.015647356615091253,True,-0.0018468201023286307,0.015647356615091253,,,-0.0018468201023286307,0.015647356615091253,-0.0018468201023286307,-0.012747189097307397,,,-0.0018468201023286307,-0.012747189097307397
87,25,-0.0018468201023286307,0.015647356615091253,-0.0018468201023286307,0.015647356615091253,True,-0.0018468201023286307,0.015647356615091253,,,-0.0018468201023286307,0.015647356615091253,-0.0018468201023286307,0.015647356615091253,,,-0.0018468201023286307,0.015647356615091253
88,1,-0.0018468201023286307,0.015647356615091253,-0.0018468201023286307,0.015647356615091253,True,-0.0018468201023286307,0.015647356615091253,,,-0.0018468201023286307,0.015647356615091253,-0.0018468201023286307,0.015647356615091253,,,-0.0018468201023286307,0.015647356615091253
88,2,-0.0018468201023286307,0.015647356615091253,-0.0018468201023286307,0.004958947112135738,True,-0.0018468201023286307,0.004958947112135738,,,-0.0018468201023286307,0.004958947112135738,-0.0018468201023286307,0.015647356615091253,,,-0.0018468201023286307,0.015647356615091253
88,3,-0.0018468201023286307,0.015647356615091253,-0.0018468201023286307,-0.012747189097307397,True,-0.0018468201023286307,-0.012747189097307397,,,-0.0018468201023286307,-0.012747189097307397,-0.0018468201023286307,0.015647356615091253,,,-0.0018468201023286307,0.015647356615091253
88,4,-0.0018468201023286307,0.004958947112135738,-0.0018468201023286307,0.015647356615091253,True,-0.0018468201023286307,0.015647356615091253,,,-0.0018468201023286307,0.015647356615091253,-0.0018468201023286307,0.004958947112135738,,,-0.0018468201023286307,0.004958947112135738
88,5,-0.0018468201023286307,0.015647356615091253,-0.0018468201023286307,0.015647356615091253,True,-0.0018468201023286307,0.015647356615091253,,,-0.0018468201023286307,0.015647356615091253,-0.0018468201023286307,0.015647356615091253,,,-0.0018468201023286307,0.015647356615091253
88,6,-0.0018468201023286307,0.004958947112135738,-0.0018468201023286307,0.015647356615091253,False,-0.0018468201023286307,0.004958947112135738,,,-0.0018468201023286307,0.004958947112135738,-0.0018468201023286307,0.015647356615091253,,,-0.0018468201023286307,0.015647356615091253
88,7,-0.0018468201023286307,0.015647356615091253,-0.0018468201023286307,0.015647356615091253,True,-0.0018468201023286307,0.015647356615091253,0.0,-1.5414025714744066,-1.5432493915767354,0.015647356615091253,-0.0018468201023286307,0.015647356615091253,,,-0.0018468201023286307,0.015647356615091253
88,8,-0.0018468201023286307,0.015647356615091253,-0.0018468201023286307,-0.012747189097307397,True,-0.0018468201023286307,-0.012747189097307397,,,-0.0018468201023286307,-0.012747189097307397,-0.0018468201023286307,0.015647356615091253,,,-0.0018468201023286307,0.015647356615091253
88,9,-0.0018468201023286307,-0.012747189097307397,-0.0018468201023286307,0.015647356615091253,True,-0.0018468201023286307,0.015647356615091253,,,-0.0018468201023286307,0.015647356615091253,-0.0018468201023286307,-0.012747189097307397,,,-0.0018468201023286307,-0.012747189097307397
88,10,-0.0018468201023286307,0.015647356615091253,-0.0018468201023286307,0.015647356615091253,True,-0.0018468201023286307,0.015647356615091253,,,-0.0018468201023286307,0.015647356615091253,-0.0018468201023286307,0.015647356615091253,0.0,-0.7868190479510194,-0.788665868053348,0.015647356615091253
88,11,-0.0018468201023286307,-0.012747189097307397,-0.0018468201023286307,0.015647356615091253,False,-0.0018468201023286307,-0.012747189097307397,,,-0.0018468201023286307,-0.012747189097307397,-0.0018468201023286307,0.015647356615091253,,,-0.0018468201023286307,0.015647356615091253
88,12,-0.0018468201023286307,0.015647356615091253,-0.0018468201023286307,0.015647356615091253,False,-0.0018468201023286307,0.015647356615091253,,,-0.0018468201023286307,0.015647356615091253,-0.0018468201023286307,0.015647356615091253,,,-0.0018468201023286307,0.015647356615091253
88,13,-0.0018468201023286307,0.015647356615091253,-0.0018468201023286307,-0.012747189097307397,False,-0.0018468201023286307,0.015647356615091253,,,-0.0018468201023286307,0.015647356615091253,-0.0018468201023286307,-0.012747189097307397,,,-0.0018468201023286307,-0.012747189097307397
88,14,-0.0018468201023286307,-0.012747189097307397,-0.0018468201023286307,0.015647356615091253,True,-0.0018468201023286307,0.015647356615091253,,,-0.0018468201023286307,0.015647356615091253,-0.0018468201023286307,-0.012747189097307397,,,-0.0018468201023286307,-0.012747189097307397
88,15,-0.0018468201023286307,0.004958947112135738,-0.0018468201023286307,0.015647356615091253,True,-0.0018468201023286307,0.015647356615091253,,,-0.0018468201023286307,0.015647356615091253,-0.0018468201023286307,0.004958947112135738,,,-0.0018468201023286307,0.004958947112135738
88,16,-0.0018468201023286307,0.015647356615091253,-0.0018468201023286307,-0.012747189097307397,True,-0.0018468201023286307,-0.012747189097307397,,,-0.0018468201023286307,-0.012747189097307397,-0.0018468201023286307,0.015647356615091253,,,-0.0018468201023286307,0.015647356615091253
88,17,-0.0018468201023286307,-0.012747189097307397,-0.0018468201023286307,0.004958947112135738,True,-0.0018468201023286307,0.004958947112135738,,,-0.0018468201023286307,0.004958947112135738,-0.0018468201023286307,-0.012747189097307397,,,-0.0018468201023286307,-0.012747189097307397
88,18,-0.0018468201023286307,0.015647356615091253,-0.0018468201023286307,0.015647356615091253,True,-0.0018468201023286307,0.015647356615091253,,,-0.0018468201023286307,0.015647356615091253,-0.0018468201023286307,0.015647356615091253,,,-0.0018468201023286307,0.015647356615091253
88,19,-0.0018468201023286307,0.015647356615091253,-0.0018468201023286307,0.015647356615091253,True,-0.0018468201023286307,0.015647356615091253,,,-0.0018468201023286307,0.015647356615091253,-0.0018468201023286307,0.015647356615091253,,,-0.0018468201023286307,0.015647356615091253
88,20,-0.0018468201023286307,0.015647356615091253,-0.0018468201023286307,0.015647356615091253,True,-0.0018468201023286307,0.015647356615091253,,,-0.0018468201023286307,0.015647356615091253,-0.0018468201023286307,0.015647356615091253,,,-0.0018468201023286307,0.015647356615091253
88,21,-0.0018468201023286307,0.015647356615091253,-0.0018468201023286307,0.015647356615091253,True,-0.0018468201023286307,0.015647356615091253,,,-0.0018468201023286307,0.015647356615091253,-0.0018468201023286307,0.015647356615091253,,,-0.0018468201023286307,0.015647356615091253
88,22,-0.0018468201023286307,-0.012747189097307397,-0.0018468201023286307,0.004958947112135738,False,-0.0018468201023286307,-0.012747189097307397,,,-0.0018468201023286307,-0.012747189097307397,-0.0018468201023286307,0.004958947112135738,,,-0.0018468201023286307,0.004958947112135738
88,23,-0.0018468201023286307,0.015647356615091253,-0.0018468201023286307,0.015647356615091253,True,-0.0018468201023286307,0.015647356615091253,,,-0.0018468201023286307,0.015647356615091253,-0.0018468201023286307,0.015647356615091253,,,-0.0018468201023286307,0.015647356615091253
88,24,-0.0018468201023286307,0.015647356615091253,-0.0018468201023286307,0.004958947112135738,True,-0.0018468201023286307,0.004958947112135738,,,-0.0018468201023286307,0.004958947112135738,-0.0018468201023286307,0.015647356615091253,,,-0.0018468201023286307,0.015647356615091253
88,25,-0.0018468201023286307,0.015647356615091253,-0.0018468201023286307,0.015647356615091253,True,-0.0018468201023286307,0.015647356615091253,,,-0.0018468201023286307,0.015647356615091253,-0.0018468201023286307,0.015647356615091253,,,-0.0018468201023286307,0.015647356615091253
89,1,-0.0018468201023286307,0.004958947112135738,-0.0018468201023286307,0.004958947112135738,True,-0.0018468201023286307,0.004958947112135738,,,-0.0018468201023286307,0.004958947112135738,-0.0018468201023286307,0.004958947112135738,,,-0.0018468201023286307,0.004958947112135738
89,2,-0.0018468201023286307,0.015647356615091253,-0.0018468201023286307,-0.012747189097307397,True,-0.0018468201023286307,-0.012747189097307397,,,-0.0018468201023286307,-0.012747189097307397,-0.0018468201023286307,0.015647356615091253,,,-0.0018468201023286307,0.015647356615091253
89,3,-0.0018468201023286307,-0.012747189097307397,-0.0018468201023286307,-0.012747189097307397,True,-0.0018468201023286307,-0.012747189097307397,,,-0.0018468201023286307,-0.012747189097307397,-0.0018468201023286307,-0.012747189097307397,,,-0.0018468201023286307,-0.012747189097307397
89,4,-0.0018468201023286307,0.004958947112135738,-0.0018468201023286307,0.015647356615091253,True,-0.0018468201023286307,0.015647356615091253,,,-0.0018468201023286307,0.015647356615091253,-0.0018468201023286307,0.004958947112135738,,,-0.0018468201023286307,0.004958947112135738
89,5,-0.0018468201023286307,0.015647356615091253,-0.0018468201023286307,0.015647356615091253,True,-0.0018468201023286307,0.015647356615091253,,,-0.0018468201023286307,0.015647356615091253,-0.0018468201023286307,0.015647356615091253,,,-0.0018468201023286307,0.015647356615091253
89,6,-0.0018468201023286307,0.004958947112135738,-0.0018468201023286307,-0.012747189097307397,True,-0.0018468201023286307,-0.012747189097307397,,,-0.0018468201023286307,-0.012747189097307397,-0.0018468201023286307,0.004958947112135738,0.0,-0.2976862142324568,-0.2995330343347854,0.004958947112135738
89,7,-0.0018468201023286307,0.015647356615091253,-0.0018468201023286307,0.015647356615091253,True,-0.0018468201023286307,0.015647356615091253,,,-0.0018468201023286307,0.015647356615091253,-0.0018468201023286307,0.015647356615091253,,,-0.0018468201023286307,0.015647356615091253
89,8,-0.0018468201023286307,0.015647356615091253,-0.0018468201023286307,0.015647356615091253,False,-0.0018468201023286307,0.015647356615091253,,,-0.0018468201023286307,0.015647356615091253,-0.0018468201023286307,0.015647356615091253,,,-0.0018468201023286307,0.015647356615091253
89,9,-0.0018468201023286307,-0.012747189097307397,-0.0018468201023286307,0.004958947112135738,True,-0.0018468201023286307,0.004958947112135738,,,-0.0018468201023286307,0.004958947112135738,-0.0018468201023286307,-0.012747189097307397,1.0,1.092512922289161,-0.0018468201023286307,1.0797657331918535
89,10,-0.0018468201023286307,0.015647356615091253,-0.0018468201023286307,0.015647356615091253,True,-0.0018468201023286307,0.015647356615091253,,,-0.0018468201023286307,0.015647356615091253,-0.0018468201023286307,0.015647356615091253,,,-0.0018468201023286307,0.015647356615091253
89,11,-0.0018468201023286307,0.015647356615091253,-0.0018468201023286307,-0.012747189097307397,True,-0.0018468201023286307,-0.012747189097307397,,,-0.0018468201023286307,-0.012747189097307397,-0.0018468201023286307,0.015647356615091253,,,-0.0018468201023286307,0.015647356615091253
89,12,-0.0018468201023286307,-0.012747189097307397,-0.0018468201023286307,0.015647356615091253,True,-0.0018468201023286307,0.015647356615091253,0.0,-0.10255300259999658,-0.10439982270232522,0.015647356615091253,-0.0018468201023286307,-0.012747189097307397,,,-0.0018468201023286307,-0.012747189097307397
89,13,-0.0018468201023286307,0.015647356615091253,-0.0018468201023286307,0.015647356615091253,True,-0.0018468201023286307,0.015647356615091253,,,-0.0018468201023286307,0.015647356615091253,-0.0018468201023286307,0.015647356615091253,,,-0.0018468201023286307,0.015647356615091253
89,14,-0.0018468201023286307,0.015647356615091253,-0.0018468201023286307,0.015647356615091253,True,-0.0018468201023286307,0.015647356615091253,,,-0.0018468201023286307,0.015647356615091253,-0.0018468201023286307,0.015647356615091253,,,-0.0018468201023286307,0.015647356615091253
89,15,-0.0018468201023286307,0.015647356615091253,-0.0018468201023286307,-0.012747189097307397,True,-0.0018468201023286307,-0.012747189097307397,1.0,0.26296912330125083,-0.0018468201023286307,0.25022193420394345,-0.0018468201023286307,0.015647356615091253,,,-0.0018468201023286307,0.015647356615091253
89,16,-0.788665868053348,0.015647356615091253,-0.0018468201023286307,0.015647356615091253,True,-0.788665868053348,0.015647356615091253,,,-0.788665868053348,0.015647356615091253,-0.0018468201023286307,0.015647356615091253,,,-0.0018468201023286307,0.015647356615091253
89,17,-0.0018468201023286307,0.015647356615091253,-0.0018468201023286307,0.015647356615091253,True,-0.0018468201023286307,0.015647356615091253,,,-0.0018468201023286307,0.015647356615091253,-0.0018468201023286307,0.015647356615091253,,,-0.0018468201023286307,0.015647356615091253
89,18,-0.0018468201023286307,0.004958947112135738,-0.0018468201023286307,0.015647356615091253,True,-0.0018468201023286307,0.015647356615091253,,,-0.0018468201023286307,0.015647356615091253,-0.0018468201023286307,0.004958947112135738,,,-0.0018468201023286307,0.004958947112135738
89,19,-0.0018468201023286307,0.004958947112135738,-0.0018468201023286307,0.015647356615091253,True,-0.0018468201023286307,0.015647356615091253,,,-0.0018468201023286307,0.015647356615091253,-0.0018468201023286307,0.004958947112135738,,,-0.0018468201023286307,0.004958947112135738
89,20,-0.0018468201023286307,0.004958947112135738,-0.0018468201023286307,0.004958947112135738,True,-0.0018468201023286307,0.004958947112135738,,,-0.0018468201023286307,0.004958947112135738,-0.0018468201023286307,0.004958947112135738,,,-0.0018468201023286307,0.004958947112135738
89,21,-0.0018468201023286307,0.015647356615091253,-0.0018468201023286307,0.004958947112135738,True,-0.0018468201023286307,0.004958947112135738,,,-0.0018468201023286307,0.004958947112135738,-0.0018468201023286307,0.015647356615091253,,,-0.0018468201023286307,0.015647356615091253
89,22,-0.0018468201023286307,0.004958947112135738,-0.0018468201023286307,0.015647356615091253,False,-0.0018468201023286307,0.004958947112135738,,,-0.0018468201023286307,0.004958947112135738,-0.0018468201023286307,0.015647356615091253,,,-0.0018468201023286307,0.015647356615091253
89,23,-0.0018468201023286307,0.015647356615091253,-0.0018468201023286307,-0.012747189097307397,True,-0.0018468201023286307,-0.012747189097307397,,,-0.0018468201023286307,-0.012747189097307397,-0.0018468201023286307,0.015647356615091253,,,-0.0018468201023286307,0.015647356615091253
89,24,-0.0018468201023286307,0.015647356615091253,-0.0018468201023286307,0.015647356615091253,True,-0.0018468201023286307,0.015647356615091253,,,-0.0018468201023286307,0.015647356615091253,-0.0018468201023286307,0.015647356615091253,,,-0.0018468201023286307,0.015647356615091253
89,25,-0.0018468201023286307,-0.012747189097307397,-0.0018468201023286307,0.015647356615091253,True,-0.0018468201023286307,0.015647356615091253,,,-0.0018468201023286307,0.015647356615091253,-0.0018468201023286307,-0.012747189097307397,,,-0.0018468201023286307,-0.012747189097307397
90,1,-0.0018468201023286307,0.015647356615091253,-0.0018468201023286307,0.015647356615091253,True,-0.0018468201023286307,0.015647356615091253,,,-0.0018468201023286307,0.015647356615091253,-0.0018468201023286307,0.015647356615091253,,,-0.0018468201023286307,0.015647356615091253
90,2,-0.0018468201023286307,0.015647356615091253,-0.0018468201023286307,0.015647356615091253,True,-0.0018468201023286307,0.015647356615091253,,,-0.0018468201023286307,0.015647356615091253,-0.0018468201023286307,0.015647356615091253,,,-0.0018468201023286307,0.015647356615091253
90,3,-0.0018468201023286307,0.25022193420394345,-0.0018468201023286307,-0.012747189097307397,False,-0.0018468201023286307,0.25022193420394345,,,-0.0018468201023286307,0.25022193420394345,-0.0018468201023286307,-0.012747189097307397,,,-0.0018468201023286307,-0.012747189097307397
90,4,-0.0018468201023286307,-0.012747189097307397,-0.0018468201023286307,0.004958947112135738,True,-0.0018468201023286307,0.004958947112135738,,,-0.0018468201023286307,0.004958947112135738,-0.0018468201023286307,-0.012747189097307397,,,-0.0018468201023286307,-0.012747189097307397
90,5,-0.0018468201023286307,0.015647356615091253,-0.0018468201023286307,-0.012747189097307397,True,-0.0018468201023286307,-0.012747189097307397,,,-0.0018468201023286307,-0.012747189097307397,-0.0018468201023286307,0.015647356615091253,,,-0.0018468201023286307,0.015647356615091253
90,6,-0.0018468201023286307,0.015647356615091253,-0.0018468201023286307,0.004958947112135738,True,-0.0018468201023286307,0.004958947112135738,,,-0.0018468201023286307,0.004958947112135738,-0.0018468201023286307,0.015647356615091253,,,-0.0018468201023286307,0.015647356615091253
90,7,-0.0018468201023286307,0.004958947112135738,-0.0018468201023286307,0.015647356615091253,True,-0.0018468201023286307,0.015647356615091253,,,-0.0018468201023286307,0.015647356615091253,-0.0018468201023286307,0.004958947112135738,,,-0.0018468201023286307,0.004958947112135738
90,8,-0.0018468201023286307,-0.012747189097307397,-0.0018468201023286307,0.015647356615091253,True,-0.0018468201023286307,0.015647356615091253,,,-0.0018468201023286307,0.015647356615091253,-0.0018468201023286307,-0.012747189097307397,,,-0.0018468201023286307,-0.012747189097307397
90,9,-0.0018468201023286307,0.004958947112135738,-0.0018468201023286307,-0.012747189097307397,False,-0.0018468201023286307,0.004958947112135738,,,-0.0018468201023286307,0.004958947112135738,-0.0018468201023286307,-0.012747189097307397,,,-0.0018468201023286307,-0.012747189097307397
90,10,-0.0018468201023286307,0.015647356615091253,-0.0018468201023286307,0.015647356615091253,True,-0.0018468201023286307,0.015647356615091253,1.0,-0.6860760240599897,-0.0018468201023286307,-0.6704286674448985,-0.0018468201023286307,0.015647356615091253,,,-0.0018468201023286307,0.015647356615091253
90,11,-0.0018468201023286307,0.004958947112135738,-0.0018468201023286307,0.015647356615091253,False,-0.0018468201023286307,0.004958947112135738,,,-0.0018468201023286307,0.004958947112135738,-0.0018468201023286307,0.015647356615091253,,,-0.0018468201023286307,0.015647356615091253
90,12,-0.0018468201023286307,0.004958947112135738,-0.0018468201023286307,-0.012747189097307397,True,-0.0018468201023286307,-0.012747189097307397,,,-0.0018468201023286307,-0.012747189097307397,-0.0018468201023286307,0.004958947112135738,,,-0.0018468201023286307,0.004958947112135738
90,13,-0.0018468201023286307,0.015647356615091253,-0.0018468201023286307,0.015647356615091253,False,-0.0018468201023286307,0.015647356615091253,,,-0.0018468201023286307,0.015647356615091253,-0.0018468201023286307,0.015647356615091253,,,-0.0018468201023286307,0.015647356615091253
90,14,-0.10439982270232522,0.015647356615091253,-0.0018468201023286307,-0.012747189097307397,True,-0.10439982270232522,-0.012747189097307397,,,-0.10439982270232522,-0.012747189097307397,-0.0018468201023286307,0.015647356615091253,,,-0.0018468201023286307,0.015647356615091253
90,15,-0.0018468201023286307,0.004958947112135738,-0.0018468201023286307,0.004958947112135738,True,-0.0018468201023286307,0.004958947112135738,,,-0.0018468201023286307,0.004958947112135738,-0.0018468201023286307,0.004958947112135738,,,-0.0018468201023286307,0.004958947112135738
90,16,-0.0018468201023286307,0.015647356615091253,-0.0018468201023286307,0.015647356615091253,False,-0.0018468201023286307,0.015647356615091253,,,-0.0018468201023286307,0.015647356615091253,-0.0018468201023286307,0.015647356615091253,,,-0.0018468201023286307,0.015647356615091253
90,17,-0.0018468201023286307,0.015647356615091253,-0.0018468201023286307,0.015647356615091253,True,-0.0018468201023286307,0.015647356615091253,,,-0.0018468201023286307,0.015647356615091253,-0.0018468201023286307,0.015647356615091253,,,-0.0018468201023286307,0.015647356615091253
90,18,-0.0018468201023286307,-0.012747189097307397,-0.0018468201023286307,-0.012747189097307397,False,-0.0018468201023286307,-0.012747189097307397,,,-0.0018468201023286307,-0.012747189097307397,-0.0018468201023286307,-0.012747189097307397,,,-0.0018468201023286307,-0.012747189097307397
90,19,-0.0018468201023286307,0.015647356615091253,-0.0018468201023286307,0.015647356615091253,True,-0.0018468201023286307,0.015647356615091253,,,-0.0018468201023286307,0.015647356615091253,-0.0018468201023286307,0.015647356615091253,,,-0.0018468201023286307,0.015647356615091253
90,20,-0.0018468201023286307,0.015647356615091253,-0.0018468201023286307,0.004958947112135738,False,-0.0018468201023286307,0.015647356615091253,,,-0.0018468201023286307,0.015647356615091253,-0.0018468201023286307,0.004958947112135738,,,-0.0018468201023286307,0.004958947112135738
90,21,-0.0018468201023286307,-0.012747189097307397,-0.0018468201023286307,-0.012747189097307397,True,-0.0018468201023286307,-0.012747189097307397,,,-0.0018468201023286307,-0.012747189097307397,-0.0018468201023286307,-0.012747189097307397,,,-0.0018468201023286307,-0.012747189097307397
90,22,-0.0018468201023286307,0.015647356615091253,-0.0018468201023286307,0.015647356615091253,True,-0.0018468201023286307,0.015647356615091253,,,-0.0018468201023286307,0.015647356615091253,-0.0018468201023286307,0.015647356615091253,,,-0.0018468201023286307,0.015647356615091253
90,23,-0.0018468201023286307,0.015647356615091253,-0.0018468201023286307,0.015647356615091253,True,-0.0018468201023286307,0.015647356615091253,,,-0.0018468201023286307,0.015647356615091253,-0.0018468201023286307,0.015647356615091253,,,-0.0018468201023286307,0.015647356615091253
90,24,-0.0018468201023286307,0.015647356615091253,-0.0018468201023286307,0.015647356615091253,True,-0.0018468201023286307,0.015647356615091253,,,-0.0018468201023286307,0.015647356615091253,-0.0018468201023286307,0.015647356615091253,,,-0.0018468201023286307,0.015647356615091253
90,25,-0.0018468201023286307,0.015647356615091253,-0.0018468201023286307,0.015647356615091253,False,-0.0018468201023286307,0.015647356615091253,,,-0.0018468201023286307,0.015647356615091253,-0.0018468201023286307,0.015647356615091253,,,-0.0018468201023286307,0.015647356615091253
91,1,-0.0018468201023286307,-0.012747189097307397,-0.0018468201023286307,0.015647356615091253,True,-0.0018468201023286307,0.015647356615091253,,,-0.0018468201023286307,0.015647356615091253,-0.0018468201023286307,-0.012747189097307397,,,-0.0018468201023286307,-0.012747189097307397
91,2,-0.0018468201023286307,0.004958947112135738,-0.0018468201023286307,-0.012747189097307397,True,-0.0018468201023286307,-0.012747189097307397,,,-0.0018468201023286307,-0.012747189097307397,-0.0018468201023286307,0.004958947112135738,,,-0.0018468201023286307,0.004958947112135738
91,3,-0.0018468201023286307,0.015647356615091253,-0.0018468201023286307,0.015647356615091253,False,-0.0018468201023286307,0.015647356615091253,,,-0.0018468201023286307,0.015647356615091253,-0.0018468201023286307,0.015647356615091253,,,-0.0018468201023286307,0.015647356615091253
91,4,-0.0018468201023286307,0.004958947112135738,-0.0018468201023286307,0.015647356615091253,True,-0.0018468201023286307,0.015647356615091253,,,-0.0018468201023286307,0.015647356615091253,-0.0018468201023286307,0.004958947112135738,,,-0.0018468201023286307,0.004958947112135738
91,5,-0.0018468201023286307,0.004958947112135738,-0.0018468201023286307,0.015647356615091253,True,-0.0018468201023286307,0.015647356615091253,,,-0.0018468201023286307,0.015647356615091253,-0.0018468201023286307,0.004958947112135738,,,-0.0018468201023286307,0.004958947112135738
91,6,-0.0018468201023286307,0.004958947112135738,-0.0018468201023286307,-0.012747189097307397,False,-0.0018468201023286307,0.004958947112135738,,,-0.0018468201023286307,0.004958947112135738,-0.0018468201023286307,-0.012747189097307397,,,-0.0018468201023286307,-0.012747189097307397
91,7,-0.0018468201023286307,0.015647356615091253,-0.0018468201023286307,0.015647356615091253,False,-0.0018468201023286307,0.015647356615091253,,,-0.0018468201023286307,0.015647356615091253,-0.0018468201023286307,0.015647356615091253,,,-0.0018468201023286307,0.015647356615091253
91,8,-0.0018468201023286307,0.015647356615091253,-0.0018468201023286307,-0.012747189097307397,True,-0.0018468201023286307,-0.012747189097307397,,,-0.0018468201023286307,-0.012747189097307397,-0.0018468201023286307,0.015647356615091253,,,-0.0018468201023286307,0.015647356615091253
91,9,-0.0018468201023286307,0.015647356615091253,-0.0018468201023286307,0.015647356615091253,True,-0.0018468201023286307,0.015647356615091253,,,-0.0018468201023286307,0.015647356615091253,-0.0018468201023286307,0.015647356615091253,,,-0.0018468201023286307,0.015647356615091253
91,10,-0.0018468201023286307,0.015647356615091253,-0.0018468201023286307,0.004958947112135738,False,-0.0018468201023286307,0.015647356615091253,,,-0.0018468201023286307,0.015647356615091253,-0.0018468201023286307,0.004958947112135738,,,-0.0018468201023286307,0.004958947112135738
91,11,-0.0018468201023286307,0.015647356615091253,-0.0018468201023286307,-0.012747189097307397,True,-0.0018468201023286307,-0.012747189097307397,,,-0.0018468201023286307,-0.012747189097307397,-0.0018468201023286307,0.015647356615091253,,,-0.0018468201023286307,0.015647356615091253
91,12,-0.0018468201023286307,0.25022193420394345,-0.0018468201023286307,-0.012747189097307397,True,-0.0018468201023286307,-0.012747189097307397,,,-0.0018468201023286307,-0.012747189097307397,-0.0018468201023286307,0.25022193420394345,,,-0.0018468201023286307,0.25022193420394345
91,13,-0.0018468201023286307,0.004958947112135738,-0.0018468201023286307,-0.012747189097307397,True,-0.0018468201023286307,-0.012747189097307397,,,-0.0018468201023286307,-0.012747189097307397,-0.0018468201023286307,0.004958947112135738,,,-0.0018468201023286307,0.004958947112135738
91,14,-0.0018468201023286307,0.015647356615091253,-0.0018468201023286307,0.015647356615091253,True,-0.0018468201023286307,0.015647356615091253,,,-0.0018468201023286307,0.015647356615091253,-0.0018468201023286307,0.015647356615091253,,,-0.0018468201023286307,0.015647356615091253
91,15,-0.0018468201023286307,-0.012747189097307397,-0.0018468201023286307,-0.012747189097307397,True,-0.0018468201023286307,-0.012747189097307397,,,-0.0018468201023286307,-0.012747189097307397,-0.0018468201023286307,-0.012747189097307397,,,-0.0018468201023286307,-0.012747189097307397
91,16,-0.0018468201023286307,0.004958947112135738,-0.0018468201023286307,0.004958947112135738,False,-0.0018468201023286307,0.004958947112135738,,,-0.0018468201023286307,0.004958947112135738,-0.0018468201023286307,0.004958947112135738,,,-0.0018468201023286307,0.004958947112135738
91,17,-0.0018468201023286307,0.015647356615091253,-0.0018468201023286307,0.004958947112135738,True,-0.0018468201023286307,0.004958947112135738,,,-0.0018468201023286307,0.004958947112135738,-0.0018468201023286307,0.015647356615091253,,,-0.0018468201023286307,0.015647356615091253
91,18,-0.0018468201023286307,-0.012747189097307397,-0.0018468201023286307,0.015647356615091253,True,-0.0018468201023286307,0.015647356615091253,1.0,0.9211248782372482,-0.0018468201023286307,0.9367722348523394,-0.0018468201023286307,-0.012747189097307397,,,-0.0018468201023286307,-0.012747189097307397
91,19,-0.0018468201023286307,0.015647356615091253,-0.0018468201023286307,0.004958947112135738,True,-0.0018468201023286307,0.004958947112135738,,,-0.0018468201023286307,0.004958947112135738,-0.0018468201023286307,0.015647356615091253,,,-0.0018468201023286307,0.015647356615091253
91,20,-0.0018468201023286307,0.015647356615091253,-0.0018468201023286307,0.004958947112135738,True,-0.0018468201023286307,0.004958947112135738,,,-0.0018468201023286307,0.004958947112135738,-0.0018468201023286307,0.015647356615091253,,,-0.0018468201023286307,0.015647356615091253
91,21,-0.0018468201023286307,0.004958947112135738,-0.0018468201023286307,0.015647356615091253,True,-0.0018468201023286307,0.015647356615091253,,,-0.0018468201023286307,0.015647356615091253,-0.0018468201023286307,0.004958947112135738,,,-0.0018468201023286307,0.004958947112135738
91,22,-0.0018468201023286307,0.015647356615091253,-0.0018468201023286307,0.015647356615091253,True,-0.0018468201023286307,0.015647356615091253,,,-0.0018468201023286307,0.015647356615091253,-0.0018468201023286307,0.015647356615091253,,,-0.0018468201023286307,0.015647356615091253
91,23,-0.0018468201023286307,-0.012747189097307397,-0.0018468201023286307,0.015647356615091253,True,-0.0018468201023286307,0.015647356615091253,,,-0.0018468201023286307,0.015647356615091253,-0.0018468201023286307,-0.012747189097307397,,,-0.0018468201023286307,-0.012747189097307397
91,24,-0.0018468201023286307,0.015647356615091253,-0.0018468201023286307,0.015647356615091253,True,-0.0018468201023286307,0.015647356615091253,,,-0.0018468201023286307,0.015647356615091253,-0.0018468201023286307,0.015647356615091253,,,-0.0018468201023286307,0.015647356615091253
91,25,-0.0018468201023286307,0.015647356615091253,-0.0018468201023286307,0.015647356615091253,True,-0.0018468201023286307,0.015647356615091253,,,-0.0018468201023286307,0.015647356615091253,-0.0018468201023286307,0.015647356615091253,,,-0.0018468201023286307,0.015647356615091253
92,1,-0.0018468201023286307,-0.012747189097307397,-0.0018468201023286307,0.015647356615091253,True,-0.0018468201023286307,0.015647356615091253,,,-0.0018468201023286307,0.015647356615091253,-0.0018468201023286307,-0.012747189097307397,0.0,-0.3707990032631991,-0.3726458233655277,-0.012747189097307397
92,2,-0.0018468201023286307,0.015647356615091253,-0.0018468201023286307,-0.012747189097307397,True,-0.0018468201023286307,-0.012747189097307397,,,-0.0018468201023286307,-0.012747189097307397,-0.0018468201023286307,0.015647356615091253,,,-0.0018468201023286307,0.015647356615091253
92,3,-0.0018468201023286307,-0.012747189097307397,-0.0018468201023286307,-0.012747189097307397,True,-0.0018468201023286307,-0.012747189097307397,,,-0.0018468201023286307,-0.012747189097307397,-0.0018468201023286307,-0.012747189097307397,,,-0.0018468201023286307,-0.012747189097307397
92,4,-0.0018468201023286307,0.004958947112135738,-0.0018468201023286307,0.004958947112135738,True,-0.0018468201023286307,0.004958947112135738,,,-0.0018468201023286307,0.004958947112135738,-0.0018468201023286307,0.004958947112135738,,,-0.0018468201023286307,0.004958947112135738
92,5,-0.0018468201023286307,0.015647356615091253,-0.0018468201023286307,0.015647356615091253,False,-0.0018468201023286307,0.015647356615091253,,,-0.0018468201023286307,0.015647356615091253,-0.0018468201023286307,0.015647356615091253,1.0,0.37939811574907983,-0.0018468201023286307,0.3950454723641711
92,6,-0.0018468201023286307,0.015647356615091253,-0.0018468201023286307,0.015647356615091253,True,-0.0018468201023286307,0.015647356615091253,,,-0.0018468201023286307,0.015647356615091253,-0.0018468201023286307,0.015647356615091253,,,-0.0018468201023286307,0.015647356615091253
92,7,-0.0018468201023286307,0.015647356615091253,-0.0018468201023286307,0.004958947112135738,True,-0.0018468201023286307,0.004958947112135738,,,-0.0018468201023286307,0.004958947112135738,-0.0018468201023286307,0.015647356615091253,,,-0.0018468201023286307,0.015647356615091253
92,8,-0.0018468201023286307,-0.012747189097307397,-0.0018468201023286307,0.015647356615091253,True,-0.0018468201023286307,0.015647356615091253,,,-0.0018468201023286307,0.015647356615091253,-0.0018468201023286307,-0.012747189097307397,,,-0.0018468201023286307,-0.012747189097307397
92,9,-0.0018468201023286307,0.015647356615091253,-0.0018468201023286307,0.015647356615091253,True,-0.0018468201023286307,0.015647356615091253,,,-0.0018468201023286307,0.015647356615091253,-0.0018468201023286307,0.015647356615091253,,,-0.0018468201023286307,0.015647356615091253
92,10,-0.0018468201023286307,0.015647356615091253,-0.0018468201023286307,0.015647356615091253,True,-0.0018468201023286307,0.015647356615091253,,,-0.0018468201023286307,0.015647356615091253,-0.0018468201023286307,0.015647356615091253,,,-0.0018468201023286307,0.015647356615091253
92,11,-0.0018468201023286307,0.015647356615091253,-0.0018468201023286307,0.004958947112135738,True,-0.0018468201023286307,0.004958947112135738,1.0,-0.6367646627192449,-0.0018468201023286307,-0.6318057156071092,-0.0018468201023286307,0.015647356615091253,,,-0.0018468201023286307,0.015647356615091253
92,12,-0.0018468201023286307,0.004958947112135738,-0.0018468201023286307,0.015647356615091253,True,-0.0018468201023286307,0.015647356615091253,,,-0.0018468201023286307,0.015647356615091253,-0.0018468201023286307,0.004958947112135738,0.0,-0.7026357236126803,-0.704482543715009,0.004958947112135738
92,13,-0.0018468201023286307,0.015647356615091253,-0.0018468201023286307,0.015647356615091253,True,-0.0018468201023286307,0.015647356615091253,,,-0.0018468201023286307,0.015647356615091253,-0.0018468201023286307,0.015647356615091253,,,-0.0018468201023286307,0.015647356615091253
92,14,-0.0018468201023286307,-0.012747189097307397,-0.0018468201023286307,0.015647356615091253,True,-0.0018468201023286307,0.015647356615091253,,,-0.0018468201023286307,0.015647356615091253,-0.0018468201023286307,-0.012747189097307397,0.0,0.5464437789204536,0.544596958818125,-0.012747189097307397
92,15,-0.0018468201023286307,0.004958947112135738,-0.0018468201023286307,0.015647356615091253,True,-0.0018468201023286307,0.015647356615091253,1.0,-0.7792141362557102,-0.0018468201023286307,-0.763566779640619,-0.0018468201023286307,0.004958947112135738,,,-0.0018468201023286307,0.004958947112135738
92,16,-0.0018468201023286307,-0.012747189097307397,-0.0018468201023286307,0.015647356615091253,True,-0.0018468201023286307,0.015647356615091253,,,-0.0018468201023286307,0.015647356615091253,-0.0018468201023286307,-0.012747189097307397,,,-0.0018468201023286307,-0.012747189097307397
92,17,-0.0018468201023286307,-0.012747189097307397,-0.0018468201023286307,-0.012747189097307397,True,-0.0018468201023286307,-0.012747189097307397,,,-0.0018468201023286307,-0.012747189097307397,-0.0018468201023286307,-0.012747189097307397,,,-0.0018468201023286307,-0.012747189097307397
92,18,-0.0018468201023286307,-0.012747189097307397,-0.0018468201023286307,0.015647356615091253,False,-0.0018468201023286307,-0.012747189097307397,,,-0.0018468201023286307,-0.012747189097307397,-0.0018468201023286307,0.015647356615091253,,,-0.0018468201023286307,0.015647356615091253
92,19,-0.0018468201023286307,0.004958947112135738,-0.0018468201023286307,0.015647356615091253,False,-0.0018468201023286307,0.004958947112135738,,,-0.0018468201023286307,0.004958947112135738,-0.0018468201023286307,0.015647356615091253,,,-0.0018468201023286307,0.015647356615091253
92,20,-0.0018468201023286307,0.015647356615091253,-0.0018468201023286307,-0.012747189097307397,True,-0.0018468201023286307,-0.012747189097307397,,,-0.0018468201023286307,-0.012747189097307397,-0.0018468201023286307,0.015647356615091253,,,-0.0018468201023286307,0.015647356615091253
92,21,-0.0018468201023286307,0.015647356615091253,-0.0018468201023286307,0.004958947112135738,True,-0.0018468201023286307,0.004958947112135738,,,-0.0018468201023286307,0.004958947112135738,-0.0018468201023286307,0.015647356615091253,,,-0.0018468201023286307,0.015647356615091253
92,22,-0.0018468201023286307,0.015647356615091253,-0.0018468201023286307,0.015647356615091253,True,-0.0018468201023286307,0.015647356615091253,,,-0.0018468201023286307,0.015647356615091253,-0.0018468201023286307,0.015647356615091253,,,-0.0018468201023286307,0.015647356615091253
92,23,-0.0018468201023286307,0.015647356615091253,-0.0018468201023286307,0.015647356615091253,True,-0.0018468201023286307,0.015647356615091253,,,-0.0018468201023286307,0.015647356615091253,-0.0018468201023286307,0.015647356615091253,,,-0.0018468201023286307,0.015647356615091253
92,24,-0.0018468201023286307,-0.012747189097307397,-0.0018468201023286307,0.015647356615091253,True,-0.0018468201023286307,0.015647356615091253,,,-0.0018468201023286307,0.015647356615091253,-0.0018468201023286307,-0.012747189097307397,,,-0.0018468201023286307,-0.012747189097307397
92,25,-0.0018468201023286307,0.004958947112135738,-0.0018468201023286307,0.004958947112135738,True,-0.0018468201023286307,0.004958947112135738,,,-0.0018468201023286307,0.004958947112135738,-0.0018468201023286307,0.004958947112135738,,,-0.0018468201023286307,0.004958947112135738
93,1,-0.0018468201023286307,0.015647356615091253,-0.0018468201023286307,0.015647356615091253,False,-0.0018468201023286307,0.015647356615091253,,,-0.0018468201023286307,0.015647356615091253,-0.0018468201023286307,0.015647356615091253,,,-0.0018468201023286307,0.015647356615091253
93,2,-0.3726458233655277,-0.012747189097307397,-0.0018468201023286307,0.015647356615091253,True,-0.3726458233655277,0.015647356615091253,,,-0.3726458233655277,0.015647356615091253,-0.0018468201023286307,-0.012747189097307397,,,-0.0018468201023286307,-0.012747189097307397
93,3,-0.0018468201023286307,0.015647356615091253,-0.0018468201023286307,-0.012747189097307397,True,-0.0018468201023286307,-0.012747189097307397,,,-0.0018468201023286307,-0.012747189097307397,-0.0018468201023286307,0.015647356615091253,,,-0.0018468201023286307,0.015647356615091253
93,4,-0.0018468201023286307,-0.012747189097307397,-0.0018468201023286307,-0.012747189097307397,True,-0.0018468201023286307,-0.012747189097307397,,,-0.0018468201023286307,-0.012747189097307397,-0.0018468201023286307,-0.012747189097307397,,,-0.0018468201023286307,-0.012747189097307397
93,5,-0.0018468201023286307,0.015647356615091253,-0.0018468201023286307,-0.012747189097307397,True,-0.0018468201023286307,-0.012747189097307397,,,-0.0018468201023286307,-0.012747189097307397,-0.0018468201023286307,0.015647356615091253,,,-0.0018468201023286307,0.015647356615091253
93,6,-0.0018468201023286307,-0.012747189097307397,-0.0018468201023286307,0.004958947112135738,True,-0.0018468201023286307,0.004958947112135738,,,-0.0018468201023286307,0.004958947112135738,-0.0018468201023286307,-0.012747189097307397,,,-0.0018468201023286307,-0.012747189097307397
93,7,-0.0018468201023286307,-0.012747189097307397,-0.0018468201023286307,0.015647356615091253,True,-0.0018468201023286307,0.015647356615091253,,,-0.0018468201023286307,0.015647356615091253,-0.0018468201023286307,-0.012747189097307397,,,-0.0018468201023286307,-0.012747189097307397
93,8,-0.0018468201023286307,-0.012747189097307397,-0.0018468201023286307,0.004958947112135738,True,-0.0018468201023286307,0.004958947112135738,,,-0.0018468201023286307,0.004958947112135738,-0.0018468201023286307,-0.012747189097307397,,,-0.0018468201023286307,-0.012747189097307397
93,9,-0.0018468201023286307,0.015647356615091253,-0.0018468201023286307,0.015647356615091253,False,-0.0018468201023286307,0.015647356615091253,,,-0.0018468201023286307,0.015647356615091253,-0.0018468201023286307,0.015647356615091253,,,-0.0018468201023286307,0.015647356615091253
93,10,-0.0018468201023286307,-0.012747189097307397,-0.0018468201023286307,0.004958947112135738,False,-0.0018468201023286307,-0.012747189097307397,,,-0.0018468201023286307,-0.012747189097307397,-0.0018468201023286307,0.004958947112135738,,,-0.0018468201023286307,0.004958947112135738
93,11,-0.0018468201023286307,0.015647356615091253,-0.0018468201023286307,0.015647356615091253,True,-0.0018468201023286307,0.015647356615091253,,,-0.0018468201023286307,0.015647356615091253,-0.0018468201023286307,0.015647356615091253,,,-0.0018468201023286307,0.015647356615091253
93,12,-0.3726458233655277,-0.012747189097307397,-0.0018468201023286307,0.004958947112135738,True,-0.3726458233655277,0.004958947112135738,,,-0.3726458233655277,0.004958947112135738,-0.0018468201023286307,-0.012747189097307397,,,-0.0018468201023286307,-0.012747189097307397
93,13,-0.0018468201023286307,0.015647356615091253,-0.0018468201023286307,0.015647356615091253,False,-0.0018468201023286307,0.015647356615091253,,,-0.0018468201023286307,0.015647356615091253,-0.0018468201023286307,0.015647356615091253,,,-0.0018468201023286307,0.015647356615091253
93,14,-0.0018468201023286307,0.004958947112135738,-0.0018468201023286307,-0.012747189097307397,True,-0.0018468201023286307,-0.012747189097307397,,,-0.0018468201023286307,-0.012747189097307397,-0.0018468201023286307,0.004958947112135738,,,-0.0018468201023286307,0.004958947112135738
93,15,-0.0018468201023286307,0.015647356615091253,-0.0018468201023286307,-0.012747189097307397,True,-0.0018468201023286307,-0.012747189097307397,,,-0.0018468201023286307,-0.012747189097307397,-0.0018468201023286307,0.015647356615091253,,,-0.0018468201023286307,0.015647356615091253
93,16,-0.0018468201023286307,0.004958947112135738,-0.0018468201023286307,0.015647356615091253,True,-0.0018468201023286307,0.015647356615091253,,,-0.0018468201023286307,0.015647356615091253,-0.0018468201023286307,0.004958947112135738,,,-0.0018468201023286307,0.004958947112135738
93,17,-0.0018468201023286307,-0.012747189097307397,-0.0018468201023286307,0.015647356615091253,True,-0.0018468201023286307,0.015647356615091253,,,-0.0018468201023286307,0.015647356615091253,-0.0018468201023286307,-0.012747189097307397,,,-0.0018468201023286307,-0.012747189097307397
93,18,-0.0018468201023286307,0.004958947112135738,-0.0018468201023286307,-0.012747189097307397,False,-0.0018468201023286307,0.004958947112135738,,,-0.0018468201023286307,0.004958947112135738,-0.0018468201023286307,-0.012747189097307397,,,-0.0018468201023286307,-0.012747189097307397
93,19,-0.0018468201023286307,0.015647356615091253,-0.0018468201023286307,0.015647356615091253,True,-0.0018468201023286307,0.015647356615091253,,,-0.0018468201023286307,0.015647356615091253,-0.0018468201023286307,0.015647356615091253,,,-0.0018468201023286307,0.015647356615091253
93,20,-0.0018468201023286307,0.004958947112135738,-0.0018468201023286307,0.004958947112135738,True,-0.0018468201023286307,0.004958947112135738,,,-0.0018468201023286307,0.004958947112135738,-0.0018468201023286307,0.004958947112135738,,,-0.0018468201023286307,0.004958947112135738
93,21,-0.0018468201023286307,0.015647356615091253,-0.0018468201023286307,0.015647356615091253,True,-0.0018468201023286307,0.015647356615091253,,,-0.0018468201023286307,0.015647356615091253,-0.0018468201023286307,0.015647356615091253,,,-0.0018468201023286307,0.015647356615091253
93,22,-0.0018468201023286307,0.015647356615091253,-0.0018468201023286307,0.015647356615091253,True,-0.0018468201023286307,0.015647356615091253,,,-0.0018468201023286307,0.015647356615091253,-0.0018468201023286307,0.015647356615091253,,,-0.0018468201023286307,0.015647356615091253
93,23,-0.0018468201023286307,-0.012747189097307397,-0.0018468201023286307,0.015647356615091253,True,-0.0018468201023286307,0.015647356615091253,,,-0.0018468201023286307,0.015647356615091253,-0.0018468201023286307,-0.012747189097307397,,,-0.0018468201023286307,-0.012747189097307397
93,24,-0.0018468201023286307,0.015647356615091253,-0.0018468201023286307,-0.012747189097307397,True,-0.0018468201023286307,-0.012747189097307397,,,-0.0018468201023286307,-0.012747189097307397,-0.0018468201023286307,0.015647356615091253,,,-0.0018468201023286307,0.015647356615091253
93,25,-0.0018468201023286307,0.004958947112135738,-0.0018468201023286307,0.015647356615091253,True,-0.0018468201023286307,0.015647356615091253,,,-0.0018468201023286307,0.015647356615091253,-0.0018468201023286307,0.004958947112135738,,,-0.0018468201023286307,0.004958947112135738
94,1,-0.0018468201023286307,0.004958947112135738,-0.0018468201023286307,0.015647356615091253,False,-0.0018468201023286307,0.004958947112135738,,,-0.0018468201023286307,0.004958947112135738,-0.0018468201023286307,0.015647356615091253,,,-0.0018468201023286307,0.015647356615091253
94,2,-0.0018468201023286307,0.004958947112135738,-0.0018468201023286307,-0.012747189097307397,False,-0.0018468201023286307,0.004958947112135738,,,-0.0018468201023286307,0.004958947112135738,-0.0018468201023286307,-0.012747189097307397,,,-0.0018468201023286307,-0.012747189097307397
94,3,-0.0018468201023286307,0.015647356615091253,-0.0018468201023286307,0.015647356615091253,True,-0.0018468201023286307,0.015647356615091253,,,-0.0018468201023286307,0.015647356615091253,-0.0018468201023286307,0.015647356615091253,,,-0.0018468201023286307,0.015647356615091253
94,4,-0.0018468201023286307,0.004958947112135738,-0.0018468201023286307,0.015647356615091253,True,-0.0018468201023286307,0.015647356615091253,,,-0.0018468201023286307,0.015647356615091253,-0.0018468201023286307,0.004958947112135738,,,-0.0018468201023286307,0.004958947112135738
94,5,-0.0018468201023286307,-0.012747189097307397,-0.0018468201023286307,-0.012747189097307397,True,-0.0018468201023286307,-0.012747189097307397,,,-0.0018468201023286307,-0.012747189097307397,-0.0018468201023286307,-0.012747189097307397,,,-0.0018468201023286307,-0.012747189097307397
94,6,-0.0018468201023286307,0.015647356615091253,-0.0018468201023286307,0.015647356615091253,True,-0.0018468201023286307,0.015647356615091253,,,-0.0018468201023286307,0.015647356615091253,-0.0018468201023286307,0.015647356615091253,,,-0.0018468201023286307,0.015647356615091253
94,7,-0.0018468201023286307,0.015647356615091253,-0.0018468201023286307,0.015647356615091253,True,-0.0018468201023286307,0.015647356615091253,,,-0.0018468201023286307,0.015647356615091253,-0.0018468201023286307,0.015647356615091253,,,-0.0018468201023286307,0.015647356615091253
94,8,-0.0018468201023286307,-0.012747189097307397,-0.0018468201023286307,0.004958947112135738,True,-0.0018468201023286307,0.004958947112135738,,,-0.0018468201023286307,0.004958947112135738,-0.0018468201023286307,-0.012747189097307397,,,-0.0018468201023286307,-0.012747189097307397
94,9,-0.0018468201023286307,0.004958947112135738,-0.0018468201023286307,0.015647356615091253,True,-0.0018468201023286307,0.015647356615091253,,,-0.0018468201023286307,0.015647356615091253,-0.0018468201023286307,0.004958947112135738,,,-0.0018468201023286307,0.004958947112135738
94,10,-0.0018468201023286307,0.004958947112135738,-0.0018468201023286307,-0.012747189097307397,True,-0.0018468201023286307,-0.012747189097307397,,,-0.0018468201023286307,-0.012747189097307397,-0.0018468201023286307,0.004958947112135738,,,-0.0018468201023286307,0.004958947112135738
94,11,-0.0018468201023286307,0.015647356615091253,-0.0018468201023286307,0.015647356615091253,False,-0.0018468201023286307,0.015647356615091253,,,-0.0018468201023286307,0.015647356615091253,-0.0018468201023286307,0.015647356615091253,,,-0.0018468201023286307,0.015647356615091253
94,12,-0.0018468201023286307,0.004958947112135738,-0.0018468201023286307,0.015647356615091253,True,-0.0018468201023286307,0.015647356615091253,,,-0.0018468201023286307,0.015647356615091253,-0.0018468201023286307,0.004958947112135738,,,-0.0018468201023286307,0.004958947112135738
94,13,-0.0018468201023286307,0.015647356615091253,-0.0018468201023286307,0.015647356615091253,True,-0.0018468201023286307,0.015647356615091253,,,-0.0018468201023286307,0.015647356615091253,-0.0018468201023286307,0.015647356615091253,,,-0.0018468201023286307,0.015647356615091253
94,14,-0.0018468201023286307,0.015647356615091253,-0.0018468201023286307,0.015647356615091253,True,-0.0018468201023286307,0.015647356615091253,,,-0.0018468201023286307,0.015647356615091253,-0.0018468201023286307,0.015647356615091253,,,-0.0018468201023286307,0.015647356615091253
94,15,-0.0018468201023286307,0.004958947112135738,-0.0018468201023286307,-0.012747189097307397,True,-0.0018468201023286307,-0.012747189097307397,,,-0.0018468201023286307,-0.012747189097307397,-0.0018468201023286307,0.004958947112135738,,,-0.0018468201023286307,0.004958947112135738
94,16,-0.0018468201023286307,-0.012747189097307397,-0.0018468201023286307,0.015647356615091253,True,-0.0018468201023286307,0.015647356615091253,,,-0.0018468201023286307,0.015647356615091253,-0.0018468201023286307,-0.012747189097307397,,,-0.0018468201023286307,-0.012747189097307397
94,17,-0.0018468201023286307,0.015647356615091253,-0.0018468201023286307,0.015647356615091253,True,-0.0018468201023286307,0.015647356615091253,,,-0.0018468201023286307,0.015647356615091253,-0.0018468201023286307,0.015647356615091253,,,-0.0018468201023286307,0.015647356615091253
94,18,-0.0018468201023286307,0.004958947112135738,-0.0018468201023286307,0.015647356615091253,True,-0.0018468201023286307,0.015647356615091253,,,-0.0018468201023286307,0.015647356615091253,-0.0018468201023286307,0.004958947112135738,,,-0.0018468201023286307,0.004958947112135738
94,19,-0.0018468201023286307,0.015647356615091253,-0.0018468201023286307,0.004958947112135738,True,-0.0018468201023286307,0.004958947112135738,,,-0.0018468201023286307,0.004958947112135738,-0.0018468201023286307,0.015647356615091253,,,-0.0018468201023286307,0.015647356615091253
94,20,-0.0018468201023286307,-0.012747189097307397,-0.0018468201023286307,0.015647356615091253,True,-0.0018468201023286307,0.015647356615091253,,,-0.0018468201023286307,0.015647356615091253,-0.0018468201023286307,-0.012747189097307397,,,-0.0018468201023286307,-0.012747189097307397
94,21,-0.0018468201023286307,0.015647356615091253,-0.0018468201023286307,0.015647356615091253,True,-0.0018468201023286307,0.015647356615091253,,,-0.0018468201023286307,0.015647356615091253,-0.0018468201023286307,0.015647356615091253,,,-0.0018468201023286307,0.015647356615091253
94,22,-0.0018468201023286307,-0.012747189097307397,-0.0018468201023286307,-0.012747189097307397,True,-0.0018468201023286307,-0.012747189097307397,,,-0.0018468201023286307,-0.012747189097307397,-0.0018468201023286307,-0.012747189097307397,,,-0.0018468201023286307,-0.012747189097307397
94,23,-0.0018468201023286307,0.015647356615091253,-0.0018468201023286307,0.015647356615091253,True,-0.0018468201023286307,0.015647356615091253,0.0,0.2873573635579962,0.28551054345566756,0.015647356615091253,-0.0018468201023286307,0.015647356615091253,,,-0.0018468201023286307,0.015647356615091253
94,24,-0.0018468201023286307,0.004958947112135738,-0.0018468201023286307,0.015647356615091253,True,-0.0018468201023286307,0.015647356615091253,,,-0.0018468201023286307,0.015647356615091253,-0.0018468201023286307,0.004958947112135738,,,-0.0018468201023286307,0.004958947112135738
94,25,-0.0018468201023286307,-0.012747189097307397,-0.0018468201023286307,0.004958947112135738,True,-0.0018468201023286307,0.004958947112135738,,,-0.0018468201023286307,0.004958947112135738,-0.0018468201023286307,-0.012747189097307397,,,-0.0018468201023286307,-0.012747189097307397
95,1,-0.0018468201023286307,0.015647356615091253,-0.0018468201023286307,0.015647356615091253,True,-0.0018468201023286307,0.015647356615091253,,,-0.0018468201023286307,0.015647356615091253,-0.0018468201023286307,0.015647356615091253,,,-0.0018468201023286307,0.015647356615091253
95,2,-0.0018468201023286307,0.015647356615091253,-0.0018468201023286307,0.015647356615091253,True,-0.0018468201023286307,0.015647356615091253,,,-0.0018468201023286307,0.015647356615091253,-0.0018468201023286307,0.015647356615091253,,,-0.0018468201023286307,0.015647356615091253
95,3,-0.0018468201023286307,0.004958947112135738,-0.0018468201023286307,0.015647356615091253,True,-0.0018468201023286307,0.015647356615091253,,,-0.0018468201023286307,0.015647356615091253,-0.0018468201023286307,0.004958947112135738,,,-0.0018468201023286307,0.004958947112135738
95,4,-0.0018468201023286307,0.015647356615091253,-0.0018468201023286307,0.004958947112135738,True,-0.0018468201023286307,0.004958947112135738,,,-0.0018468201023286307,0.004958947112135738,-0.0018468201023286307,0.015647356615091253,,,-0.0018468201023286307,0.015647356615091253
95,5,-0.0018468201023286307,0.015647356615091253,-0.0018468201023286307,0.015647356615091253,True,-0.0018468201023286307,0.015647356615091253,,,-0.0018468201023286307,0.015647356615091253,-0.0018468201023286307,0.015647356615091253,,,-0.0018468201023286307,0.015647356615091253
95,6,-0.0018468201023286307,0.004958947112135738,-0.0018468201023286307,0.004958947112135738,True,-0.0018468201023286307,0.004958947112135738,,,-0.0018468201023286307,0.004958947112135738,-0.0018468201023286307,0.004958947112135738,,,-0.0018468201023286307,0.004958947112135738
95,7,-0.0018468201023286307,0.015647356615091253,-0.0018468201023286307,0.015647356615091253,False,-0.0018468201023286307,0.015647356615091253,,,-0.0018468201023286307,0.015647356615091253,-0.0018468201023286307,0.015647356615091253,,,-0.0018468201023286307,0.015647356615091253
95,8,-0.0018468201023286307,0.015647356615091253,-0.0018468201023286307,0.015647356615091253,True,-0.0018468201023286307,0.015647356615091253,,,-0.0018468201023286307,0.015647356615091253,-0.0018468201023286307,0.015647356615091253,,,-0.0018468201023286307,0.015647356615091253
95,9,-0.0018468201023286307,0.015647356615091253,-0.0018468201023286307,0.015647356615091253,True,-0.0018468201023286307,0.015647356615091253,,,-0.0018468201023286307,0.015647356615091253,-0.0018468201023286307,0.015647356615091253,,,-0.0018468201023286307,0.015647356615091253
95,10,-0.0018468201023286307,0.015647356615091253,-0.0018468201023286307,0.015647356615091253,True,-0.0018468201023286307,0.015647356615091253,,,-0.0018468201023286307,0.015647356615091253,-0.0018468201023286307,0.015647356615091253,,,-0.0018468201023286307,0.015647356615091253
95,11,-0.0018468201023286307,-0.012747189097307397,-0.0018468201023286307,0.004958947112135738,True,-0.0018468201023286307,0.004958947112135738,,,-0.0018468201023286307,0.004958947112135738,-0.0018468201023286307,-0.012747189097307397,0.0,0.21244259795074116,0.21059577784841255,-0.012747189097307397
95,12,-0.0018468201023286307,0.015647356615091253,-0.0018468201023286307,0.004958947112135738,True,-0.0018468201023286307,0.004958947112135738,,,-0.0018468201023286307,0.004958947112135738,-0.0018468201023286307,0.015647356615091253,,,-0.0018468201023286307,0.015647356615091253
95,13,-0.0018468201023286307,-0.012747189097307397,-0.0018468201023286307,-0.012747189097307397,True,-0.0018468201023286307,-0.012747189097307397,,,-0.0018468201023286307,-0.012747189097307397,-0.0018468201023286307,-0.012747189097307397,,,-0.0018468201023286307,-0.012747189097307397
95,14,-0.0018468201023286307,0.015647356615091253,-0.0018468201023286307,0.004958947112135738,True,-0.0018468201023286307,0.004958947112135738,,,-0.0018468201023286307,0.004958947112135738,-0.0018468201023286307,0.015647356615091253,,,-0.0018468201023286307,0.015647356615091253
95,15,-0.0018468201023286307,0.004958947112135738,-0.0018468201023286307,-0.012747189097307397,True,-0.0018468201023286307,-0.012747189097307397,,,-0.0018468201023286307,-0.012747189097307397,-0.0018468201023286307,0.004958947112135738,,,-0.0018468201023286307,0.004958947112135738
95,16,-0.0018468201023286307,0.015647356615091253,-0.0018468201023286307,0.015647356615091253,True,-0.0018468201023286307,0.015647356615091253,,,-0.0018468201023286307,0.015647356615091253,-0.0018468201023286307,0.015647356615091253,0.0,-0.46671126890033326,-0.4685580890026619,0.015647356615091253
95,17,-0.0018468201023286307,0.015647356615091253,-0.0018468201023286307,-0.012747189097307397,True,-0.0018468201023286307,-0.012747189097307397,,,-0.0018468201023286307,-0.012747189097307397,-0.0018468201023286307,0.015647356615091253,,,-0.0018468201023286307,0.015647356615091253
95,18,-0.0018468201023286307,0.015647356615091253,-0.0018468201023286307,0.015647356615091253,True,-0.0018468201023286307,0.015647356615091253,,,-0.0018468201023286307,0.015647356615091253,-0.0018468201023286307,0.015647356615091253,,,-0.0018468201023286307,0.015647356615091253
95,19,-0.0018468201023286307,0.004958947112135738,-0.0018468201023286307,0.015647356615091253,True,-0.0018468201023286307,0.015647356615091253,,,-0.0018468201023286307,0.015647356615091253,-0.0018468201023286307,0.004958947112135738,,,-0.0018468201023286307,0.004958947112135738
95,20,-0.0018468201023286307,0.004958947112135738,-0.0018468201023286307,0.004958947112135738,True,-0.0018468201023286307,0.004958947112135738,,,-0.0018468201023286307,0.004958947112135738,-0.0018468201023286307,0.004958947112135738,,,-0.0018468201023286307,0.004958947112135738
95,21,-0.0018468201023286307,0.015647356615091253,-0.0018468201023286307,-0.012747189097307397,True,-0.0018468201023286307,-0.012747189097307397,,,-0.0018468201023286307,-0.012747189097307397,-0.0018468201023286307,0.015647356615091253,,,-0.0018468201023286307,0.015647356615091253
95,22,-0.0018468201023286307,0.015647356615091253,-0.0018468201023286307,0.015647356615091253,True,-0.0018468201023286307,0.015647356615091253,,,-0.0018468201023286307,0.015647356615091253,-0.0018468201023286307,0.015647356615091253,,,-0.0018468201023286307,0.015647356615091253
95,23,-0.0018468201023286307,0.004958947112135738,-0.0018468201023286307,0.015647356615091253,True,-0.0018468201023286307,0.015647356615091253,,,-0.0018468201023286307,0.015647356615091253,-0.0018468201023286307,0.004958947112135738,,,-0.0018468201023286307,0.004958947112135738
95,24,-0.0018468201023286307,0.015647356615091253,-0.0018468201023286307,-0.012747189097307397,False,-0.0018468201023286307,0.015647356615091253,,,-0.0018468201023286307,0.015647356615091253,-0.0018468201023286307,-0.012747189097307397,,,-0.0018468201023286307,-0.012747189097307397
95,25,-0.0018468201023286307,0.004958947112135738,-0.0018468201023286307,-0.012747189097307397,True,-0.0018468201023286307,-0.012747189097307397,,,-0.0018468201023286307,-0.012747189097307397,-0.0018468201023286307,0.004958947112135738,,,-0.0018468201023286307,0.004958947112135738
96,1,-0.0018468201023286307,0.004958947112135738,-0.0018468201023286307,0.004958947112135738,True,-0.0018468201023286307,0.004958947112135738,,,-0.0018468201023286307,0.004958947112135738,-0.0018468201023286307,0.004958947112135738,,,-0.0018468201023286307,0.004958947112135738
96,2,-0.0018468201023286307,0.015647356615091253,-0.0018468201023286307,-0.012747189097307397,True,-0.0018468201023286307,-0.012747189097307397,,,-0.0018468201023286307,-0.012747189097307397,-0.0018468201023286307,0.015647356615091253,,,-0.0018468201023286307,0.015647356615091253
96,3,-0.0018468201023286307,0.015647356615091253,-0.0018468201023286307,0.015647356615091253,True,-0.0018468201023286307,0.015647356615091253,,,-0.0018468201023286307,0.015647356615091253,-0.0018468201023286307,0.015647356615091253,,,-0.0018468201023286307,0.015647356615091253
96,4,-0.0018468201023286307,0.004958947112135738,-0.0018468201023286307,0.015647356615091253,False,-0.0018468201023286307,0.004958947112135738,,,-0.0018468201023286307,0.004958947112135738,-0.0018468201023286307,0.015647356615091253,,,-0.0018468201023286307,0.015647356615091253
96,5,-0.0018468201023286307,0.004958947112135738,-0.0018468201023286307,0.015647356615091253,True,-0.0018468201023286307,0.015647356615091253,,,-0.0018468201023286307,0.015647356615091253,-0.0018468201023286307,0.004958947112135738,,,-0.0018468201023286307,0.004958947112135738
96,6,-0.0018468201023286307,0.015647356615091253,-0.0018468201023286307,0.015647356615091253,True,-0.0018468201023286307,0.015647356615091253,,,-0.0018468201023286307,0.015647356615091253,-0.0018468201023286307,0.015647356615091253,,,-0.0018468201023286307,0.015647356615091253
96,7,-0.0018468201023286307,0.004958947112135738,-0.0018468201023286307,0.015647356615091253,False,-0.0018468201023286307,0.004958947112135738,,,-0.0018468201023286307,0.004958947112135738,-0.0018468201023286307,0.015647356615091253,,,-0.0018468201023286307,0.015647356615091253
96,8,-0.0018468201023286307,0.004958947112135738,-0.0018468201023286307,0.015647356615091253,False,-0.0018468201023286307,0.004958947112135738,,,-0.0018468201023286307,0.004958947112135738,-0.0018468201023286307,0.015647356615091253,,,-0.0018468201023286307,0.015647356615091253
96,9,-0.0018468201023286307,0.004958947112135738,-0.0018468201023286307,0.015647356615091253,True,-0.0018468201023286307,0.015647356615091253,,,-0.0018468201023286307,0.015647356615091253,-0.0018468201023286307,0.004958947112135738,,,-0.0018468201023286307,0.004958947112135738
96,10,-0.0018468201023286307,0.004958947112135738,-0.0018468201023286307,0.004958947112135738,True,-0.0018468201023286307,0.004958947112135738,,,-0.0018468201023286307,0.004958947112135738,-0.0018468201023286307,0.004958947112135738,,,-0.0018468201023286307,0.004958947112135738
96,11,-0.0018468201023286307,0.015647356615091253,-0.0018468201023286307,0.015647356615091253,True,-0.0018468201023286307,0.015647356615091253,,,-0.0018468201023286307,0.015647356615091253,-0.0018468201023286307,0.015647356615091253,,,-0.0018468201023286307,0.015647356615091253
96,12,-0.0018468201023286307,0.015647356615091253,-0.0018468201023286307,-0.012747189097307397,True,-0.0018468201023286307,-0.012747189097307397,,,-0.0018468201023286307,-0.012747189097307397,-0.0018468201023286307,0.015647356615091253,,,-0.0018468201023286307,0.015647356615091253
96,13,-0.0018468201023286307,0.015647356615091253,-0.0018468201023286307,0.015647356615091253,True,-0.0018468201023286307,0.015647356615091253,,,-0.0018468201023286307,0.015647356615091253,-0.0018468201023286307,0.015647356615091253,,,-0.0018468201023286307,0.015647356615091253
96,14,-0.0018468201023286307,0.015647356615091253,-0.0018468201023286307,0.004958947112135738,True,-0.0018468201023286307,0.004958947112135738,,,-0.0018468201023286307,0.004958947112135738,-0.0018468201023286307,0.015647356615091253,,,-0.0018468201023286307,0.015647356615091253
96,15,-0.0018468201023286307,-0.012747189097307397,-0.0018468201023286307,0.004958947112135738,True,-0.0018468201023286307,0.004958947112135738,,,-0.0018468201023286307,0.004958947112135738,-0.0018468201023286307,-0.012747189097307397,,,-0.0018468201023286307,-0.012747189097307397
96,16,-0.0018468201023286307,0.015647356615091253,-0.0018468201023286307,-0.012747189097307397,False,-0.0018468201023286307,0.015647356615091253,,,-0.0018468201023286307,0.015647356615091253,-0.0018468201023286307,-0.012747189097307397,,,-0.0018468201023286307,-0.012747189097307397
96,17,-0.0018468201023286307,0.004958947112135738,-0.0018468201023286307,0.015647356615091253,True,-0.0018468201023286307,0.015647356615091253,,,-0.0018468201023286307,0.015647356615091253,-0.0018468201023286307,0.004958947112135738,,,-0.0018468201023286307,0.004958947112135738
96,18,-0.0018468201023286307,0.015647356615091253,-0.0018468201023286307,0.015647356615091253,True,-0.0018468201023286307,0.015647356615091253,,,-0.0018468201023286307,0.015647356615091253,-0.0018468201023286307,0.015647356615091253,,,-0.0018468201023286307,0.015647356615091253
96,19,-0.0018468201023286307,0.004958947112135738,-0.0018468201023286307,0.015647356615091253,True,-0.0018468201023286307,0.015647356615091253,,,-0.0018468201023286307,0.015647356615091253,-0.0018468201023286307,0.004958947112135738,,,-0.0018468201023286307,0.004958947112135738
96,20,-0.0018468201023286307,0.015647356615091253,-0.0018468201023286307,0.004958947112135738,True,-0.0018468201023286307,0.004958947112135738,1.0,-0.10595742995545764,-0.0018468201023286307,-0.1009984828433219,-0.0018468201023286307,0.015647356615091253,,,-0.0018468201023286307,0.015647356615091253
96,21,-0.0018468201023286307,0.015647356615091253,-0.0018468201023286307,0.004958947112135738,False,-0.0018468201023286307,0.015647356615091253,,,-0.0018468201023286307,0.015647356615091253,-0.0018468201023286307,0.004958947112135738,,,-0.0018468201023286307,0.004958947112135738
96,22,-0.0018468201023286307,0.015647356615091253,-0.0018468201023286307,0.015647356615091253,True,-0.0018468201023286307,0.015647356615091253,1.0,-0.203096184045468,-0.0018468201023286307,-0.18744882743037675,-0.0018468201023286307,0.015647356615091253,,,-0.0018468201023286307,0.015647356615091253
96,23,-0.0018468201023286307,0.015647356615091253,-0.0018468201023286307,0.015647356615091253,True,-0.0018468201023286307,0.015647356615091253,,,-0.0018468201023286307,0.015647356615091253,-0.0018468201023286307,0.015647356615091253,,,-0.0018468201023286307,0.015647356615091253
96,24,-0.0018468201023286307,0.004958947112135738,-0.0018468201023286307,0.015647356615091253,True,-0.0018468201023286307,0.015647356615091253,,,-0.0018468201023286307,0.015647356615091253,-0.0018468201023286307,0.004958947112135738,,,-0.0018468201023286307,0.004958947112135738
96,25,-0.0018468201023286307,-0.012747189097307397,-0.0018468201023286307,0.015647356615091253,True,-0.0018468201023286307,0.015647356615091253,,,-0.0018468201023286307,0.015647356615091253,-0.0018468201023286307,-0.012747189097307397,,,-0.0018468201023286307,-0.012747189097307397
97,1,-0.0018468201023286307,0.015647356615091253,-0.0018468201023286307,0.004958947112135738,True,-0.0018468201023286307,0.004958947112135738,,,-0.0018468201023286307,0.004958947112135738,-0.0018468201023286307,0.015647356615091253,,,-0.0018468201023286307,0.015647356615091253
97,2,-0.0018468201023286307,0.015647356615091253,-0.0018468201023286307,-0.012747189097307397,True,-0.0018468201023286307,-0.012747189097307397,,,-0.0018468201023286307,-0.012747189097307397,-0.0018468201023286307,0.015647356615091253,,,-0.0018468201023286307,0.015647356615091253
97,3,-0.0018468201023286307,0.015647356615091253,-0.0018468201023286307,0.004958947112135738,True,-0.0018468201023286307,0.004958947112135738,,,-0.0018468201023286307,0.004958947112135738,-0.0018468201023286307,0.015647356615091253,,,-0.0018468201023286307,0.015647356615091253
97,4,-0.0018468201023286307,0.015647356615091253,-0.0018468201023286307,0.004958947112135738,True,-0.0018468201023286307,0.004958947112135738,1.0,0.3081681992705051,-0.0018468201023286307,0.31312714638264083,-0.0018468201023286307,0.015647356615091253,,,-0.0018468201023286307,0.015647356615091253
97,5,-0.0018468201023286307,0.015647356615091253,-0.0018468201023286307,0.015647356615091253,True,-0.0018468201023286307,0.015647356615091253,,,-0.0018468201023286307,0.015647356615091253,-0.0018468201023286307,0.015647356615091253,,,-0.0018468201023286307,0.015647356615091253
97,6,-0.0018468201023286307,0.004958947112135738,-0.0018468201023286307,0.015647356615091253,True,-0.0018468201023286307,0.015647356615091253,,,-0.0018468201023286307,0.015647356615091253,-0.0018468201023286307,0.004958947112135738,,,-0.0018468201023286307,0.004958947112135738
97,7,-0.0018468201023286307,0.015647356615091253,-0.0018468201023286307,0.015647356615091253,True,-0.0018468201023286307,0.015647356615091253,1.0,0.02178866491530571,-0.0018468201023286307,0.03743602153039696,-0.0018468201023286307,0.015647356615091253,,,-0.0018468201023286307,0.015647356615091253
97,8,-0.0018468201023286307,0.015647356615091253,-0.0018468201023286307,0.015647356615091253,False,-0.0018468201023286307,0.015647356615091253,,,-0.0018468201023286307,0.015647356615091253,-0.0018468201023286307,0.015647356615091253,,,-0.0018468201023286307,0.015647356615091253
97,9,-0.0018468201023286307,0.004958947112135738,-0.0018468201023286307,0.004958947112135738,True,-0.0018468201023286307,0.004958947112135738,,,-0.0018468201023286307,0.004958947112135738,-0.0018468201023286307,0.004958947112135738,,,-0.0018468201023286307,0.004958947112135738
97,10,-0.0018468201023286307,0.015647356615091253,-0.0018468201023286307,0.015647356615091253,True,-0.0018468201023286307,0.015647356615091253,,,-0.0018468201023286307,0.015647356615091253,-0.0018468201023286307,0.015647356615091253,,,-0.0018468201023286307,0.015647356615091253
97,11,-0.0018468201023286307,0.015647356615091253,-0.0018468201023286307,0.015647356615091253,True,-0.0018468201023286307,0.015647356615091253,,,-0.0018468201023286307,0.015647356615091253,-0.0018468201023286307,0.015647356615091253,,,-0.0018468201023286307,0.015647356615091253
97,12,-0.0018468201023286307,0.015647356615091253,-0.0018468201023286307,0.015647356615091253,True,-0.0018468201023286307,0.015647356615091253,,,-0.0018468201023286307,0.015647356615091253,-0.0018468201023286307,0.015647356615091253,,,-0.0018468201023286307,0.015647356615091253
97,13,-0.0018468201023286307,0.004958947112135738,-0.0018468201023286307,0.004958947112135738,True,-0.0018468201023286307,0.004958947112135738,,,-0.0018468201023286307,0.004958947112135738,-0.0018468201023286307,0.004958947112135738,,,-0.0018468201023286307,0.004958947112135738
97,14,-0.0018468201023286307,0.004958947112135738,-0.0018468201023286307,0.015647356615091253,True,-0.0018468201023286307,0.015647356615091253,,,-0.0018468201023286307,0.015647356615091253,-0.0018468201023286307,0.004958947112135738,1.0,0.2681313067105948,-0.0018468201023286307,0.27309025382273056
97,15,-0.0018468201023286307,0.004958947112135738,-0.0018468201023286307,0.015647356615091253,True,-0.0018468201023286307,0.015647356615091253,,,-0.0018468201023286307,0.015647356615091253,-0.0018468201023286307,0.004958947112135738,,,-0.0018468201023286307,0.004958947112135738
97,16,-0.0018468201023286307,0.015647356615091253,-0.0018468201023286307,0.004958947112135738,True,-0.0018468201023286307,0.004958947112135738,,,-0.0018468201023286307,0.004958947112135738,-0.0018468201023286307,0.015647356615091253,,,-0.0018468201023286307,0.015647356615091253
97,17,-0.0018468201023286307,0.004958947112135738,-0.0018468201023286307,0.015647356615091253,True,-0.0018468201023286307,0.015647356615091253,,,-0.0018468201023286307,0.015647356615091253,-0.0018468201023286307,0.004958947112135738,,,-0.0018468201023286307,0.004958947112135738
97,18,-0.0018468201023286307,0.015647356615091253,-0.0018468201023286307,0.015647356615091253,True,-0.0018468201023286307,0.015647356615091253,,,-0.0018468201023286307,0.015647356615091253,-0.0018468201023286307,0.015647356615091253,,,-0.0018468201023286307,0.015647356615091253
97,19,-0.0018468201023286307,0.015647356615091253,-0.0018468201023286307,-0.012747189097307397,True,-0.0018468201023286307,-0.012747189097307397,,,-0.0018468201023286307,-0.012747189097307397,-0.0018468201023286307,0.015647356615091253,,,-0.0018468201023286307,0.015647356615091253
97,20,-0.0018468201023286307,-0.012747189097307397,-0.0018468201023286307,0.004958947112135738,True,-0.0018468201023286307,0.004958947112135738,,,-0.0018468201023286307,0.004958947112135738,-0.0018468201023286307,-0.012747189097307397,,,-0.0018468201023286307,-0.012747189097307397
97,21,-0.0018468201023286307,0.004958947112135738,-0.0018468201023286307,-0.012747189097307397,True,-0.0018468201023286307,-0.012747189097307397,,,-0.0018468201023286307,-0.012747189097307397,-0.0018468201023286307,0.004958947112135738,,,-0.0018468201023286307,0.004958947112135738
97,22,-0.0018468201023286307,0.004958947112135738,-0.0018468201023286307,0.015647356615091253,True,-0.0018468201023286307,0.015647356615091253,,,-0.0018468201023286307,0.015647356615091253,-0.0018468201023286307,0.004958947112135738,,,-0.0018468201023286307,0.004958947112135738
97,23,-0.0018468201023286307,0.015647356615091253,-0.0018468201023286307,0.015647356615091253,True,-0.0018468201023286307,0.015647356615091253,,,-0.0018468201023286307,0.015647356615091253,-0.0018468201023286307,0.015647356615091253,,,-0.0018468201023286307,0.015647356615091253
97,24,-0.0018468201023286307,-0.012747189097307397,-0.0018468201023286307,0.015647356615091253,False,-0.0018468201023286307,-0.012747189097307397,,,-0.0018468201023286307,-0.012747189097307397,-0.0018468201023286307,0.015647356615091253,,,-0.0018468201023286307,0.015647356615091253
97,25,-0.0018468201023286307,0.004958947112135738,-0.0018468201023286307,0.004958947112135738,True,-0.0018468201023286307,0.004958947112135738,,,-0.0018468201023286307,0.004958947112135738,-0.0018468201023286307,0.004958947112135738,,,-0.0018468201023286307,0.004958947112135738
98,1,-0.0018468201023286307,-0.012747189097307397,-0.0018468201023286307,0.004958947112135738,True,-0.0018468201023286307,0.004958947112135738,,,-0.0018468201023286307,0.004958947112135738,-0.0018468201023286307,-0.012747189097307397,,,-0.0018468201023286307,-0.012747189097307397
98,2,-0.0018468201023286307,0.015647356615091253,-0.0018468201023286307,0.015647356615091253,True,-0.0018468201023286307,0.015647356615091253,,,-0.0018468201023286307,0.015647356615091253,-0.0018468201023286307,0.015647356615091253,,,-0.0018468201023286307,0.015647356615091253
98,3,-0.0018468201023286307,0.015647356615091253,-0.0018468201023286307,0.015647356615091253,True,-0.0018468201023286307,0.015647356615091253,,,-0.0018468201023286307,0.015647356615091253,-0.0018468201023286307,0.015647356615091253,,,-0.0018468201023286307,0.015647356615091253
98,4,-0.0018468201023286307,0.015647356615091253,-0.0018468201023286307,0.015647356615091253,False,-0.0018468201023286307,0.015647356615091253,,,-0.0018468201023286307,0.015647356615091253,-0.0018468201023286307,0.015647356615091253,,,-0.0018468201023286307,0.015647356615091253
98,5,-0.0018468201023286307,0.015647356615091253,-0.0018468201023286307,0.015647356615091253,False,-0.0018468201023286307,0.015647356615091253,,,-0.0018468201023286307,0.015647356615091253,-0.0018468201023286307,0.015647356615091253,,,-0.0018468201023286307,0.015647356615091253
98,6,-0.0018468201023286307,0.015647356615091253,-0.0018468201023286307,0.004958947112135738,True,-0.0018468201023286307,0.004958947112135738,,,-0.0018468201023286307,0.004958947112135738,-0.0018468201023286307,0.015647356615091253,,,-0.0018468201023286307,0.015647356615091253
98,7,-0.0018468201023286307,0.015647356615091253,-0.0018468201023286307,0.015647356615091253,True,-0.0018468201023286307,0.015647356615091253,,,-0.0018468201023286307,0.015647356615091253,-0.0018468201023286307,0.015647356615091253,,,-0.0018468201023286307,0.015647356615091253
98,8,-0.0018468201023286307,0.015647356615091253,-0.0018468201023286307,0.015647356615091253,True,-0.0018468201023286307,0.015647356615091253,,,-0.0018468201023286307,0.015647356615091253,-0.0018468201023286307,0.015647356615091253,,,-0.0018468201023286307,0.015647356615091253
98,9,-0.0018468201023286307,0.015647356615091253,-0.0018468201023286307,0.015647356615091253,True,-0.0018468201023286307,0.015647356615091253,,,-0.0018468201023286307,0.015647356615091253,-0.0018468201023286307,0.015647356615091253,,,-0.0018468201023286307,0.015647356615091253
98,10,-0.0018468201023286307,-0.012747189097307397,-0.0018468201023286307,0.015647356615091253,False,-0.0018468201023286307,-0.012747189097307397,,,-0.0018468201023286307,-0.012747189097307397,-0.0018468201023286307,0.015647356615091253,,,-0.0018468201023286307,0.015647356615091253
98,11,-0.0018468201023286307,0.015647356615091253,-0.0018468201023286307,0.004958947112135738,True,-0.0018468201023286307,0.004958947112135738,,,-0.0018468201023286307,0.004958947112135738,-0.0018468201023286307,0.015647356615091253,,,-0.0018468201023286307,0.015647356615091253
98,12,-0.0018468201023286307,0.015647356615091253,-0.0018468201023286307,0.015647356615091253,True,-0.0018468201023286307,0.015647356615091253,,,-0.0018468201023286307,0.015647356615091253,-0.0018468201023286307,0.015647356615091253,,,-0.0018468201023286307,0.015647356615091253
98,13,-0.0018468201023286307,0.015647356615091253,-0.0018468201023286307,0.004958947112135738,True,-0.0018468201023286307,0.004958947112135738,,,-0.0018468201023286307,0.004958947112135738,-0.0018468201023286307,0.015647356615091253,,,-0.0018468201023286307,0.015647356615091253
98,14,-0.0018468201023286307,0.004958947112135738,-0.0018468201023286307,0.015647356615091253,True,-0.0018468201023286307,0.015647356615091253,,,-0.0018468201023286307,0.015647356615091253,-0.0018468201023286307,0.004958947112135738,,,-0.0018468201023286307,0.004958947112135738
98,15,-0.0018468201023286307,0.015647356615091253,-0.0018468201023286307,0.004958947112135738,True,-0.0018468201023286307,0.004958947112135738,,,-0.0018468201023286307,0.004958947112135738,-0.0018468201023286307,0.015647356615091253,,,-0.0018468201023286307,0.015647356615091253
98,16,-0.0018468201023286307,0.015647356615091253,-0.0018468201023286307,-0.012747189097307397,True,-0.0018468201023286307,-0.012747189097307397,,,-0.0018468201023286307,-0.012747189097307397,-0.0018468201023286307,0.015647356615091253,,,-0.0018468201023286307,0.015647356615091253
98,17,-0.0018468201023286307,0.015647356615091253,-0.0018468201023286307,0.004958947112135738,True,-0.0018468201023286307,0.004958947112135738,,,-0.0018468201023286307,0.004958947112135738,-0.0018468201023286307,0.015647356615091253,,,-0.0018468201023286307,0.015647356615091253
98,18,-0.0018468201023286307,0.004958947112135738,-0.0018468201023286307,0.015647356615091253,True,-0.0018468201023286307,0.015647356615091253,,,-0.0018468201023286307,0.015647356615091253,-0.0018468201023286307,0.004958947112135738,,,-0.0018468201023286307,0.004958947112135738
98,19,-0.0018468201023286307,0.004958947112135738,-0.0018468201023286307,0.004958947112135738,True,-0.0018468201023286307,0.004958947112135738,,,-0.0018468201023286307,0.004958947112135738,-0.0018468201023286307,0.004958947112135738,,,-0.0018468201023286307,0.004958947112135738
98,20,-0.0018468201023286307,0.03743602153039696,-0.0018468201023286307,-0.012747189097307397,True,-0.0018468201023286307,-0.012747189097307397,,,-0.0018468201023286307,-0.012747189097307397,-0.0018468201023286307,0.03743602153039696,,,-0.0018468201023286307,0.03743602153039696
98,21,-0.0018468201023286307,0.015647356615091253,-0.0018468201023286307,0.015647356615091253,True,-0.0018468201023286307,0.015647356615091253,,,-0.0018468201023286307,0.015647356615091253,-0.0018468201023286307,0.015647356615091253,,,-0.0018468201023286307,0.015647356615091253
98,22,-0.0018468201023286307,0.004958947112135738,-0.0018468201023286307,0.015647356615091253,False,-0.0018468201023286307,0.004958947112135738,,,-0.0018468201023286307,0.004958947112135738,-0.0018468201023286307,0.015647356615091253,,,-0.0018468201023286307,0.015647356615091253
98,23,-0.0018468201023286307,0.015647356615091253,-0.0018468201023286307,0.015647356615091253,True,-0.0018468201023286307,0.015647356615091253,,,-0.0018468201023286307,0.015647356615091253,-0.0018468201023286307,0.015647356615091253,,,-0.0018468201023286307,0.015647356615091253
98,24,-0.0018468201023286307,0.015647356615091253,-0.0018468201023286307,0.015647356615091253,True,-0.0018468201023286307,0.015647356615091253,,,-0.0018468201023286307,0.015647356615091253,-0.0018468201023286307,0.015647356615091253,,,-0.0018468201023286307,0.015647356615091253
98,25,-0.0018468201023286307,0.015647356615091253,-0.0018468201023286307,0.004958947112135738,True,-0.0018468201023286307,0.004958947112135738,,,-0.0018468201023286307,0.004958947112135738,-0.0018468201023286307,0.015647356615091253,,,-0.0018468201023286307,0.015647356615091253
99,1,-0.0018468201023286307,0.015647356615091253,-0.0018468201023286307,0.004958947112135738,True,-0.0018468201023286307,0.004958947112135738,,,-0.0018468201023286307,0.004958947112135738,-0.0018468201023286307,0.015647356615091253,,,-0.0018468201023286307,0.015647356615091253
99,2,-0.0018468201023286307,0.004958947112135738,-0.0018468201023286307,0.015647356615091253,True,-0.0018468201023286307,0.015647356615091253,,,-0.0018468201023286307,0.015647356615091253,-0.0018468201023286307,0.004958947112135738,,,-0.0018468201023286307,0.004958947112135738
99,3,-0.0018468201023286307,0.004958947112135738,-0.0018468201023286307,0.004958947112135738,True,-0.0018468201023286307,0.004958947112135738,,,-0.0018468201023286307,0.004958947112135738,-0.0018468201023286307,0.004958947112135738,,,-0.0018468201023286307,0.004958947112135738
99,4,-0.0018468201023286307,0.004958947112135738,-0.0018468201023286307,0.015647356615091253,True,-0.0018468201023286307,0.015647356615091253,,,-0.0018468201023286307,0.015647356615091253,-0.0018468201023286307,0.004958947112135738,,,-0.0018468201023286307,0.004958947112135738
99,5,-0.0018468201023286307,0.015647356615091253,-0.0018468201023286307,0.004958947112135738,True,-0.0018468201023286307,0.004958947112135738,,,-0.0018468201023286307,0.004958947112135738,-0.0018468201023286307,0.015647356615091253,,,-0.0018468201023286307,0.015647356615091253
99,6,-0.0018468201023286307,0.015647356615091253,-0.0018468201023286307,0.004958947112135738,False,-0.0018468201023286307,0.015647356615091253,,,-0.0018468201023286307,0.015647356615091253,-0.0018468201023286307,0.004958947112135738,,,-0.0018468201023286307,0.004958947112135738
99,7,-0.0018468201023286307,0.015647356615091253,-0.0018468201023286307,0.004958947112135738,True,-0.0018468201023286307,0.004958947112135738,,,-0.0018468201023286307,0.004958947112135738,-0.0018468201023286307,0.015647356615091253,,,-0.0018468201023286307,0.015647356615091253
99,8,-0.0018468201023286307,0.004958947112135738,-0.0018468201023286307,0.015647356615091253,True,-0.0018468201023286307,0.015647356615091253,,,-0.0018468201023286307,0.015647356615091253,-0.0018468201023286307,0.004958947112135738,,,-0.0018468201023286307,0.004958947112135738
99,9,-0.0018468201023286307,0.015647356615091253,-0.0018468201023286307,0.004958947112135738,True,-0.0018468201023286307,0.004958947112135738,,,-0.0018468201023286307,0.004958947112135738,-0.0018468201023286307,0.015647356615091253,,,-0.0018468201023286307,0.015647356615091253
99,10,-0.0018468201023286307,0.015647356615091253,-0.0018468201023286307,0.004958947112135738,True,-0.0018468201023286307,0.004958947112135738,,,-0.0018468201023286307,0.004958947112135738,-0.0018468201023286307,0.015647356615091253,,,-0.0018468201023286307,0.015647356615091253
99,11,-0.0018468201023286307,0.015647356615091253,-0.0018468201023286307,0.015647356615091253,True,-0.0018468201023286307,0.015647356615091253,,,-0.0018468201023286307,0.015647356615091253,-0.0018468201023286307,0.015647356615091253,,,-0.0018468201023286307,0.015647356615091253
99,12,-0.0018468201023286307,0.004958947112135738,-0.0018468201023286307,0.004958947112135738,True,-0.0018468201023286307,0.004958947112135738,,,-0.0018468201023286307,0.004958947112135738,-0.0018468201023286307,0.004958947112135738,,,-0.0018468201023286307,0.004958947112135738
99,13,-0.0018468201023286307,0.015647356615091253,-0.0018468201023286307,0.004958947112135738,True,-0.0018468201023286307,0.004958947112135738,1.0,0.21987069780158916,-0.0018468201023286307,0.2248296449137249,-0.0018468201023286307,0.015647356615091253,,,-0.0018468201023286307,0.015647356615091253
99,14,-0.0018468201023286307,0.004958947112135738,-0.0018468201023286307,0.004958947112135738,True,-0.0018468201023286307,0.004958947112135738,,,-0.0018468201023286307,0.004958947112135738,-0.0018468201023286307,0.004958947112135738,,,-0.0018468201023286307,0.004958947112135738
99,15,-0.0018468201023286307,0.015647356615091253,-0.0018468201023286307,0.015647356615091253,True,-0.0018468201023286307,0.015647356615091253,,,-0.0018468201023286307,0.015647356615091253,-0.0018468201023286307,0.015647356615091253,,,-0.0018468201023286307,0.015647356615091253
99,16,-0.0018468201023286307,0.015647356615091253,-0.0018468201023286307,0.015647356615091253,True,-0.0018468201023286307,0.015647356615091253,,,-0.0018468201023286307,0.015647356615091253,-0.0018468201023286307,0.015647356615091253,,,-0.0018468201023286307,0.015647356615091253
99,17,-0.0018468201023286307,0.004958947112135738,-0.0018468201023286307,0.015647356615091253,True,-0.0018468201023286307,0.015647356615091253,,,-0.0018468201023286307,0.015647356615091253,-0.0018468201023286307,0.004958947112135738,,,-0.0018468201023286307,0.004958947112135738
99,18,-0.0018468201023286307,0.015647356615091253,-0.0018468201023286307,0.004958947112135738,True,-0.0018468201023286307,0.004958947112135738,,,-0.0018468201023286307,0.004958947112135738,-0.0018468201023286307,0.015647356615091253,,,-0.0018468201023286307,0.015647356615091253
99,19,-0.0018468201023286307,0.015647356615091253,-0.0018468201023286307,0.004958947112135738,True,-0.0018468201023286307,0.004958947112135738,,,-0.0018468201023286307,0.004958947112135738,-0.0018468201023286307,0.015647356615091253,,,-0.0018468201023286307,0.015647356615091253
99,20,-0.0018468201023286307,0.015647356615091253,-0.0018468201023286307,0.015647356615091253,False,-0.0018468201023286307,0.015647356615091253,,,-0.0018468201023286307,0.015647356615091253,-0.0018468201023286307,0.015647356615091253,,,-0.0018468201023286307,0.015647356615091253
99,21,-0.0018468201023286307,0.015647356615091253,-0.0018468201023286307,0.004958947112135738,True,-0.0018468201023286307,0.004958947112135738,,,-0.0018468201023286307,0.004958947112135738,-0.0018468201023286307,0.015647356615091253,,,-0.0018468201023286307,0.015647356615091253
99,22,-0.0018468201023286307,0.015647356615091253,-0.0018468201023286307,0.015647356615091253,True,-0.0018468201023286307,0.015647356615091253,,,-0.0018468201023286307,0.015647356615091253,-0.0018468201023286307,0.015647356615091253,,,-0.0018468201023286307,0.015647356615091253
99,23,-0.0018468201023286307,0.004958947112135738,-0.0018468201023286307,0.004958947112135738,True,-0.0018468201023286307,0.004958947112135738,,,-0.0018468201023286307,0.004958947112135738,-0.0018468201023286307,0.004958947112135738,,,-0.0018468201023286307,0.004958947112135738
99,24,-0.0018468201023286307,0.015647356615091253,-0.0018468201023286307,0.004958947112135738,True,-0.0018468201023286307,0.004958947112135738,,,-0.0018468201023286307,0.004958947112135738,-0.0018468201023286307,0.015647356615091253,,,-0.0018468201023286307,0.015647356615091253
99,25,-0.0018468201023286307,0.015647356615091253,-0.0018468201023286307,0.004958947112135738,True,-0.0018468201023286307,0.004958947112135738,,,-0.0018468201023286307,0.004958947112135738,-0.0018468201023286307,0.015647356615091253,,,-0.0018468201023286307,0.015647356615091253
100,1,-0.0018468201023286307,0.015647356615091253,-0.0018468201023286307,0.004958947112135738,True,-0.0018468201023286307,0.004958947112135738,,,-0.0018468201023286307,0.004958947112135738,-0.0018468201023286307,0.015647356615091253,,,-0.0018468201023286307,0.015647356615091253
100,2,-0.0018468201023286307,0.004958947112135738,-0.0018468201023286307,0.015647356615091253,True,-0.0018468201023286307,0.015647356615091253,,,-0.0018468201023286307,0.015647356615091253,-0.0018468201023286307,0.004958947112135738,,,-0.0018468201023286307,0.004958947112135738
100,3,-0.0018468201023286307,0.004958947112135738,-0.0018468201023286307,0.015647356615091253,True,-0.0018468201023286307,0.015647356615091253,,,-0.0018468201023286307,0.015647356615091253,-0.0018468201023286307,0.004958947112135738,,,-0.0018468201023286307,0.004958947112135738
100,4,-0.0018468201023286307,0.015647356615091253,-0.0018468201023286307,0.004958947112135738,True,-0.0018468201023286307,0.004958947112135738,,,-0.0018468201023286307,0.004958947112135738,-0.0018468201023286307,0.015647356615091253,,,-0.0018468201023286307,0.015647356615091253
100,5,-0.0018468201023286307,0.004958947112135738,-0.0018468201023286307,0.004958947112135738,True,-0.0018468201023286307,0.004958947112135738,,,-0.0018468201023286307,0.004958947112135738,-0.0018468201023286307,0.004958947112135738,,,-0.0018468201023286307,0.004958947112135738
100,6,-0.0018468201023286307,0.015647356615091253,-0.0018468201023286307,0.004958947112135738,True,-0.0018468201023286307,0.004958947112135738,,,-0.0018468201023286307,0.004958947112135738,-0.0018468201023286307,0.015647356615091253,,,-0.0018468201023286307,0.015647356615091253
100,7,-0.0018468201023286307,0.004958947112135738,-0.0018468201023286307,0.015647356615091253,True,-0.0018468201023286307,0.015647356615091253,,,-0.0018468201023286307,0.015647356615091253,-0.0018468201023286307,0.004958947112135738,,,-0.0018468201023286307,0.004958947112135738
100,8,-0.0018468201023286307,0.004958947112135738,-0.0018468201023286307,0.004958947112135738,True,-0.0018468201023286307,0.004958947112135738,,,-0.0018468201023286307,0.004958947112135738,-0.0018468201023286307,0.004958947112135738,,,-0.0018468201023286307,0.004958947112135738
100,9,-0.0018468201023286307,0.015647356615091253,-0.0018468201023286307,0.004958947112135738,True,-0.0018468201023286307,0.004958947112135738,,,-0.0018468201023286307,0.004958947112135738,-0.0018468201023286307,0.015647356615091253,,,-0.0018468201023286307,0.015647356615091253
100,10,-0.0018468201023286307,0.015647356615091253,-0.0018468201023286307,0.004958947112135738,False,-0.0018468201023286307,0.015647356615091253,,,-0.0018468201023286307,0.015647356615091253,-0.0018468201023286307,0.004958947112135738,,,-0.0018468201023286307,0.004958947112135738
100,11,-0.0018468201023286307,0.004958947112135738,-0.0018468201023286307,0.004958947112135738,False,-0.0018468201023286307,0.004958947112135738,,,-0.0018468201023286307,0.004958947112135738,-0.0018468201023286307,0.004958947112135738,,,-0.0018468201023286307,0.004958947112135738
100,12,-0.0018468201023286307,0.015647356615091253,-0.0018468201023286307,0.004958947112135738,True,-0.0018468201023286307,0.004958947112135738,,,-0.0018468201023286307,0.004958947112135738,-0.0018468201023286307,0.015647356615091253,,,-0.0018468201023286307,0.015647356615091253
100,13,-0.0018468201023286307,0.004958947112135738,-0.0018468201023286307,0.015647356615091253,True,-0.0018468201023286307,0.015647356615091253,,,-0.0018468201023286307,0.015647356615091253,-0.0018468201023286307,0.004958947112135738,,,-0.0018468201023286307,0.004958947112135738
100,14,-0.0018468201023286307,0.015647356615091253,-0.0018468201023286307,0.015647356615091253,False,-0.0018468201023286307,0.015647356615091253,,,-0.0018468201023286307,0.015647356615091253,-0.0018468201023286307,0.015647356615091253,,,-0.0018468201023286307,0.015647356615091253
100,15,-0.0018468201023286307,0.015647356615091253,-0.0018468201023286307,0.015647356615091253,True,-0.0018468201023286307,0.015647356615091253,0.0,-0.3542813577086345,-0.3561281778109631,0.015647356615091253,-0.0018468201023286307,0.015647356615091253,,,-0.0018468201023286307,0.015647356615091253
100,16,-0.0018468201023286307,0.015647356615091253,-0.0018468201023286307,0.004958947112135738,False,-0.0018468201023286307,0.015647356615091253,,,-0.0018468201023286307,0.015647356615091253,-0.0018468201023286307,0.004958947112135738,,,-0.0018468201023286307,0.004958947112135738
100,17,-0.0018468201023286307,0.004958947112135738,-0.0018468201023286307,0.015647356615091253,True,-0.0018468201023286307,0.015647356615091253,,,-0.0018468201023286307,0.015647356615091253,-0.0018468201023286307,0.004958947112135738,,,-0.0018468201023286307,0.004958947112135738
100,18,-0.0018468201023286307,0.004958947112135738,-0.0018468201023286307,0.015647356615091253,True,-0.0018468201023286307,0.015647356615091253,,,-0.0018468201023286307,0.015647356615091253,-0.0018468201023286307,0.004958947112135738,,,-0.0018468201023286307,0.004958947112135738
100,19,-0.0018468201023286307,0.004958947112135738,-0.0018468201023286307,0.015647356615091253,True,-0.0018468201023286307,0.015647356615091253,,,-0.0018468201023286307,0.015647356615091253,-0.0018468201023286307,0.004958947112135738,,,-0.0018468201023286307,0.004958947112135738
100,20,-0.0018468201023286307,0.015647356615091253,-0.0018468201023286307,0.015647356615091253,True,-0.0018468201023286307,0.015647356615091253,,,-0.0018468201023286307,0.015647356615091253,-0.0018468201023286307,0.015647356615091253,,,-0.0018468201023286307,0.015647356615091253
100,21,-0.0018468201023286307,0.015647356615091253,-0.0018468201023286307,0.004958947112135738,True,-0.0018468201023286307,0.004958947112135738,,,-0.0018468201023286307,0.004958947112135738,-0.0018468201023286307,0.015647356615091253,,,-0.0018468201023286307,0.015647356615091253
100,22,-0.0018468201023286307,0.015647356615091253,-0.0018468201023286307,0.015647356615091253,True,-0.0018468201023286307,0.015647356615091253,,,-0.0018468201023286307,0.015647356615091253,-0.0018468201023286307,0.015647356615091253,,,-0.0018468201023286307,0.015647356615091253
100,23,-0.0018468201023286307,0.004958947112135738,-0.0018468201023286307,0.015647356615091253,True,-0.0018468201023286307,0.015647356615091253,,,-0.0018468201023286307,0.015647356615091253,-0.0018468201023286307,0.004958947112135738,,,-0.0018468201023286307,0.004958947112135738
100,24,-0.0018468201023286307,0.015647356615091253,-0.0018468201023286307,0.015647356615091253,True,-0.0018468201023286307,0.015647356615091253,,,-0.0018468201023286307,0.015647356615091253,-0.0018468201023286307,0.015647356615091253,,,-0.0018468201023286307,0.015647356615091253
100,25,-0.0018468201023286307,0.015647356615091253,-0.0018468201023286307,0.015647356615091253,True,-0.0018468201023286307,0.015647356615091253,,,-0.0018468201023286307,0.015647356615091253,-0.0018468201023286307,0.015647356615091253,,,-0.0018468201023286307,0.015647356615091253
