generation,individual,x1,x2,fitness,rank,is_elite
0,1,-0.41084224461660046,0.6874119595289372,4.319262843305168,1,False
0,2,-0.5384372442596934,-1.1897877390351752,5.350812668142339,2,False
0,3,1.347183200005908,0.535794006579958,5.964793405380913,3,False
0,4,1.6431354032738756,-0.9361313855992943,6.250648880387459,4,False
0,5,1.6840296179047165,-0.28903793856867477,6.287376826033821,5,False
0,6,-1.1252162096982552,-2.116718960697559,6.405096816444104,6,False
0,7,0.5920716074541357,-1.960499019373878,6.679116249053397,7,False
0,8,2.0026510200224914,-1.8763335861795891,6.79669824096751,8,False
0,9,-1.984879108521235,1.3028259311888846,7.024857097917032,9,False
0,10,-1.7417464186184803,-1.2954029396513111,7.158419966228099,10,False
0,11,2.2235935059645033,-0.3812276974861266,7.42916013613752,11,False
0,12,-2.854153271804708,-0.9147135627536382,7.5440415389025794,12,False
0,13,-2.064062422333164,1.6191651472689506,7.81910179681125,13,False
0,14,0.6523610648118883,2.649988574160256,8.563340437093938,14,False
0,15,2.0516537862633513,2.8072903102196793,8.571417224069478,15,False
0,16,-0.30444188724192056,-3.1052864091571433,8.599175994717264,16,False
0,17,0.5703215234127832,2.8389820910641355,8.609193932958666,17,False
0,18,2.7395604855596334,-0.6112156024794766,8.611079791171319,18,False
0,19,-0.5658580117266885,-2.727612782152231,8.640764984747136,19,False
0,20,2.869243775021384,1.6485085659203218,9.149128112649736,20,False
0,21,2.5808774008537387,-1.4547403187013161,9.164108909989752,21,False
0,22,-3.387282209663982,0.010447751033635377,9.204126538890286,22,False
0,23,-2.7309065094911587,1.698139946825103,9.224008108729477,23,False
0,24,-0.6284808112766926,3.3267819605783746,9.766568554663968,24,False
0,25,2.783834970737619,-3.0536129214803243,9.787726228237718,25,False
0,26,3.27631171992582,1.3166439912206487,9.828269386641635,26,False
0,27,1.4386512008066452,3.227616132708299,9.909688918893526,27,False
0,28,-3.7007849466452836,-0.24295073774066278,10.003141761405857,28,False
0,29,2.6113970199035297,2.8606430527695377,10.213825300448201,29,False
0,30,-3.476878972868316,1.9632037507773603,10.35538123990369,30,False
0,31,-3.7188636732445413,-0.49614062104432843,10.402650747153073,31,False
0,32,-3.4571050793245215,1.8304895324245463,10.429465403196506,32,False
0,33,3.585979199113824,1.9736802905936388,10.44118076162648,33,False
0,34,1.8249550397497547,-3.602475163906902,10.579191193382513,34,False
0,35,3.3225980139520104,3.047643574968019,10.853560832521488,35,False
0,36,-1.3818738944660955,-4.12350080683899,10.917296080472283,36,False
0,37,3.140203846660347,-3.330270800922961,11.16980965080401,37,False
0,38,-1.2920197576741876,4.267649888486018,11.242295824793558,38,False
0,39,-3.0009179752489166,-4.926377302489945,11.29327620207377,39,False
0,40,0.5458478701583482,-4.3618274389582465,11.52911048013802,40,False
0,41,3.5340307326816607,-2.6606051413465925,11.549327853423247,41,False
0,42,-0.3327899627296578,-4.561962342127712,11.753567126932156,42,False
0,43,-4.691821654320606,-0.6328261076763759,11.88150713159352,43,False
0,44,-4.41697258310934,-2.1861610797800344,11.96853227514137,44,False
0,45,-3.6020300187234255,-3.8546992646402654,12.324688496097721,45,False
0,46,2.447621559078171,4.675097324342101,12.73918906402884,46,False
0,47,-4.058226521123505,4.756223516367559,12.830884669310645,47,False
0,48,-4.772879268661395,-4.099521392243583,12.892188299257457,48,False
0,49,4.706980243949033,3.9312112132219763,12.938730155131857,49,False
0,50,-3.819940978794847,4.618976645495145,13.292699368106197,50,False
1,1,-0.5384372442596934,-0.24295073774066278,3.6920088310394097,1,True
1,2,-0.41084224461660046,0.6874119595289372,4.319262843305168,2,False
1,3,-0.41084224461660046,0.6874119595289372,4.319262843305168,3,False
1,4,-0.41084224461660046,-0.9361313855992943,4.373142468444392,4,False
1,5,0.5703215234127832,0.535794006579958,4.422651513629084,5,False
1,6,0.5703215234127832,0.6874119595289372,4.566168872245445,6,False
1,7,0.6523610648118883,-0.6112156024794766,4.582105206978365,7,False
1,8,-1.2920197576741876,-0.3812276974861266,5.579494143969065,8,False
1,9,1.347183200005908,-0.9361313855992943,5.669822637703355,9,False
1,10,0.5458478701583482,1.3028259311888846,5.813751946512944,10,False
1,11,-1.984879108521235,-0.28903793856867477,6.200975004451728,11,False
1,12,-2.064062422333164,-0.28903793856867477,6.420920728174998,12,False
1,13,1.6431354032738756,0.6874119595289372,6.566756843200682,13,False
1,14,-0.6284808112766926,1.6191651472689506,6.583380563515149,14,False
1,15,1.6431354032738756,-0.49614062104432843,6.584265614360692,15,False
1,16,1.6431354032738756,0.535794006579958,6.605035532375972,16,False
1,17,-1.7417464186184803,-0.6112156024794766,6.64888622109757,17,False
1,18,0.5920716074541357,-1.960499019373878,6.679116249053397,18,False
1,19,2.0516537862633513,0.535794006579958,6.9135386598866635,19,False
1,20,1.4386512008066452,1.3028259311888846,6.984399446891583,20,False
1,21,2.0041573383083042,-1.2954029396513111,7.014923050484935,21,False
1,22,1.6840296179047165,1.3028259311888846,7.223643540114134,22,False
1,23,-3.0009179752489166,-0.9361313855992943,7.283806032055635,23,False
1,24,-1.3818738944660955,1.698139946825103,7.454318029633436,24,False
1,25,1.4386512008066452,1.9736802905936388,7.529251950764229,25,False
1,26,1.6840296179047165,1.6191651472689506,7.778455225909671,26,False
1,27,-2.064062422333164,1.6191651472689506,7.81910179681125,27,False
1,28,-0.6284808112766926,2.8606430527695377,8.526114912259027,28,False
1,29,-0.41084224461660046,2.8389820910641355,8.534211210385312,29,False
1,30,2.998433023811028,-0.6112156024794766,8.619691259250578,30,False
1,31,1.347183200005908,2.8389820910641355,8.915399356949665,31,False
1,32,1.347183200005908,2.8072903102196793,8.946844059739966,32,False
1,33,2.7395604855596334,-1.4547403187013161,9.22149771820333,33,False
1,34,-1.984879108521235,3.227616132708299,9.25051316051951,34,False
1,35,1.4386512008066452,-3.0536129214803243,9.301441711032162,35,False
1,36,-3.7188636732445413,-0.9361313855992943,9.652729227454259,36,False
1,37,3.27631171992582,1.3166439912206487,9.828269386641635,37,False
1,38,3.27631171992582,1.3166439912206487,9.828269386641635,38,False
1,39,-2.064062422333164,3.3267819605783746,9.965446675239017,39,False
1,40,-3.7007849466452836,-1.1897877390351752,10.143376841333069,40,False
1,41,2.7395604855596334,2.649988574160256,10.330694387620335,41,False
1,42,2.783834970737619,3.227616132708299,10.580586182105712,42,False
1,43,3.3225980139520104,3.047643574968019,10.853560832521488,43,False
1,44,2.6113970199035297,3.3267819605783746,11.180343453034709,44,False
1,45,-1.984879108521235,-4.3618274389582465,11.37201714687178,45,False
1,46,-2.7309065094911587,-4.12350080683899,11.435201386884247,46,False
1,47,3.5340307326816607,-2.5723184621197372,11.548139383187992,47,False
1,48,2.2235935059645033,4.267649888486018,11.56386410327178,48,False
1,49,3.585979199113824,3.227616132708299,11.910654030416035,49,False
1,50,1.6431354032738756,-4.926377302489945,11.976538858819733,50,False
2,1,-0.5384372442596934,-0.24295073774066278,3.6920088310394097,1,True
2,2,-0.41084224461660046,-0.3812276974861266,3.788798945467548,2,False
2,3,0.6523610648118883,-0.28903793856867477,3.9738202186963822,3,False
2,4,-0.41084224461660046,-0.6112156024794766,4.2500365950561765,4,False
2,5,-0.41084224461660046,0.6874119595289372,4.319262843305168,5,False
2,6,-0.41084224461660046,-0.9361313855992943,4.373142468444392,6,False
2,7,0.5920716074541357,0.535794006579958,4.449844773713281,7,False
2,8,0.5920716074541357,-0.6112156024794766,4.537296224083708,8,False
2,9,0.5703215234127832,0.6874119595289372,4.566168872245445,9,False
2,10,-0.6284808112766926,-0.6112156024794766,4.567751894509204,10,False
2,11,-0.6284808112766926,-0.6112156024794766,4.567751894509204,11,False
2,12,0.0961553288201793,-1.960499019373878,5.115933007841544,12,False
2,13,-0.6284808112766926,-1.1897877390351752,5.33270926255674,13,False
2,14,-1.984879108521235,-0.9361313855992943,5.4480483357674245,14,False
2,15,-1.2920197576741876,-0.8200464407861663,5.524232683186529,15,False
2,16,2.0516537862633513,-0.9361313855992943,5.634554250925884,16,False
2,17,-0.41084224461660046,1.3166439912206487,5.728254141551773,17,False
2,18,1.347183200005908,-0.49614062104432843,5.937788533360674,18,False
2,19,1.347183200005908,-0.6112156024794766,5.981855150576944,19,False
2,20,-1.7417464186184803,-0.9361313855992943,6.053242440015602,20,False
2,21,-1.3818738944660955,0.6874119595289372,6.068970291805989,21,False
2,22,2.0041573383083042,-0.28903793856867477,6.238515782901516,22,False
2,23,1.6431354032738756,-0.9361313855992943,6.250648880387459,23,False
2,24,2.0516537862633513,-0.28903793856867477,6.375436710082582,24,False
2,25,-2.064062422333164,-0.28903793856867477,6.420920728174998,25,False
2,26,-0.41084224461660046,1.698139946825103,6.53887678677258,26,False
2,27,0.5703215234127832,-1.960499019373878,6.701052600332453,27,False
2,28,-2.064062422333164,-0.6112156024794766,6.887147973029219,28,False
2,29,-2.064062422333164,-0.6112156024794766,6.887147973029219,29,False
2,30,-2.064062422333164,0.535794006579958,6.952259624846363,30,False
2,31,-1.984879108521235,-1.2954029396513111,6.9852372096639,31,False
2,32,1.347183200005908,-1.4547403187013161,7.144045620124302,32,False
2,33,2.998433023811028,-0.9361313855992943,7.279545486802288,33,False
2,34,-3.0009179752489166,-0.9361313855992943,7.283806032055635,34,False
2,35,1.347183200005908,1.6191651472689506,7.349958746928159,35,False
2,36,-0.6284808112766926,2.2220919577130673,7.5183278007654035,36,False
2,37,-3.0009179752489166,-0.28903793856867477,8.20042432525031,37,False
2,38,0.6523610648118883,2.8606430527695377,8.47777635712717,38,False
2,39,-0.6284808112766926,2.8606430527695377,8.526114912259027,39,False
2,40,-0.41084224461660046,2.8389820910641355,8.534211210385312,40,False
2,41,-0.6284808112766926,2.8072903102196793,8.559255293900659,41,False
2,42,-3.0009179752489166,0.535794006579958,8.709807590317526,42,False
2,43,-1.7417464186184803,2.8606430527695377,8.92145970397264,43,False
2,44,1.6840296179047165,2.8606430527695377,9.085123050523494,44,False
2,45,-0.6284808112766926,3.227616132708299,9.39683545172229,45,False
2,46,3.27631171992582,0.6874119595289372,9.500604575299686,46,False
2,47,0.6523610648118883,3.3267819605783746,9.741037890218022,47,False
2,48,2.783834970737619,2.8606430527695377,9.814636878049072,48,False
2,49,2.7395604855596334,2.8389820910641355,10.008906993220874,49,False
2,50,-3.7007849466452836,2.8606430527695377,11.213684806269624,50,False
3,1,0.0961553288201793,0.6874119595289372,3.342284290910293,1,True
3,2,-0.5384372442596934,-0.24295073774066278,3.6920088310394097,2,False
3,3,-0.41084224461660046,-0.3812276974861266,3.788798945467548,3,False
3,4,0.6523610648118883,-0.24295073774066278,3.826771711438593,4,False
3,5,0.6523610648118883,-0.28903793856867477,3.9738202186963822,5,False
3,6,-0.41084224461660046,0.535794006579958,4.137508454833075,6,False
3,7,0.5920716074541357,-0.3812276974861266,4.158291149421437,7,False
3,8,-0.41084224461660046,-0.6112156024794766,4.2500365950561765,8,False
3,9,-0.41084224461660046,-0.6112156024794766,4.2500365950561765,9,False
3,10,-0.41084224461660046,-0.6112156024794766,4.2500365950561765,10,False
3,11,-0.41084224461660046,-0.8200464407861663,4.3411894755675675,11,False
3,12,-0.41084224461660046,-0.9361313855992943,4.373142468444392,12,False
3,13,-0.6284808112766926,0.535794006579958,4.488265163365703,13,False
3,14,0.5703215234127832,-0.6112156024794766,4.514385853716327,14,False
3,15,0.5703215234127832,0.6874119595289372,4.566168872245445,15,False
3,16,0.5703215234127832,0.6874119595289372,4.566168872245445,16,False
3,17,-0.6284808112766926,0.6874119595289372,4.6022704610237355,17,False
3,18,-1.2119720151460631,-0.28903793856867477,4.952444282514609,18,False
3,19,-1.2920197576741876,-0.9361313855992943,5.367480389092311,19,False
3,20,-1.984879108521235,-0.9361313855992943,5.4480483357674245,20,False
3,21,-1.984879108521235,-0.9361313855992943,5.4480483357674245,21,False
3,22,1.347183200005908,-0.28903793856867477,5.594310445628409,22,False
3,23,1.347183200005908,-0.28903793856867477,5.594310445628409,23,False
3,24,-0.41084224461660046,-1.2954029396513111,5.646523401640184,24,False
3,25,1.347183200005908,-0.9361313855992943,5.669822637703355,25,False
3,26,-1.3818738944660955,-0.28903793856867477,5.725341628131055,26,False
3,27,-1.2920197576741876,0.535794006579958,5.768644645568134,27,False
3,28,2.0516537862633513,-0.8200464407861663,6.097894258138851,28,False
3,29,1.6431354032738756,-0.9361313855992943,6.250648880387459,29,False
3,30,-0.6284808112766926,-1.4547403187013161,6.29578472339206,30,False
3,31,-1.7417464186184803,-0.6112156024794766,6.64888622109757,31,False
3,32,2.0516537862633513,0.6874119595289372,6.664381957221604,32,False
3,33,0.5703215234127832,-1.960499019373878,6.701052600332453,33,False
3,34,0.5703215234127832,-1.960499019373878,6.701052600332453,34,False
3,35,2.0041573383083042,-0.6112156024794766,6.72312967724759,35,False
3,36,-1.984879108521235,-0.49614062104432843,6.745245557799761,36,False
3,37,-1.984879108521235,0.535794006579958,6.753861367170462,37,False
3,38,-1.3818738944660955,-1.960499019373878,7.348398972888305,38,False
3,39,-1.984879108521235,1.698139946825103,7.49382524900229,39,False
3,40,2.0041573383083042,-1.4547403187013161,7.607595891343669,40,False
3,41,2.0516537862633513,1.6191651472689506,7.784729358789116,41,False
3,42,-3.0009179752489166,-0.8200464407861663,7.796833848525679,42,False
3,43,-2.064062422333164,2.8606430527695377,8.391831982736537,43,False
3,44,-0.41084224461660046,2.8389820910641355,8.534211210385312,44,False
3,45,2.7395604855596334,-0.6112156024794766,8.611079791171319,45,False
3,46,-0.5384372442596934,2.8606430527695377,8.61958581608434,46,False
3,47,0.5333005237900705,2.8606430527695377,8.6208646872393,47,False
3,48,-3.0009179752489166,-1.2954029396513111,8.688637700446142,48,False
3,49,1.347183200005908,2.8072903102196793,8.946844059739966,49,False
3,50,2.7395604855596334,2.8389820910641355,10.008906993220874,50,False
4,1,0.0961553288201793,0.6874119595289372,3.342284290910293,1,True
4,2,-0.41084224461660046,-0.28903793856867477,3.5099427067041025,2,False
4,3,-0.41084224461660046,-0.3812276974861266,3.788798945467548,3,False
4,4,-0.41084224461660046,-0.3812276974861266,3.788798945467548,4,False
4,5,-0.6284808112766926,-0.24295073774066278,3.812563560076271,5,False
4,6,0.6523610648118883,-0.24295073774066278,3.826771711438593,6,False
4,7,0.6523610648118883,-0.24295073774066278,3.826771711438593,7,False
4,8,-0.6284808112766926,-0.28903793856867477,3.955428116335803,8,False
4,9,-0.41084224461660046,0.535794006579958,4.137508454833075,9,False
4,10,-0.41084224461660046,0.535794006579958,4.137508454833075,10,False
4,11,-0.41084224461660046,0.535794006579958,4.137508454833075,11,False
4,12,-0.41084224461660046,-0.6112156024794766,4.2500365950561765,12,False
4,13,-0.41084224461660046,-0.9361313855992943,4.373142468444392,13,False
4,14,-0.5384372442596934,0.535794006579958,4.377390078668917,14,False
4,15,0.5703215234127832,0.535794006579958,4.422651513629084,15,False
4,16,-1.1583726597302029,-0.9361313855992943,4.436484352803756,16,False
4,17,0.6523610648118883,0.535794006579958,4.508396937686104,17,False
4,18,0.5703215234127832,-0.6112156024794766,4.514385853716327,18,False
4,19,-0.6284808112766926,-0.9361313855992943,4.5447950439715505,19,False
4,20,0.6523610648118883,-0.8200464407861663,4.545086065849464,20,False
4,21,0.5920716074541357,-0.9361313855992943,4.5756246683784205,21,False
4,22,-0.6284808112766926,0.6874119595289372,4.6022704610237355,22,False
4,23,-1.2119720151460631,-0.28903793856867477,4.952444282514609,23,False
4,24,-1.2920197576741876,-0.2158125416344363,5.123980181776737,24,False
4,25,-1.2920197576741876,-0.9361313855992943,5.367480389092311,25,False
4,26,2.0041573383083042,-0.9361313855992943,5.4787555360236375,26,False
4,27,2.0516537862633513,-0.9361313855992943,5.634554250925884,27,False
4,28,-1.2920197576741876,0.6874119595289372,5.732775931745007,28,False
4,29,0.5333005237900705,-1.2954029396513111,5.78007680553598,29,False
4,30,1.347183200005908,-0.8200464407861663,5.787669429339783,30,False
4,31,0.5703215234127832,-1.2954029396513111,5.7935598522491105,31,False
4,32,-1.7417464186184803,-0.9361313855992943,6.053242440015602,32,False
4,33,2.0516537862633513,-0.8200464407861663,6.097894258138851,33,False
4,34,2.0516537862633513,-0.8200464407861663,6.097894258138851,34,False
4,35,2.0516537862633513,-0.24295073774066278,6.143324613285337,35,False
4,36,-0.6284808112766926,-1.4547403187013161,6.29578472339206,36,False
4,37,1.6431354032738756,-0.3812276974861266,6.4553026624135015,37,False
4,38,-1.984879108521235,0.6874119595289372,6.500134131676358,38,False
4,39,-0.41084224461660046,1.698139946825103,6.53887678677258,39,False
4,40,-1.984879108521235,-0.6112156024794766,6.686655495341721,40,False
4,41,-1.984879108521235,-0.6112156024794766,6.686655495341721,41,False
4,42,-1.984879108521235,0.535794006579958,6.753861367170462,42,False
4,43,-1.984879108521235,0.535794006579958,6.753861367170462,43,False
4,44,2.0041573383083042,-1.2954029396513111,7.014923050484935,44,False
4,45,-1.3818738944660955,-1.960499019373878,7.348398972888305,45,False
4,46,-3.0009179752489166,-1.960499019373878,7.994551728032642,46,False
4,47,-0.41084224461660046,2.8606430527695377,8.526256052422672,47,False
4,48,-2.064062422333164,2.8072903102196793,8.610463287406553,48,False
4,49,1.347183200005908,2.8606430527695377,8.895467025958926,49,False
4,50,2.7395604855596334,2.8606430527695377,9.962747170062604,50,False
5,1,0.0961553288201793,0.6874119595289372,3.342284290910293,1,True
5,2,0.0961553288201793,0.6874119595289372,3.342284290910293,2,False
5,3,-0.41084224461660046,-0.24295073774066278,3.354380871194309,3,False
5,4,-0.41084224461660046,-0.28903793856867477,3.5099427067041025,4,False
5,5,-0.41084224461660046,-0.28903793856867477,3.5099427067041025,5,False
5,6,-0.41084224461660046,-0.3812276974861266,3.788798945467548,6,False
5,7,-0.6284808112766926,-0.24295073774066278,3.812563560076271,7,False
5,8,-0.5384372442596934,-0.28903793856867477,3.8291459703518957,8,False
5,9,-0.41084224461660046,0.535794006579958,4.137508454833075,9,False
5,10,-0.41084224461660046,0.535794006579958,4.137508454833075,10,False
5,11,-0.41084224461660046,0.535794006579958,4.137508454833075,11,False
5,12,-0.41084224461660046,0.535794006579958,4.137508454833075,12,False
5,13,-0.41084224461660046,0.535794006579958,4.137508454833075,13,False
5,14,-0.41084224461660046,0.535794006579958,4.137508454833075,14,False
5,15,-0.41084224461660046,-0.5988709056329815,4.234477522874247,15,False
5,16,-0.41084224461660046,-0.6112156024794766,4.2500365950561765,16,False
5,17,-0.41084224461660046,-0.6112156024794766,4.2500365950561765,17,False
5,18,-0.41084224461660046,-0.6112156024794766,4.2500365950561765,18,False
5,19,-0.41084224461660046,-0.9361313855992943,4.373142468444392,19,False
5,20,-0.41084224461660046,-0.9361313855992943,4.373142468444392,20,False
5,21,-0.41084224461660046,-0.9361313855992943,4.373142468444392,21,False
5,22,0.5703215234127832,0.535794006579958,4.422651513629084,22,False
5,23,0.5703215234127832,0.535794006579958,4.422651513629084,23,False
5,24,0.5703215234127832,0.535794006579958,4.422651513629084,24,False
5,25,-1.1583726597302029,-0.9361313855992943,4.436484352803756,25,False
5,26,-1.1583726597302029,-0.24295073774066278,4.458509346405396,26,False
5,27,-0.511790133231886,0.6874119595289372,4.499672449018604,27,False
5,28,0.6523610648118883,0.535794006579958,4.508396937686104,28,False
5,29,0.5703215234127832,-0.6112156024794766,4.514385853716327,29,False
5,30,-0.6284808112766926,-0.9361313855992943,4.5447950439715505,30,False
5,31,-0.6284808112766926,-0.9361313855992943,4.5447950439715505,31,False
5,32,0.6523610648118883,-0.8200464407861663,4.545086065849464,32,False
5,33,-0.5384372442596934,-0.8157513214185178,4.548098407738738,33,False
5,34,-0.6284808112766926,-0.8200464407861663,4.561382742703405,34,False
5,35,0.5703215234127832,-0.9361313855992943,4.582045246784986,35,False
5,36,-0.6284808112766926,0.6874119595289372,4.6022704610237355,36,False
5,37,-0.6284808112766926,0.6874119595289372,4.6022704610237355,37,False
5,38,0.6523610648118883,0.6874119595289372,4.607765786990562,38,False
5,39,-1.2119720151460631,-0.28903793856867477,4.952444282514609,39,False
5,40,-1.2920197576741876,-0.28903793856867477,5.355988882987997,40,False
5,41,2.0516537862633513,-0.9361313855992943,5.634554250925884,41,False
5,42,0.5333005237900705,-1.2954029396513111,5.78007680553598,42,False
5,43,0.5333005237900705,-1.2954029396513111,5.78007680553598,43,False
5,44,0.5920716074541357,-1.2954029396513111,5.795417534698746,44,False
5,45,-1.7417464186184803,-0.9361313855992943,6.053242440015602,45,False
5,46,1.6431354032738756,-0.3812276974861266,6.4553026624135015,46,False
5,47,2.0516537862633513,0.6874119595289372,6.664381957221604,47,False
5,48,-1.984879108521235,0.535794006579958,6.753861367170462,48,False
5,49,-0.41084224461660046,2.8606430527695377,8.526256052422672,49,False
5,50,-2.064062422333164,2.8072903102196793,8.610463287406553,50,False
6,1,0.0961553288201793,1.0762956540714,3.20087375970984,1,True
6,2,0.0961553288201793,0.535794006579958,3.273283247281132,2,False
6,3,0.0961553288201793,0.535794006579958,3.273283247281132,3,False
6,4,0.0961553288201793,0.6874119595289372,3.342284290910293,4,False
6,5,0.0961553288201793,0.6874119595289372,3.342284290910293,5,False
6,6,-0.41084224461660046,-0.24295073774066278,3.354380871194309,6,False
6,7,-0.41084224461660046,-0.28903793856867477,3.5099427067041025,7,False
6,8,-0.41084224461660046,-0.28903793856867477,3.5099427067041025,8,False
6,9,-0.41084224461660046,-0.28903793856867477,3.5099427067041025,9,False
6,10,-0.511790133231886,-0.24295073774066278,3.6371960965784607,10,False
6,11,-0.5384372442596934,-0.28903793856867477,3.8291459703518957,11,False
6,12,0.6523610648118883,-0.28903793856867477,3.9738202186963822,12,False
6,13,-0.41084224461660046,0.535794006579958,4.137508454833075,13,False
6,14,-0.41084224461660046,0.535794006579958,4.137508454833075,14,False
6,15,-0.41084224461660046,0.5776045452852366,4.204980901138693,15,False
6,16,-0.41084224461660046,-0.6112156024794766,4.2500365950561765,16,False
6,17,-0.41084224461660046,-0.6112156024794766,4.2500365950561765,17,False
6,18,-0.41084224461660046,0.6874119595289372,4.319262843305168,18,False
6,19,-0.41084224461660046,0.6874119595289372,4.319262843305168,19,False
6,20,-0.41084224461660046,0.6874119595289372,4.319262843305168,20,False
6,21,-0.511790133231886,0.535794006579958,4.334883744912201,21,False
6,22,-0.41084224461660046,-0.9361313855992943,4.373142468444392,22,False
6,23,-0.41084224461660046,-0.9361313855992943,4.373142468444392,23,False
6,24,-0.41084224461660046,-0.9361313855992943,4.373142468444392,24,False
6,25,-0.5384372442596934,0.535794006579958,4.377390078668917,25,False
6,26,-0.6284808112766926,0.535794006579958,4.488265163365703,26,False
6,27,0.6523610648118883,0.535794006579958,4.508396937686104,27,False
6,28,0.6523610648118883,-0.9361313855992943,4.510462567169068,28,False
6,29,0.5333005237900705,0.6874119595289372,4.52745335736099,29,False
6,30,-0.6929535465549381,0.535794006579958,4.533089345239329,30,False
6,31,-0.6284808112766926,-0.9361313855992943,4.5447950439715505,31,False
6,32,-0.5384372442596934,-0.8157513214185178,4.548098407738738,32,False
6,33,-0.6284808112766926,-0.8200464407861663,4.561382742703405,33,False
6,34,0.5703215234127832,-0.8200464407861663,4.565594258953279,34,False
6,35,0.5703215234127832,0.6874119595289372,4.566168872245445,35,False
6,36,0.5703215234127832,-0.8157513214185178,4.566553460218774,36,False
6,37,0.5333005237900705,-0.9361313855992943,4.573188664501597,37,False
6,38,0.5703215234127832,-0.9361313855992943,4.582045246784986,38,False
6,39,-0.6284808112766926,0.6874119595289372,4.6022704610237355,39,False
6,40,-0.6284808112766926,0.6874119595289372,4.6022704610237355,40,False
6,41,-1.1583726597302029,-0.28903793856867477,4.662659153568683,41,False
6,42,0.0961553288201793,-1.2954029396513111,4.763615929665217,42,False
6,43,-1.2920197576741876,-0.28903793856867477,5.355988882987997,43,False
6,44,2.0516537862633513,-0.9361313855992943,5.634554250925884,44,False
6,45,2.0516537862633513,-0.9361313855992943,5.634554250925884,45,False
6,46,-0.41084224461660046,-1.2954029396513111,5.646523401640184,46,False
6,47,-1.7417464186184803,-0.24295073774066278,6.12585211938249,47,False
6,48,-1.5344765222870282,-0.3812276974861266,6.300557132080932,48,False
6,49,1.4691021067351033,0.535794006579958,6.310274833634708,49,False
6,50,-1.984879108521235,0.535794006579958,6.753861367170462,50,False
7,1,0.0961553288201793,-0.28903793856867477,2.2250355246067497,1,True
7,2,0.0961553288201793,1.0762956540714,3.20087375970984,2,False
7,3,0.0961553288201793,1.0762956540714,3.20087375970984,3,False
7,4,0.0961553288201793,1.0762956540714,3.20087375970984,4,False
7,5,0.0961553288201793,0.535794006579958,3.273283247281132,5,False
7,6,0.0961553288201793,0.6874119595289372,3.342284290910293,6,False
7,7,0.0961553288201793,0.6874119595289372,3.342284290910293,7,False
7,8,0.0961553288201793,0.6874119595289372,3.342284290910293,8,False
7,9,0.0961553288201793,0.6874119595289372,3.342284290910293,9,False
7,10,0.0961553288201793,-0.6112156024794766,3.364848464605267,10,False
7,11,-0.14964879450377194,0.6874119595289372,3.5036335701998955,11,False
7,12,-0.41084224461660046,-0.28903793856867477,3.5099427067041025,12,False
7,13,-0.41084224461660046,-0.28903793856867477,3.5099427067041025,13,False
7,14,-0.41084224461660046,-0.28903793856867477,3.5099427067041025,14,False
7,15,-0.41084224461660046,-0.28903793856867477,3.5099427067041025,15,False
7,16,0.5333005237900705,-0.24295073774066278,3.6820976879934944,16,False
7,17,0.5333005237900705,-0.24295073774066278,3.6820976879934944,17,False
7,18,0.6523610648118883,-0.28903793856867477,3.9738202186963822,18,False
7,19,-0.41084224461660046,0.535794006579958,4.137508454833075,19,False
7,20,-0.41084224461660046,0.535794006579958,4.137508454833075,20,False
7,21,-0.41084224461660046,0.535794006579958,4.137508454833075,21,False
7,22,-0.41084224461660046,0.5776045452852366,4.204980901138693,22,False
7,23,-0.41084224461660046,0.5776045452852366,4.204980901138693,23,False
7,24,-0.41084224461660046,0.5776045452852366,4.204980901138693,24,False
7,25,-0.41084224461660046,0.6874119595289372,4.319262843305168,25,False
7,26,-0.41084224461660046,0.6874119595289372,4.319262843305168,26,False
7,27,-0.41084224461660046,0.6874119595289372,4.319262843305168,27,False
7,28,-0.41084224461660046,0.6874119595289372,4.319262843305168,28,False
7,29,-0.41084224461660046,-0.8200464407861663,4.3411894755675675,29,False
7,30,0.5333005237900705,0.535794006579958,4.3695206311553,30,False
7,31,-0.41084224461660046,-0.9361313855992943,4.373142468444392,31,False
7,32,-0.41084224461660046,-0.9361313855992943,4.373142468444392,32,False
7,33,-0.41084224461660046,-0.9361313855992943,4.373142468444392,33,False
7,34,-0.6284808112766926,0.535794006579958,4.488265163365703,34,False
7,35,0.6523610648118883,0.535794006579958,4.508396937686104,35,False
7,36,0.5333005237900705,0.6874119595289372,4.52745335736099,36,False
7,37,-0.6929535465549381,0.535794006579958,4.533089345239329,37,False
7,38,-0.5384372442596934,0.6874119595289372,4.533520986277054,38,False
7,39,-0.5384372442596934,-0.8200464407861663,4.547636402176462,39,False
7,40,-0.5384372442596934,-0.8157513214185178,4.548098407738738,40,False
7,41,-0.6284808112766926,-0.8157513214185178,4.563748512433982,41,False
7,42,0.5703215234127832,0.6874119595289372,4.566168872245445,42,False
7,43,0.5703215234127832,-0.8157513214185178,4.566553460218774,43,False
7,44,0.5703215234127832,-0.8157513214185178,4.566553460218774,44,False
7,45,0.5333005237900705,-0.9361313855992943,4.573188664501597,45,False
7,46,-0.5384372442596934,-0.9361313855992943,4.575875363619108,46,False
7,47,-0.6284808112766926,0.6874119595289372,4.6022704610237355,47,False
7,48,-0.6284808112766926,0.6874119595289372,4.6022704610237355,48,False
7,49,0.0961553288201793,-1.2954029396513111,4.763615929665217,49,False
7,50,-1.2920197576741876,-0.24295073774066278,5.214185607998974,50,False
8,1,0.0961553288201793,-0.24295073774066278,1.9009808308353127,1,True
8,2,0.0961553288201793,-0.28903793856867477,2.2250355246067497,2,False
8,3,0.0961553288201793,-0.28903793856867477,2.2250355246067497,3,False
8,4,0.0961553288201793,1.0762956540714,3.20087375970984,4,False
8,5,0.0961553288201793,1.0762956540714,3.20087375970984,5,False
8,6,0.0961553288201793,0.535794006579958,3.273283247281132,6,False
8,7,0.0961553288201793,0.535794006579958,3.273283247281132,7,False
8,8,-0.14964879450377194,-0.8157513214185178,3.2903778509917,8,False
8,9,0.0961553288201793,0.6874119595289372,3.342284290910293,9,False
8,10,0.0961553288201793,0.6874119595289372,3.342284290910293,10,False
8,11,0.0961553288201793,0.6874119595289372,3.342284290910293,11,False
8,12,0.0961553288201793,0.6874119595289372,3.342284290910293,12,False
8,13,0.0961553288201793,0.6874119595289372,3.342284290910293,13,False
8,14,0.0961553288201793,0.6874119595289372,3.342284290910293,14,False
8,15,0.0961553288201793,0.6874119595289372,3.342284290910293,15,False
8,16,-0.41084224461660046,-0.24295073774066278,3.354380871194309,16,False
8,17,-0.1833303844428405,0.535794006579958,3.5047923714410953,17,False
8,18,-0.41084224461660046,-0.28903793856867477,3.5099427067041025,18,False
8,19,-0.41084224461660046,-0.28903793856867477,3.5099427067041025,19,False
8,20,-0.41084224461660046,-0.28903793856867477,3.5099427067041025,20,False
8,21,-0.41084224461660046,-0.28903793856867477,3.5099427067041025,21,False
8,22,0.5333005237900705,-0.24295073774066278,3.6820976879934944,22,False
8,23,0.5333005237900705,-0.28903793856867477,3.819375547675915,23,False
8,24,0.5333005237900705,-0.28903793856867477,3.819375547675915,24,False
8,25,-0.41084224461660046,0.535794006579958,4.137508454833075,25,False
8,26,-0.41084224461660046,0.535794006579958,4.137508454833075,26,False
8,27,-0.41084224461660046,0.535794006579958,4.137508454833075,27,False
8,28,-0.41084224461660046,0.5776045452852366,4.204980901138693,28,False
8,29,-0.41084224461660046,0.5776045452852366,4.204980901138693,29,False
8,30,-0.41084224461660046,-0.6112156024794766,4.2500365950561765,30,False
8,31,-0.41084224461660046,0.6874119595289372,4.319262843305168,31,False
8,32,-0.41084224461660046,0.6874119595289372,4.319262843305168,32,False
8,33,-0.41084224461660046,0.6874119595289372,4.319262843305168,33,False
8,34,-0.41084224461660046,0.6874119595289372,4.319262843305168,34,False
8,35,-0.41084224461660046,-0.8200464407861663,4.3411894755675675,35,False
8,36,-0.6929535465549381,-0.9361313855992943,4.425954549715957,36,False
8,37,-0.6929535465549381,-0.9361313855992943,4.425954549715957,37,False
8,38,0.5333005237900705,0.5776045452852366,4.428478524015077,38,False
8,39,-0.5384372442596934,0.5776045452852366,4.435893831965558,39,False
8,40,0.6523610648118883,0.535794006579958,4.508396937686104,40,False
8,41,0.5333005237900705,0.6874119595289372,4.52745335736099,41,False
8,42,-0.6284808112766926,-0.8200464407861663,4.561382742703405,42,False
8,43,0.5703215234127832,0.6874119595289372,4.566168872245445,43,False
8,44,0.5703215234127832,0.6874119595289372,4.566168872245445,44,False
8,45,0.5703215234127832,0.6874119595289372,4.566168872245445,45,False
8,46,0.5703215234127832,-0.8157513214185178,4.566553460218774,46,False
8,47,-1.0282487880723399,0.5776045452852366,4.739003990333579,47,False
8,48,-0.6284808112766926,1.0762956540714,4.847446053445996,48,False
8,49,0.5333005237900705,1.0762956540714,4.8872596062335525,49,False
8,50,-0.6284808112766926,-1.2954029396513111,5.78803059766603,50,False
9,1,0.0961553288201793,-0.24295073774066278,1.9009808308353127,1,True
9,2,0.0961553288201793,-0.24295073774066278,1.9009808308353127,2,False
9,3,0.0961553288201793,-0.28903793856867477,2.2250355246067497,3,False
9,4,0.0961553288201793,-0.28903793856867477,2.2250355246067497,4,False
9,5,0.0961553288201793,-0.28903793856867477,2.2250355246067497,5,False
9,6,0.0961553288201793,-0.28903793856867477,2.2250355246067497,6,False
9,7,0.0961553288201793,1.0762956540714,3.20087375970984,7,False
9,8,0.0961553288201793,1.0762956540714,3.20087375970984,8,False
9,9,0.0961553288201793,1.0762956540714,3.20087375970984,9,False
9,10,0.0961553288201793,0.535794006579958,3.273283247281132,10,False
9,11,0.0961553288201793,0.535794006579958,3.273283247281132,11,False
9,12,0.0961553288201793,0.535794006579958,3.273283247281132,12,False
9,13,0.0961553288201793,0.535794006579958,3.273283247281132,13,False
9,14,0.0961553288201793,0.535794006579958,3.273283247281132,14,False
9,15,0.0961553288201793,0.535794006579958,3.273283247281132,15,False
9,16,0.0961553288201793,0.5776045452852366,3.337543988316732,16,False
9,17,0.0961553288201793,0.6874119595289372,3.342284290910293,17,False
9,18,0.0961553288201793,0.6874119595289372,3.342284290910293,18,False
9,19,0.0961553288201793,0.6874119595289372,3.342284290910293,19,False
9,20,0.0961553288201793,0.6874119595289372,3.342284290910293,20,False
9,21,0.0961553288201793,0.6874119595289372,3.342284290910293,21,False
9,22,0.0961553288201793,0.6874119595289372,3.342284290910293,22,False
9,23,0.0961553288201793,0.6874119595289372,3.342284290910293,23,False
9,24,-0.41084224461660046,-0.24295073774066278,3.354380871194309,24,False
9,25,0.0961553288201793,-0.6112156024794766,3.364848464605267,25,False
9,26,-0.41084224461660046,-0.28903793856867477,3.5099427067041025,26,False
9,27,-0.41084224461660046,-0.28903793856867477,3.5099427067041025,27,False
9,28,-0.1833303844428405,0.6874119595289372,3.620767765278654,28,False
9,29,0.5333005237900705,-0.28903793856867477,3.819375547675915,29,False
9,30,0.5703215234127832,-0.28903793856867477,3.883768284289396,30,False
9,31,-0.7857489137588591,-0.28903793856867477,3.961491755448137,31,False
9,32,-0.41084224461660046,0.535794006579958,4.137508454833075,32,False
9,33,-0.41084224461660046,0.535794006579958,4.137508454833075,33,False
9,34,-0.41084224461660046,0.535794006579958,4.137508454833075,34,False
9,35,-0.41084224461660046,0.535794006579958,4.137508454833075,35,False
9,36,-0.41084224461660046,0.6874119595289372,4.319262843305168,36,False
9,37,-0.41084224461660046,0.6874119595289372,4.319262843305168,37,False
9,38,-0.41084224461660046,0.6874119595289372,4.319262843305168,38,False
9,39,-0.41084224461660046,0.6874119595289372,4.319262843305168,39,False
9,40,-0.41084224461660046,-0.8636399371628218,4.34004005603148,40,False
9,41,0.5703215234127832,0.535794006579958,4.422651513629084,41,False
9,42,-0.6929535465549381,-0.9361313855992943,4.425954549715957,42,False
9,43,0.5333005237900705,0.6874119595289372,4.52745335736099,43,False
9,44,0.5333005237900705,-0.9361313855992943,4.573188664501597,44,False
9,45,-0.6929535465549381,0.5776045452852366,4.574303672343959,45,False
9,46,-1.0282487880723399,0.6874119595289372,4.577181340181031,46,False
9,47,0.6523610648118883,0.6874119595289372,4.607765786990562,47,False
9,48,-0.41084224461660046,1.0762956540714,4.704891090245752,48,False
9,49,-0.41084224461660046,1.0762956540714,4.704891090245752,49,False
9,50,-1.0990359941555745,0.535794006579958,4.971999076039136,50,False
10,1,0.0961553288201793,-0.24295073774066278,1.9009808308353127,1,True
10,2,0.0961553288201793,-0.24295073774066278,1.9009808308353127,2,False
10,3,0.0961553288201793,-0.24295073774066278,1.9009808308353127,3,False
10,4,0.0961553288201793,-0.24295073774066278,1.9009808308353127,4,False
10,5,0.0961553288201793,-0.28903793856867477,2.2250355246067497,5,False
10,6,0.0961553288201793,-0.28903793856867477,2.2250355246067497,6,False
10,7,0.0961553288201793,-0.28903793856867477,2.2250355246067497,7,False
10,8,0.0961553288201793,-0.28903793856867477,2.2250355246067497,8,False
10,9,0.0961553288201793,-0.28903793856867477,2.2250355246067497,9,False
10,10,-0.1833303844428405,-0.28903793856867477,2.57791382312324,10,False
10,11,0.0961553288201793,1.0195271430424633,2.9360780993453557,11,False
10,12,0.0961553288201793,-0.8636399371628218,2.9374048527459,12,False
10,13,0.0961553288201793,1.0762956540714,3.20087375970984,13,False
10,14,0.0961553288201793,1.0762956540714,3.20087375970984,14,False
10,15,0.0961553288201793,0.535794006579958,3.273283247281132,15,False
10,16,0.0961553288201793,0.535794006579958,3.273283247281132,16,False
10,17,0.0961553288201793,0.535794006579958,3.273283247281132,17,False
10,18,0.0961553288201793,0.535794006579958,3.273283247281132,18,False
10,19,0.0961553288201793,0.535794006579958,3.273283247281132,19,False
10,20,0.0961553288201793,0.535794006579958,3.273283247281132,20,False
10,21,0.0961553288201793,0.535794006579958,3.273283247281132,21,False
10,22,0.0961553288201793,0.535794006579958,3.273283247281132,22,False
10,23,0.0961553288201793,0.535794006579958,3.273283247281132,23,False
10,24,0.0961553288201793,0.535794006579958,3.273283247281132,24,False
10,25,0.0961553288201793,0.5776045452852366,3.337543988316732,25,False
10,26,0.0961553288201793,0.5776045452852366,3.337543988316732,26,False
10,27,0.0961553288201793,0.5776045452852366,3.337543988316732,27,False
10,28,0.0961553288201793,0.6874119595289372,3.342284290910293,28,False
10,29,0.0961553288201793,0.6874119595289372,3.342284290910293,29,False
10,30,0.0961553288201793,0.6874119595289372,3.342284290910293,30,False
10,31,0.0961553288201793,0.6874119595289372,3.342284290910293,31,False
10,32,0.0961553288201793,0.6874119595289372,3.342284290910293,32,False
10,33,0.0961553288201793,0.6874119595289372,3.342284290910293,33,False
10,34,0.0961553288201793,0.6874119595289372,3.342284290910293,34,False
10,35,-0.41084224461660046,-0.24295073774066278,3.354380871194309,35,False
10,36,0.0961553288201793,-0.6112156024794766,3.364848464605267,36,False
10,37,-0.41084224461660046,-0.28903793856867477,3.5099427067041025,37,False
10,38,-0.9891523760775265,-0.24295073774066278,3.7176323431098095,38,False
10,39,0.5333005237900705,-0.28903793856867477,3.819375547675915,39,False
10,40,0.5703215234127832,-0.28903793856867477,3.883768284289396,40,False
10,41,-0.41084224461660046,0.535794006579958,4.137508454833075,41,False
10,42,-0.41084224461660046,0.5776045452852366,4.204980901138693,42,False
10,43,-0.41084224461660046,0.6874119595289372,4.319262843305168,43,False
10,44,-0.41084224461660046,0.6874119595289372,4.319262843305168,44,False
10,45,-0.41084224461660046,0.6874119595289372,4.319262843305168,45,False
10,46,-0.41084224461660046,0.6874119595289372,4.319262843305168,46,False
10,47,0.5703215234127832,0.535794006579958,4.422651513629084,47,False
10,48,0.5703215234127832,0.535794006579958,4.422651513629084,48,False
10,49,-0.7857489137588591,0.6874119595289372,4.540613371035235,49,False
10,50,0.5541204799599786,0.6874119595289372,4.550670553991598,50,False
11,1,0.0961553288201793,-0.24295073774066278,1.9009808308353127,1,True
11,2,0.0961553288201793,-0.24295073774066278,1.9009808308353127,2,False
11,3,0.0961553288201793,-0.24295073774066278,1.9009808308353127,3,False
11,4,0.0961553288201793,-0.24295073774066278,1.9009808308353127,4,False
11,5,0.0961553288201793,-0.24295073774066278,1.9009808308353127,5,False
11,6,0.0961553288201793,-0.24295073774066278,1.9009808308353127,6,False
11,7,0.0961553288201793,-0.24295073774066278,1.9009808308353127,7,False
11,8,0.0961553288201793,-0.24295073774066278,1.9009808308353127,8,False
11,9,0.0961553288201793,-0.28903793856867477,2.2250355246067497,9,False
11,10,0.0961553288201793,-0.28903793856867477,2.2250355246067497,10,False
11,11,0.0961553288201793,-0.28903793856867477,2.2250355246067497,11,False
11,12,0.0961553288201793,-0.28903793856867477,2.2250355246067497,12,False
11,13,0.0961553288201793,-0.28903793856867477,2.2250355246067497,13,False
11,14,0.0961553288201793,-0.28903793856867477,2.2250355246067497,14,False
11,15,-0.1833303844428405,-0.28903793856867477,2.57791382312324,15,False
11,16,-0.1833303844428405,-0.28903793856867477,2.57791382312324,16,False
11,17,0.0961553288201793,1.0195271430424633,2.9360780993453557,17,False
11,18,0.0961553288201793,-0.8636399371628218,2.9374048527459,18,False
11,19,0.0961553288201793,-0.8636399371628218,2.9374048527459,19,False
11,20,0.0961553288201793,1.0762956540714,3.20087375970984,20,False
11,21,0.0961553288201793,1.0762956540714,3.20087375970984,21,False
11,22,0.0961553288201793,0.535794006579958,3.273283247281132,22,False
11,23,0.0961553288201793,0.535794006579958,3.273283247281132,23,False
11,24,0.0961553288201793,0.535794006579958,3.273283247281132,24,False
11,25,0.0961553288201793,0.535794006579958,3.273283247281132,25,False
11,26,0.0961553288201793,0.535794006579958,3.273283247281132,26,False
11,27,0.0961553288201793,0.535794006579958,3.273283247281132,27,False
11,28,0.0961553288201793,0.535794006579958,3.273283247281132,28,False
11,29,0.0961553288201793,0.535794006579958,3.273283247281132,29,False
11,30,0.0961553288201793,0.535794006579958,3.273283247281132,30,False
11,31,0.0961553288201793,0.535794006579958,3.273283247281132,31,False
11,32,0.0961553288201793,0.535794006579958,3.273283247281132,32,False
11,33,0.0961553288201793,0.535794006579958,3.273283247281132,33,False
11,34,0.0961553288201793,0.5776045452852366,3.337543988316732,34,False
11,35,0.0961553288201793,0.5776045452852366,3.337543988316732,35,False
11,36,0.0961553288201793,0.5776045452852366,3.337543988316732,36,False
11,37,0.0961553288201793,0.6874119595289372,3.342284290910293,37,False
11,38,0.0961553288201793,0.6874119595289372,3.342284290910293,38,False
11,39,0.0961553288201793,0.6874119595289372,3.342284290910293,39,False
11,40,0.0961553288201793,0.6874119595289372,3.342284290910293,40,False
11,41,0.0961553288201793,0.6874119595289372,3.342284290910293,41,False
11,42,0.0961553288201793,0.6874119595289372,3.342284290910293,42,False
11,43,-0.41084224461660046,-0.28903793856867477,3.5099427067041025,43,False
11,44,-0.41084224461660046,-0.28903793856867477,3.5099427067041025,44,False
11,45,-0.41084224461660046,-0.28903793856867477,3.5099427067041025,45,False
11,46,-0.1833303844428405,0.6874119595289372,3.620767765278654,46,False
11,47,-0.9891523760775265,-0.24295073774066278,3.7176323431098095,47,False
11,48,-0.9891523760775265,-0.24295073774066278,3.7176323431098095,48,False
11,49,-0.41084224461660046,-0.6112156024794766,4.2500365950561765,49,False
11,50,0.0961553288201793,1.3074018985767122,4.837783280621807,50,False
12,1,0.0961553288201793,0.019602851677454458,0.5153084060492117,1,True
12,2,0.0961553288201793,-0.24295073774066278,1.9009808308353127,2,False
12,3,0.0961553288201793,-0.24295073774066278,1.9009808308353127,3,False
12,4,0.0961553288201793,-0.24295073774066278,1.9009808308353127,4,False
12,5,0.0961553288201793,-0.24295073774066278,1.9009808308353127,5,False
12,6,0.0961553288201793,-0.24295073774066278,1.9009808308353127,6,False
12,7,0.0961553288201793,-0.24295073774066278,1.9009808308353127,7,False
12,8,0.0961553288201793,-0.24295073774066278,1.9009808308353127,8,False
12,9,0.0961553288201793,-0.24295073774066278,1.9009808308353127,9,False
12,10,0.0961553288201793,-0.24295073774066278,1.9009808308353127,10,False
12,11,0.0961553288201793,-0.24295073774066278,1.9009808308353127,11,False
12,12,0.0961553288201793,-0.24295073774066278,1.9009808308353127,12,False
12,13,0.0961553288201793,-0.24295073774066278,1.9009808308353127,13,False
12,14,0.0961553288201793,-0.28903793856867477,2.2250355246067497,14,False
12,15,0.0961553288201793,-0.28903793856867477,2.2250355246067497,15,False
12,16,0.0961553288201793,-0.28903793856867477,2.2250355246067497,16,False
12,17,0.0961553288201793,-0.28903793856867477,2.2250355246067497,17,False
12,18,0.0961553288201793,-0.28903793856867477,2.2250355246067497,18,False
12,19,0.0961553288201793,-0.28903793856867477,2.2250355246067497,19,False
12,20,0.0961553288201793,-0.28903793856867477,2.2250355246067497,20,False
12,21,0.0961553288201793,-0.28903793856867477,2.2250355246067497,21,False
12,22,0.0961553288201793,-0.28903793856867477,2.2250355246067497,22,False
12,23,0.0961553288201793,-0.28903793856867477,2.2250355246067497,23,False
12,24,0.0961553288201793,-0.28903793856867477,2.2250355246067497,24,False
12,25,-0.1833303844428405,-0.24295073774066278,2.3079098522521204,25,False
12,26,-0.1833303844428405,-0.28903793856867477,2.57791382312324,26,False
12,27,-0.1833303844428405,-0.28903793856867477,2.57791382312324,27,False
12,28,0.0961553288201793,1.0195271430424633,2.9360780993453557,28,False
12,29,0.0961553288201793,1.0762956540714,3.20087375970984,29,False
12,30,0.0961553288201793,1.0762956540714,3.20087375970984,30,False
12,31,0.0961553288201793,0.535794006579958,3.273283247281132,31,False
12,32,0.0961553288201793,0.535794006579958,3.273283247281132,32,False
12,33,0.0961553288201793,0.535794006579958,3.273283247281132,33,False
12,34,0.0961553288201793,0.535794006579958,3.273283247281132,34,False
12,35,0.0961553288201793,0.535794006579958,3.273283247281132,35,False
12,36,0.0961553288201793,0.535794006579958,3.273283247281132,36,False
12,37,0.0961553288201793,0.535794006579958,3.273283247281132,37,False
12,38,0.0961553288201793,0.5776045452852366,3.337543988316732,38,False
12,39,0.0961553288201793,0.5776045452852366,3.337543988316732,39,False
12,40,0.0961553288201793,0.5776045452852366,3.337543988316732,40,False
12,41,0.0961553288201793,0.5776045452852366,3.337543988316732,41,False
12,42,0.0961553288201793,0.6874119595289372,3.342284290910293,42,False
12,43,0.0961553288201793,0.6874119595289372,3.342284290910293,43,False
12,44,-0.41084224461660046,-0.24295073774066278,3.354380871194309,44,False
12,45,-0.41084224461660046,-0.24295073774066278,3.354380871194309,45,False
12,46,0.0961553288201793,-0.6112156024794766,3.364848464605267,46,False
12,47,-0.1833303844428405,0.5776045452852366,3.5729925784842504,47,False
12,48,-0.1833303844428405,0.6874119595289372,3.620767765278654,48,False
12,49,0.6909663314640009,-0.24295073774066278,3.8333234595868046,49,False
12,50,-0.41084224461660046,0.6874119595289372,4.319262843305168,50,False
13,1,0.0961553288201793,0.019602851677454458,0.5153084060492117,1,True
13,2,0.0961553288201793,-0.24295073774066278,1.9009808308353127,2,False
13,3,0.0961553288201793,-0.24295073774066278,1.9009808308353127,3,False
13,4,0.0961553288201793,-0.24295073774066278,1.9009808308353127,4,False
13,5,0.0961553288201793,-0.24295073774066278,1.9009808308353127,5,False
13,6,0.0961553288201793,-0.24295073774066278,1.9009808308353127,6,False
13,7,0.0961553288201793,-0.24295073774066278,1.9009808308353127,7,False
13,8,0.0961553288201793,-0.24295073774066278,1.9009808308353127,8,False
13,9,0.0961553288201793,-0.24295073774066278,1.9009808308353127,9,False
13,10,0.0961553288201793,-0.24295073774066278,1.9009808308353127,10,False
13,11,0.0961553288201793,-0.24295073774066278,1.9009808308353127,11,False
13,12,0.0961553288201793,-0.24295073774066278,1.9009808308353127,12,False
13,13,0.0961553288201793,-0.24295073774066278,1.9009808308353127,13,False
13,14,0.0961553288201793,-0.24295073774066278,1.9009808308353127,14,False
13,15,0.0961553288201793,-0.24295073774066278,1.9009808308353127,15,False
13,16,0.0961553288201793,-0.24295073774066278,1.9009808308353127,16,False
13,17,0.0961553288201793,-0.24295073774066278,1.9009808308353127,17,False
13,18,0.0961553288201793,-0.24295073774066278,1.9009808308353127,18,False
13,19,0.025457577748278212,-0.28903793856867477,2.0714331448955225,19,False
13,20,0.0961553288201793,-0.28903793856867477,2.2250355246067497,20,False
13,21,0.0961553288201793,-0.28903793856867477,2.2250355246067497,21,False
13,22,0.0961553288201793,-0.28903793856867477,2.2250355246067497,22,False
13,23,0.0961553288201793,-0.28903793856867477,2.2250355246067497,23,False
13,24,0.0961553288201793,-0.28903793856867477,2.2250355246067497,24,False
13,25,0.0961553288201793,-0.28903793856867477,2.2250355246067497,25,False
13,26,0.0961553288201793,-0.28903793856867477,2.2250355246067497,26,False
13,27,0.0961553288201793,-0.28903793856867477,2.2250355246067497,27,False
13,28,0.0961553288201793,-0.28903793856867477,2.2250355246067497,28,False
13,29,0.0961553288201793,-0.28903793856867477,2.2250355246067497,29,False
13,30,0.0961553288201793,-0.28903793856867477,2.2250355246067497,30,False
13,31,-0.1833303844428405,-0.24295073774066278,2.3079098522521204,31,False
13,32,-0.1833303844428405,-0.24295073774066278,2.3079098522521204,32,False
13,33,0.0961553288201793,1.0195271430424633,2.9360780993453557,33,False
13,34,0.0961553288201793,1.0195271430424633,2.9360780993453557,34,False
13,35,0.0961553288201793,1.0195271430424633,2.9360780993453557,35,False
13,36,0.0961553288201793,1.0762956540714,3.20087375970984,36,False
13,37,0.0961553288201793,1.0762956540714,3.20087375970984,37,False
13,38,0.0961553288201793,0.535794006579958,3.273283247281132,38,False
13,39,0.0961553288201793,0.535794006579958,3.273283247281132,39,False
13,40,0.0961553288201793,0.535794006579958,3.273283247281132,40,False
13,41,0.0961553288201793,0.5776045452852366,3.337543988316732,41,False
13,42,0.0961553288201793,0.5776045452852366,3.337543988316732,42,False
13,43,0.0961553288201793,0.5776045452852366,3.337543988316732,43,False
13,44,0.0961553288201793,0.5776045452852366,3.337543988316732,44,False
13,45,0.0961553288201793,0.5776045452852366,3.337543988316732,45,False
13,46,0.0961553288201793,0.6874119595289372,3.342284290910293,46,False
13,47,-0.41084224461660046,-0.24295073774066278,3.354380871194309,47,False
13,48,-0.4165497350687729,-0.28903793856867477,3.5276049970461334,48,False
13,49,-0.1833303844428405,0.5776045452852366,3.5729925784842504,49,False
13,50,-0.41084224461660046,0.535794006579958,4.137508454833075,50,False
14,1,0.0961553288201793,0.019602851677454458,0.5153084060492117,1,True
14,2,0.0961553288201793,0.019602851677454458,0.5153084060492117,2,False
14,3,0.0961553288201793,0.019602851677454458,0.5153084060492117,3,False
14,4,0.025457577748278212,-0.24295073774066278,1.7225100054332612,4,False
14,5,0.0961553288201793,-0.24295073774066278,1.9009808308353127,5,False
14,6,0.0961553288201793,-0.24295073774066278,1.9009808308353127,6,False
14,7,0.0961553288201793,-0.24295073774066278,1.9009808308353127,7,False
14,8,0.0961553288201793,-0.24295073774066278,1.9009808308353127,8,False
14,9,0.0961553288201793,-0.24295073774066278,1.9009808308353127,9,False
14,10,0.0961553288201793,-0.24295073774066278,1.9009808308353127,10,False
14,11,0.0961553288201793,-0.24295073774066278,1.9009808308353127,11,False
14,12,0.0961553288201793,-0.24295073774066278,1.9009808308353127,12,False
14,13,0.0961553288201793,-0.24295073774066278,1.9009808308353127,13,False
14,14,0.0961553288201793,-0.24295073774066278,1.9009808308353127,14,False
14,15,0.0961553288201793,-0.24295073774066278,1.9009808308353127,15,False
14,16,0.0961553288201793,-0.24295073774066278,1.9009808308353127,16,False
14,17,0.0961553288201793,-0.24295073774066278,1.9009808308353127,17,False
14,18,0.0961553288201793,-0.24295073774066278,1.9009808308353127,18,False
14,19,0.0961553288201793,-0.24295073774066278,1.9009808308353127,19,False
14,20,0.0961553288201793,-0.24295073774066278,1.9009808308353127,20,False
14,21,0.0961553288201793,-0.24295073774066278,1.9009808308353127,21,False
14,22,0.0961553288201793,-0.24295073774066278,1.9009808308353127,22,False
14,23,0.0961553288201793,-0.24295073774066278,1.9009808308353127,23,False
14,24,0.025457577748278212,-0.28903793856867477,2.0714331448955225,24,False
14,25,0.025457577748278212,-0.28903793856867477,2.0714331448955225,25,False
14,26,0.0961553288201793,-0.28903793856867477,2.2250355246067497,26,False
14,27,0.0961553288201793,-0.28903793856867477,2.2250355246067497,27,False
14,28,0.0961553288201793,-0.28903793856867477,2.2250355246067497,28,False
14,29,0.0961553288201793,-0.28903793856867477,2.2250355246067497,29,False
14,30,0.0961553288201793,-0.28903793856867477,2.2250355246067497,30,False
14,31,0.0961553288201793,-0.28903793856867477,2.2250355246067497,31,False
14,32,0.0961553288201793,-0.28903793856867477,2.2250355246067497,32,False
14,33,0.0961553288201793,-0.28903793856867477,2.2250355246067497,33,False
14,34,0.0961553288201793,-0.28903793856867477,2.2250355246067497,34,False
14,35,0.0961553288201793,-0.28903793856867477,2.2250355246067497,35,False
14,36,0.0961553288201793,-0.28903793856867477,2.2250355246067497,36,False
14,37,0.0961553288201793,-0.28903793856867477,2.2250355246067497,37,False
14,38,0.0961553288201793,-0.28903793856867477,2.2250355246067497,38,False
14,39,-0.1833303844428405,-0.24295073774066278,2.3079098522521204,39,False
14,40,-0.1833303844428405,-0.24295073774066278,2.3079098522521204,40,False
14,41,-0.1833303844428405,-0.24295073774066278,2.3079098522521204,41,False
14,42,0.0961553288201793,1.0195271430424633,2.9360780993453557,42,False
14,43,0.0961553288201793,1.0195271430424633,2.9360780993453557,43,False
14,44,0.0961553288201793,0.535794006579958,3.273283247281132,44,False
14,45,0.0961553288201793,0.5776045452852366,3.337543988316732,45,False
14,46,0.0961553288201793,0.5776045452852366,3.337543988316732,46,False
14,47,0.0961553288201793,0.5776045452852366,3.337543988316732,47,False
14,48,0.0961553288201793,0.5776045452852366,3.337543988316732,48,False
14,49,0.0961553288201793,-0.6098092989600981,3.3641533568872153,49,False
14,50,-0.1833303844428405,0.5776045452852366,3.5729925784842504,50,False
15,1,0.025457577748278212,0.019602851677454458,0.11817857577153434,1,True
15,2,0.0961553288201793,0.019602851677454458,0.5153084060492117,2,False
15,3,0.0961553288201793,0.019602851677454458,0.5153084060492117,3,False
15,4,0.0961553288201793,0.019602851677454458,0.5153084060492117,4,False
15,5,0.0961553288201793,0.019602851677454458,0.5153084060492117,5,False
15,6,0.0961553288201793,0.019602851677454458,0.5153084060492117,6,False
15,7,0.0961553288201793,0.019602851677454458,0.5153084060492117,7,False
15,8,0.0961553288201793,-0.21531540257190898,1.69291143422214,8,False
15,9,0.025457577748278212,-0.24295073774066278,1.7225100054332612,9,False
15,10,0.025457577748278212,-0.24295073774066278,1.7225100054332612,10,False
15,11,0.025457577748278212,-0.24295073774066278,1.7225100054332612,11,False
15,12,0.0961553288201793,-0.24295073774066278,1.9009808308353127,12,False
15,13,0.0961553288201793,-0.24295073774066278,1.9009808308353127,13,False
15,14,0.0961553288201793,-0.24295073774066278,1.9009808308353127,14,False
15,15,0.0961553288201793,-0.24295073774066278,1.9009808308353127,15,False
15,16,0.0961553288201793,-0.24295073774066278,1.9009808308353127,16,False
15,17,0.0961553288201793,-0.24295073774066278,1.9009808308353127,17,False
15,18,0.0961553288201793,-0.24295073774066278,1.9009808308353127,18,False
15,19,0.0961553288201793,-0.24295073774066278,1.9009808308353127,19,False
15,20,0.0961553288201793,-0.24295073774066278,1.9009808308353127,20,False
15,21,0.0961553288201793,-0.24295073774066278,1.9009808308353127,21,False
15,22,0.0961553288201793,-0.24295073774066278,1.9009808308353127,22,False
15,23,0.0961553288201793,-0.24295073774066278,1.9009808308353127,23,False
15,24,0.0961553288201793,-0.24295073774066278,1.9009808308353127,24,False
15,25,0.0961553288201793,-0.24295073774066278,1.9009808308353127,25,False
15,26,0.0961553288201793,-0.24295073774066278,1.9009808308353127,26,False
15,27,0.0961553288201793,-0.24295073774066278,1.9009808308353127,27,False
15,28,0.0961553288201793,-0.24295073774066278,1.9009808308353127,28,False
15,29,0.0961553288201793,-0.24295073774066278,1.9009808308353127,29,False
15,30,0.0961553288201793,-0.24295073774066278,1.9009808308353127,30,False
15,31,0.0961553288201793,-0.24295073774066278,1.9009808308353127,31,False
15,32,0.0961553288201793,-0.28903793856867477,2.2250355246067497,32,False
15,33,0.0961553288201793,-0.28903793856867477,2.2250355246067497,33,False
15,34,0.0961553288201793,-0.28903793856867477,2.2250355246067497,34,False
15,35,0.0961553288201793,-0.28903793856867477,2.2250355246067497,35,False
15,36,0.0961553288201793,-0.28903793856867477,2.2250355246067497,36,False
15,37,0.0961553288201793,-0.28903793856867477,2.2250355246067497,37,False
15,38,0.0961553288201793,-0.28903793856867477,2.2250355246067497,38,False
15,39,0.0961553288201793,-0.28903793856867477,2.2250355246067497,39,False
15,40,0.0961553288201793,-0.28903793856867477,2.2250355246067497,40,False
15,41,0.0961553288201793,-0.28903793856867477,2.2250355246067497,41,False
15,42,0.0961553288201793,-0.28903793856867477,2.2250355246067497,42,False
15,43,0.0961553288201793,-0.28903793856867477,2.2250355246067497,43,False
15,44,0.0961553288201793,-0.28903793856867477,2.2250355246067497,44,False
15,45,0.0961553288201793,-0.28903793856867477,2.2250355246067497,45,False
15,46,-0.1833303844428405,-0.24295073774066278,2.3079098522521204,46,False
15,47,-0.1833303844428405,-0.24295073774066278,2.3079098522521204,47,False
15,48,-0.1833303844428405,-0.24295073774066278,2.3079098522521204,48,False
15,49,0.0961553288201793,1.0195271430424633,2.9360780993453557,49,False
15,50,0.0961553288201793,1.0195271430424633,2.9360780993453557,50,False
16,1,-0.0018468201023286307,0.019602851677454458,0.0659813297404388,1,True
16,2,0.025457577748278212,0.019602851677454458,0.11817857577153434,2,False
16,3,0.025457577748278212,0.019602851677454458,0.11817857577153434,3,False
16,4,0.0961553288201793,0.019602851677454458,0.5153084060492117,4,False
16,5,0.0961553288201793,0.019602851677454458,0.5153084060492117,5,False
16,6,0.0961553288201793,0.019602851677454458,0.5153084060492117,6,False
16,7,0.0961553288201793,0.019602851677454458,0.5153084060492117,7,False
16,8,0.0961553288201793,0.019602851677454458,0.5153084060492117,8,False
16,9,0.0961553288201793,0.019602851677454458,0.5153084060492117,9,False
16,10,0.0961553288201793,0.019602851677454458,0.5153084060492117,10,False
16,11,0.0961553288201793,0.019602851677454458,0.5153084060492117,11,False
16,12,0.0961553288201793,0.019602851677454458,0.5153084060492117,12,False
16,13,0.0961553288201793,0.019602851677454458,0.5153084060492117,13,False
16,14,0.0961553288201793,0.019602851677454458,0.5153084060492117,14,False
16,15,0.0961553288201793,0.019602851677454458,0.5153084060492117,15,False
16,16,-0.1833303844428405,0.019602851677454458,1.220109006228633,16,False
16,17,0.025457577748278212,-0.24295073774066278,1.7225100054332612,17,False
16,18,0.025457577748278212,-0.24295073774066278,1.7225100054332612,18,False
16,19,0.025457577748278212,-0.24295073774066278,1.7225100054332612,19,False
16,20,0.025457577748278212,-0.24295073774066278,1.7225100054332612,20,False
16,21,0.025457577748278212,-0.24295073774066278,1.7225100054332612,21,False
16,22,0.025457577748278212,-0.24295073774066278,1.7225100054332612,22,False
16,23,0.025457577748278212,-0.24295073774066278,1.7225100054332612,23,False
16,24,0.025457577748278212,-0.24295073774066278,1.7225100054332612,24,False
16,25,0.0961553288201793,-0.24295073774066278,1.9009808308353127,25,False
16,26,0.0961553288201793,-0.24295073774066278,1.9009808308353127,26,False
16,27,0.0961553288201793,-0.24295073774066278,1.9009808308353127,27,False
16,28,0.0961553288201793,-0.24295073774066278,1.9009808308353127,28,False
16,29,0.0961553288201793,-0.24295073774066278,1.9009808308353127,29,False
16,30,0.0961553288201793,-0.24295073774066278,1.9009808308353127,30,False
16,31,0.0961553288201793,-0.24295073774066278,1.9009808308353127,31,False
16,32,0.0961553288201793,-0.24295073774066278,1.9009808308353127,32,False
16,33,0.0961553288201793,-0.24295073774066278,1.9009808308353127,33,False
16,34,0.0961553288201793,-0.24295073774066278,1.9009808308353127,34,False
16,35,0.0961553288201793,-0.24295073774066278,1.9009808308353127,35,False
16,36,-0.1833303844428405,-0.18607666099759107,1.9535378127652376,36,False
16,37,0.0961553288201793,-0.28903793856867477,2.2250355246067497,37,False
16,38,0.0961553288201793,-0.28903793856867477,2.2250355246067497,38,False
16,39,0.0961553288201793,-0.28903793856867477,2.2250355246067497,39,False
16,40,0.0961553288201793,-0.28903793856867477,2.2250355246067497,40,False
16,41,0.0961553288201793,-0.28903793856867477,2.2250355246067497,41,False
16,42,0.0961553288201793,-0.28903793856867477,2.2250355246067497,42,False
16,43,0.0961553288201793,-0.28903793856867477,2.2250355246067497,43,False
16,44,0.0961553288201793,-0.28903793856867477,2.2250355246067497,44,False
16,45,0.0961553288201793,-0.28903793856867477,2.2250355246067497,45,False
16,46,0.0961553288201793,-0.28903793856867477,2.2250355246067497,46,False
16,47,0.0961553288201793,-0.28903793856867477,2.2250355246067497,47,False
16,48,-0.1833303844428405,-0.24295073774066278,2.3079098522521204,48,False
16,49,-0.1833303844428405,-0.24295073774066278,2.3079098522521204,49,False
16,50,0.0961553288201793,-0.9464078205415938,2.8166380640565163,50,False
17,1,-0.0018468201023286307,0.019602851677454458,0.0659813297404388,1,True
17,2,-0.0018468201023286307,0.019602851677454458,0.0659813297404388,2,False
17,3,0.025457577748278212,0.019602851677454458,0.11817857577153434,3,False
17,4,0.025457577748278212,0.019602851677454458,0.11817857577153434,4,False
17,5,0.025457577748278212,0.019602851677454458,0.11817857577153434,5,False
17,6,0.025457577748278212,0.019602851677454458,0.11817857577153434,6,False
17,7,0.025457577748278212,0.019602851677454458,0.11817857577153434,7,False
17,8,0.0961553288201793,0.019602851677454458,0.5153084060492117,8,False
17,9,0.0961553288201793,0.019602851677454458,0.5153084060492117,9,False
17,10,0.0961553288201793,0.019602851677454458,0.5153084060492117,10,False
17,11,0.0961553288201793,0.019602851677454458,0.5153084060492117,11,False
17,12,0.0961553288201793,0.019602851677454458,0.5153084060492117,12,False
17,13,0.0961553288201793,0.019602851677454458,0.5153084060492117,13,False
17,14,0.0961553288201793,0.019602851677454458,0.5153084060492117,14,False
17,15,0.0961553288201793,0.019602851677454458,0.5153084060492117,15,False
17,16,0.0961553288201793,0.019602851677454458,0.5153084060492117,16,False
17,17,0.0961553288201793,0.019602851677454458,0.5153084060492117,17,False
17,18,0.0961553288201793,0.019602851677454458,0.5153084060492117,18,False
17,19,0.0961553288201793,0.019602851677454458,0.5153084060492117,19,False
17,20,0.0961553288201793,0.019602851677454458,0.5153084060492117,20,False
17,21,0.0961553288201793,0.019602851677454458,0.5153084060492117,21,False
17,22,0.0961553288201793,0.019602851677454458,0.5153084060492117,22,False
17,23,0.0961553288201793,0.019602851677454458,0.5153084060492117,23,False
17,24,0.0961553288201793,0.019602851677454458,0.5153084060492117,24,False
17,25,0.0961553288201793,0.019602851677454458,0.5153084060492117,25,False
17,26,-0.1833303844428405,0.019602851677454458,1.220109006228633,26,False
17,27,-0.1833303844428405,0.019602851677454458,1.220109006228633,27,False
17,28,-0.1833303844428405,0.019602851677454458,1.220109006228633,28,False
17,29,0.0961553288201793,-0.1674899743374148,1.3238062989577384,29,False
17,30,0.025457577748278212,-0.24295073774066278,1.7225100054332612,30,False
17,31,0.025457577748278212,-0.24295073774066278,1.7225100054332612,31,False
17,32,0.025457577748278212,-0.24295073774066278,1.7225100054332612,32,False
17,33,0.025457577748278212,-0.24295073774066278,1.7225100054332612,33,False
17,34,0.025457577748278212,-0.24295073774066278,1.7225100054332612,34,False
17,35,0.0961553288201793,-0.24295073774066278,1.9009808308353127,35,False
17,36,0.0961553288201793,-0.24295073774066278,1.9009808308353127,36,False
17,37,0.0961553288201793,-0.24295073774066278,1.9009808308353127,37,False
17,38,0.0961553288201793,-0.24295073774066278,1.9009808308353127,38,False
17,39,0.0961553288201793,-0.24295073774066278,1.9009808308353127,39,False
17,40,0.0961553288201793,-0.24295073774066278,1.9009808308353127,40,False
17,41,0.0961553288201793,-0.24295073774066278,1.9009808308353127,41,False
17,42,0.0961553288201793,-0.24295073774066278,1.9009808308353127,42,False
17,43,0.0961553288201793,-0.24295073774066278,1.9009808308353127,43,False
17,44,0.0961553288201793,-0.24295073774066278,1.9009808308353127,44,False
17,45,-0.1833303844428405,-0.18607666099759107,1.9535378127652376,45,False
17,46,0.025457577748278212,-0.28903793856867477,2.0714331448955225,46,False
17,47,0.025457577748278212,-0.28903793856867477,2.0714331448955225,47,False
17,48,0.0961553288201793,-0.28903793856867477,2.2250355246067497,48,False
17,49,0.0961553288201793,-0.28903793856867477,2.2250355246067497,49,False
17,50,1.156727030137013,-0.28903793856867477,4.653808169631873,50,False
18,1,-0.0018468201023286307,0.019602851677454458,0.0659813297404388,1,True
18,2,-0.0018468201023286307,0.019602851677454458,0.0659813297404388,2,False
18,3,-0.0018468201023286307,0.019602851677454458,0.0659813297404388,3,False
18,4,-0.0018468201023286307,0.019602851677454458,0.0659813297404388,4,False
18,5,0.025457577748278212,0.019602851677454458,0.11817857577153434,5,False
18,6,0.025457577748278212,0.019602851677454458,0.11817857577153434,6,False
18,7,0.025457577748278212,0.019602851677454458,0.11817857577153434,7,False
18,8,0.025457577748278212,0.019602851677454458,0.11817857577153434,8,False
18,9,0.025457577748278212,0.019602851677454458,0.11817857577153434,9,False
18,10,0.025457577748278212,0.019602851677454458,0.11817857577153434,10,False
18,11,0.025457577748278212,0.019602851677454458,0.11817857577153434,11,False
18,12,0.025457577748278212,0.019602851677454458,0.11817857577153434,12,False
18,13,0.025457577748278212,0.019602851677454458,0.11817857577153434,13,False
18,14,0.025457577748278212,0.019602851677454458,0.11817857577153434,14,False
18,15,0.0961553288201793,0.019602851677454458,0.5153084060492117,15,False
18,16,0.0961553288201793,0.019602851677454458,0.5153084060492117,16,False
18,17,0.0961553288201793,0.019602851677454458,0.5153084060492117,17,False
18,18,0.0961553288201793,0.019602851677454458,0.5153084060492117,18,False
18,19,0.0961553288201793,0.019602851677454458,0.5153084060492117,19,False
18,20,0.0961553288201793,0.019602851677454458,0.5153084060492117,20,False
18,21,0.0961553288201793,0.019602851677454458,0.5153084060492117,21,False
18,22,0.0961553288201793,0.019602851677454458,0.5153084060492117,22,False
18,23,0.0961553288201793,0.019602851677454458,0.5153084060492117,23,False
18,24,0.0961553288201793,0.019602851677454458,0.5153084060492117,24,False
18,25,0.0961553288201793,0.019602851677454458,0.5153084060492117,25,False
18,26,0.0961553288201793,0.019602851677454458,0.5153084060492117,26,False
18,27,0.0961553288201793,0.019602851677454458,0.5153084060492117,27,False
18,28,0.0961553288201793,0.019602851677454458,0.5153084060492117,28,False
18,29,0.0961553288201793,0.019602851677454458,0.5153084060492117,29,False
18,30,0.0961553288201793,0.019602851677454458,0.5153084060492117,30,False
18,31,0.0961553288201793,0.019602851677454458,0.5153084060492117,31,False
18,32,0.0961553288201793,0.019602851677454458,0.5153084060492117,32,False
18,33,0.0961553288201793,0.019602851677454458,0.5153084060492117,33,False
18,34,0.0961553288201793,0.019602851677454458,0.5153084060492117,34,False
18,35,0.0961553288201793,0.019602851677454458,0.5153084060492117,35,False
18,36,-0.0018468201023286307,-0.24295073774066278,1.7082264424007652,36,False
18,37,0.025457577748278212,-0.24295073774066278,1.7225100054332612,37,False
18,38,0.025457577748278212,-0.24295073774066278,1.7225100054332612,38,False
18,39,0.025457577748278212,-0.24295073774066278,1.7225100054332612,39,False
18,40,0.0961553288201793,-0.24295073774066278,1.9009808308353127,40,False
18,41,0.0961553288201793,-0.24295073774066278,1.9009808308353127,41,False
18,42,0.0961553288201793,-0.24295073774066278,1.9009808308353127,42,False
18,43,0.0961553288201793,-0.24295073774066278,1.9009808308353127,43,False
18,44,0.025457577748278212,-0.28903793856867477,2.0714331448955225,44,False
18,45,0.025457577748278212,-0.28903793856867477,2.0714331448955225,45,False
18,46,0.0961553288201793,-0.28903793856867477,2.2250355246067497,46,False
18,47,0.0961553288201793,-0.28903793856867477,2.2250355246067497,47,False
18,48,-0.5556420626621221,0.019602851677454458,3.2038051712237174,48,False
18,49,0.0961553288201793,-0.6879611126224643,3.3416902447548833,49,False
18,50,0.0961553288201793,0.602438896619364,3.3598654089448314,50,False
19,1,-0.0018468201023286307,0.019602851677454458,0.0659813297404388,1,True
19,2,-0.0018468201023286307,0.019602851677454458,0.0659813297404388,2,False
19,3,-0.0018468201023286307,0.019602851677454458,0.0659813297404388,3,False
19,4,-0.0018468201023286307,0.019602851677454458,0.0659813297404388,4,False
19,5,-0.0018468201023286307,0.019602851677454458,0.0659813297404388,5,False
19,6,0.004506550606549378,0.019602851677454458,0.06763028063052845,6,False
19,7,0.025457577748278212,0.019602851677454458,0.11817857577153434,7,False
19,8,0.025457577748278212,0.019602851677454458,0.11817857577153434,8,False
19,9,0.025457577748278212,0.019602851677454458,0.11817857577153434,9,False
19,10,0.025457577748278212,0.019602851677454458,0.11817857577153434,10,False
19,11,0.025457577748278212,0.019602851677454458,0.11817857577153434,11,False
19,12,0.025457577748278212,0.019602851677454458,0.11817857577153434,12,False
19,13,0.025457577748278212,0.019602851677454458,0.11817857577153434,13,False
19,14,0.025457577748278212,0.019602851677454458,0.11817857577153434,14,False
19,15,0.025457577748278212,0.019602851677454458,0.11817857577153434,15,False
19,16,0.025457577748278212,0.019602851677454458,0.11817857577153434,16,False
19,17,0.025457577748278212,0.019602851677454458,0.11817857577153434,17,False
19,18,0.0961553288201793,0.019602851677454458,0.5153084060492117,18,False
19,19,0.0961553288201793,0.019602851677454458,0.5153084060492117,19,False
19,20,0.0961553288201793,0.019602851677454458,0.5153084060492117,20,False
19,21,0.0961553288201793,0.019602851677454458,0.5153084060492117,21,False
19,22,0.0961553288201793,0.019602851677454458,0.5153084060492117,22,False
19,23,0.0961553288201793,0.019602851677454458,0.5153084060492117,23,False
19,24,0.0961553288201793,0.019602851677454458,0.5153084060492117,24,False
19,25,0.0961553288201793,0.019602851677454458,0.5153084060492117,25,False
19,26,0.0961553288201793,0.019602851677454458,0.5153084060492117,26,False
19,27,0.0961553288201793,0.019602851677454458,0.5153084060492117,27,False
19,28,0.0961553288201793,0.019602851677454458,0.5153084060492117,28,False
19,29,0.0961553288201793,0.019602851677454458,0.5153084060492117,29,False
19,30,0.0961553288201793,0.019602851677454458,0.5153084060492117,30,False
19,31,0.0961553288201793,0.019602851677454458,0.5153084060492117,31,False
19,32,0.0961553288201793,0.019602851677454458,0.5153084060492117,32,False
19,33,0.0961553288201793,0.019602851677454458,0.5153084060492117,33,False
19,34,0.0961553288201793,0.019602851677454458,0.5153084060492117,34,False
19,35,0.0961553288201793,0.019602851677454458,0.5153084060492117,35,False
19,36,0.0961553288201793,0.019602851677454458,0.5153084060492117,36,False
19,37,0.0961553288201793,0.019602851677454458,0.5153084060492117,37,False
19,38,0.0961553288201793,0.019602851677454458,0.5153084060492117,38,False
19,39,0.0961553288201793,0.019602851677454458,0.5153084060492117,39,False
19,40,0.0961553288201793,0.019602851677454458,0.5153084060492117,40,False
19,41,0.0961553288201793,0.019602851677454458,0.5153084060492117,41,False
19,42,0.0961553288201793,0.019602851677454458,0.5153084060492117,42,False
19,43,0.0961553288201793,0.019602851677454458,0.5153084060492117,43,False
19,44,0.0961553288201793,0.019602851677454458,0.5153084060492117,44,False
19,45,0.0961553288201793,0.019602851677454458,0.5153084060492117,45,False
19,46,-0.0018468201023286307,-0.24295073774066278,1.7082264424007652,46,False
19,47,0.025457577748278212,-0.24295073774066278,1.7225100054332612,47,False
19,48,0.0961553288201793,-0.24295073774066278,1.9009808308353127,48,False
19,49,0.0961553288201793,-0.24295073774066278,1.9009808308353127,49,False
19,50,0.0961553288201793,-0.24295073774066278,1.9009808308353127,50,False
20,1,-0.0018468201023286307,0.019602851677454458,0.0659813297404388,1,True
20,2,-0.0018468201023286307,0.019602851677454458,0.0659813297404388,2,False
20,3,-0.0018468201023286307,0.019602851677454458,0.0659813297404388,3,False
20,4,-0.0018468201023286307,0.019602851677454458,0.0659813297404388,4,False
20,5,-0.0018468201023286307,0.019602851677454458,0.0659813297404388,5,False
20,6,-0.0018468201023286307,0.019602851677454458,0.0659813297404388,6,False
20,7,-0.0018468201023286307,0.019602851677454458,0.0659813297404388,7,False
20,8,-0.0018468201023286307,0.02509429796865512,0.08794112241299645,8,False
20,9,0.025457577748278212,0.019602851677454458,0.11817857577153434,9,False
20,10,0.025457577748278212,0.019602851677454458,0.11817857577153434,10,False
20,11,0.025457577748278212,0.019602851677454458,0.11817857577153434,11,False
20,12,0.025457577748278212,0.019602851677454458,0.11817857577153434,12,False
20,13,0.025457577748278212,0.019602851677454458,0.11817857577153434,13,False
20,14,0.025457577748278212,0.019602851677454458,0.11817857577153434,14,False
20,15,0.025457577748278212,0.019602851677454458,0.11817857577153434,15,False
20,16,0.025457577748278212,0.019602851677454458,0.11817857577153434,16,False
20,17,0.025457577748278212,0.019602851677454458,0.11817857577153434,17,False
20,18,0.025457577748278212,0.019602851677454458,0.11817857577153434,18,False
20,19,0.025457577748278212,0.019602851677454458,0.11817857577153434,19,False
20,20,0.025457577748278212,0.019602851677454458,0.11817857577153434,20,False
20,21,0.025457577748278212,0.019602851677454458,0.11817857577153434,21,False
20,22,0.025457577748278212,0.019602851677454458,0.11817857577153434,22,False
20,23,0.0961553288201793,0.019602851677454458,0.5153084060492117,23,False
20,24,0.0961553288201793,0.019602851677454458,0.5153084060492117,24,False
20,25,0.0961553288201793,0.019602851677454458,0.5153084060492117,25,False
20,26,0.0961553288201793,0.019602851677454458,0.5153084060492117,26,False
20,27,0.0961553288201793,0.019602851677454458,0.5153084060492117,27,False
20,28,0.0961553288201793,0.019602851677454458,0.5153084060492117,28,False
20,29,0.0961553288201793,0.019602851677454458,0.5153084060492117,29,False
20,30,0.0961553288201793,0.019602851677454458,0.5153084060492117,30,False
20,31,0.0961553288201793,0.019602851677454458,0.5153084060492117,31,False
20,32,0.0961553288201793,0.019602851677454458,0.5153084060492117,32,False
20,33,0.0961553288201793,0.019602851677454458,0.5153084060492117,33,False
20,34,0.0961553288201793,0.019602851677454458,0.5153084060492117,34,False
20,35,0.0961553288201793,0.019602851677454458,0.5153084060492117,35,False
20,36,0.0961553288201793,0.019602851677454458,0.5153084060492117,36,False
20,37,0.0961553288201793,0.019602851677454458,0.5153084060492117,37,False
20,38,0.0961553288201793,0.019602851677454458,0.5153084060492117,38,False
20,39,0.0961553288201793,0.019602851677454458,0.5153084060492117,39,False
20,40,0.0961553288201793,0.019602851677454458,0.5153084060492117,40,False
20,41,0.0961553288201793,0.019602851677454458,0.5153084060492117,41,False
20,42,0.0961553288201793,0.019602851677454458,0.5153084060492117,42,False
20,43,0.0961553288201793,0.019602851677454458,0.5153084060492117,43,False
20,44,0.0961553288201793,0.019602851677454458,0.5153084060492117,44,False
20,45,0.0961553288201793,0.019602851677454458,0.5153084060492117,45,False
20,46,0.0961553288201793,0.019602851677454458,0.5153084060492117,46,False
20,47,0.0961553288201793,0.019602851677454458,0.5153084060492117,47,False
20,48,0.0961553288201793,0.019602851677454458,0.5153084060492117,48,False
20,49,0.6004895067975988,0.019602851677454458,3.2504017541854044,49,False
20,50,0.6343201714738463,0.019602851677454458,3.2569101798746556,50,False
21,1,-0.0018468201023286307,0.019602851677454458,0.0659813297404388,1,True
21,2,-0.0018468201023286307,0.019602851677454458,0.0659813297404388,2,False
21,3,-0.0018468201023286307,0.019602851677454458,0.0659813297404388,3,False
21,4,-0.0018468201023286307,0.019602851677454458,0.0659813297404388,4,False
21,5,-0.0018468201023286307,0.019602851677454458,0.0659813297404388,5,False
21,6,0.025457577748278212,0.019602851677454458,0.11817857577153434,6,False
21,7,0.025457577748278212,0.019602851677454458,0.11817857577153434,7,False
21,8,0.025457577748278212,0.019602851677454458,0.11817857577153434,8,False
21,9,0.025457577748278212,0.019602851677454458,0.11817857577153434,9,False
21,10,0.025457577748278212,0.019602851677454458,0.11817857577153434,10,False
21,11,0.025457577748278212,0.019602851677454458,0.11817857577153434,11,False
21,12,0.025457577748278212,0.019602851677454458,0.11817857577153434,12,False
21,13,0.025457577748278212,0.019602851677454458,0.11817857577153434,13,False
21,14,0.025457577748278212,0.019602851677454458,0.11817857577153434,14,False
21,15,0.025457577748278212,0.019602851677454458,0.11817857577153434,15,False
21,16,0.025457577748278212,0.019602851677454458,0.11817857577153434,16,False
21,17,0.025457577748278212,0.019602851677454458,0.11817857577153434,17,False
21,18,-0.06451246619337483,0.019602851677454458,0.3076032605176242,18,False
21,19,0.0961553288201793,0.019602851677454458,0.5153084060492117,19,False
21,20,0.0961553288201793,0.019602851677454458,0.5153084060492117,20,False
21,21,0.0961553288201793,0.019602851677454458,0.5153084060492117,21,False
21,22,0.0961553288201793,0.019602851677454458,0.5153084060492117,22,False
21,23,0.0961553288201793,0.019602851677454458,0.5153084060492117,23,False
21,24,0.0961553288201793,0.019602851677454458,0.5153084060492117,24,False
21,25,0.0961553288201793,0.019602851677454458,0.5153084060492117,25,False
21,26,0.0961553288201793,0.019602851677454458,0.5153084060492117,26,False
21,27,0.0961553288201793,0.019602851677454458,0.5153084060492117,27,False
21,28,0.0961553288201793,0.019602851677454458,0.5153084060492117,28,False
21,29,0.0961553288201793,0.019602851677454458,0.5153084060492117,29,False
21,30,0.0961553288201793,0.019602851677454458,0.5153084060492117,30,False
21,31,0.0961553288201793,0.019602851677454458,0.5153084060492117,31,False
21,32,0.0961553288201793,0.019602851677454458,0.5153084060492117,32,False
21,33,0.0961553288201793,0.019602851677454458,0.5153084060492117,33,False
21,34,0.0961553288201793,0.019602851677454458,0.5153084060492117,34,False
21,35,0.0961553288201793,0.019602851677454458,0.5153084060492117,35,False
21,36,0.0961553288201793,0.019602851677454458,0.5153084060492117,36,False
21,37,0.0961553288201793,0.019602851677454458,0.5153084060492117,37,False
21,38,0.0961553288201793,0.019602851677454458,0.5153084060492117,38,False
21,39,0.0961553288201793,0.019602851677454458,0.5153084060492117,39,False
21,40,0.0961553288201793,0.019602851677454458,0.5153084060492117,40,False
21,41,0.0961553288201793,0.019602851677454458,0.5153084060492117,41,False
21,42,0.0961553288201793,0.019602851677454458,0.5153084060492117,42,False
21,43,0.0961553288201793,0.019602851677454458,0.5153084060492117,43,False
21,44,0.0961553288201793,0.019602851677454458,0.5153084060492117,44,False
21,45,0.0961553288201793,0.019602851677454458,0.5153084060492117,45,False
21,46,0.0961553288201793,0.019602851677454458,0.5153084060492117,46,False
21,47,0.0961553288201793,0.019602851677454458,0.5153084060492117,47,False
21,48,0.0961553288201793,0.02509429796865512,0.5247519103706151,48,False
21,49,0.0961553288201793,-0.08737372025295138,0.7706273900489617,49,False
21,50,-0.0018468201023286307,-0.3082688795387025,2.1930139587661768,50,False
22,1,-0.0018468201023286307,0.019602851677454458,0.0659813297404388,1,True
22,2,-0.0018468201023286307,0.019602851677454458,0.0659813297404388,2,False
22,3,-0.0018468201023286307,0.019602851677454458,0.0659813297404388,3,False
22,4,-0.0018468201023286307,0.019602851677454458,0.0659813297404388,4,False
22,5,-0.0018468201023286307,0.019602851677454458,0.0659813297404388,5,False
22,6,-0.0018468201023286307,0.019602851677454458,0.0659813297404388,6,False
22,7,0.025457577748278212,0.019602851677454458,0.11817857577153434,7,False
22,8,0.025457577748278212,0.019602851677454458,0.11817857577153434,8,False
22,9,0.025457577748278212,0.019602851677454458,0.11817857577153434,9,False
22,10,0.025457577748278212,0.019602851677454458,0.11817857577153434,10,False
22,11,0.025457577748278212,0.019602851677454458,0.11817857577153434,11,False
22,12,0.025457577748278212,0.019602851677454458,0.11817857577153434,12,False
22,13,0.025457577748278212,0.019602851677454458,0.11817857577153434,13,False
22,14,0.025457577748278212,0.019602851677454458,0.11817857577153434,14,False
22,15,-0.06451246619337483,0.019602851677454458,0.3076032605176242,15,False
22,16,0.025457577748278212,-0.08737372025295138,0.464385865808588,16,False
22,17,0.0961553288201793,0.019602851677454458,0.5153084060492117,17,False
22,18,0.0961553288201793,0.019602851677454458,0.5153084060492117,18,False
22,19,0.0961553288201793,0.019602851677454458,0.5153084060492117,19,False
22,20,0.0961553288201793,0.019602851677454458,0.5153084060492117,20,False
22,21,0.0961553288201793,0.019602851677454458,0.5153084060492117,21,False
22,22,0.0961553288201793,0.019602851677454458,0.5153084060492117,22,False
22,23,0.0961553288201793,0.019602851677454458,0.5153084060492117,23,False
22,24,0.0961553288201793,0.019602851677454458,0.5153084060492117,24,False
22,25,0.0961553288201793,0.019602851677454458,0.5153084060492117,25,False
22,26,0.0961553288201793,0.019602851677454458,0.5153084060492117,26,False
22,27,0.0961553288201793,0.019602851677454458,0.5153084060492117,27,False
22,28,0.0961553288201793,0.019602851677454458,0.5153084060492117,28,False
22,29,0.0961553288201793,0.019602851677454458,0.5153084060492117,29,False
22,30,0.0961553288201793,0.019602851677454458,0.5153084060492117,30,False
22,31,0.0961553288201793,0.019602851677454458,0.5153084060492117,31,False
22,32,0.0961553288201793,0.019602851677454458,0.5153084060492117,32,False
22,33,0.0961553288201793,0.019602851677454458,0.5153084060492117,33,False
22,34,0.0961553288201793,0.019602851677454458,0.5153084060492117,34,False
22,35,0.0961553288201793,0.019602851677454458,0.5153084060492117,35,False
22,36,0.0961553288201793,0.019602851677454458,0.5153084060492117,36,False
22,37,0.0961553288201793,0.019602851677454458,0.5153084060492117,37,False
22,38,0.0961553288201793,0.019602851677454458,0.5153084060492117,38,False
22,39,0.0961553288201793,0.019602851677454458,0.5153084060492117,39,False
22,40,0.0961553288201793,0.019602851677454458,0.5153084060492117,40,False
22,41,0.0961553288201793,0.019602851677454458,0.5153084060492117,41,False
22,42,0.0961553288201793,0.019602851677454458,0.5153084060492117,42,False
22,43,0.0961553288201793,0.019602851677454458,0.5153084060492117,43,False
22,44,0.0961553288201793,0.019602851677454458,0.5153084060492117,44,False
22,45,0.0961553288201793,-0.08737372025295138,0.7706273900489617,45,False
22,46,-0.0018468201023286307,-0.15019966112582986,0.9278688548778473,46,False
22,47,0.025457577748278212,-0.1772158839710677,1.1753764286331294,47,False
22,48,0.32890371590331924,0.019602851677454458,2.33403009867746,48,False
22,49,0.025457577748278212,0.35759227958091616,2.508850995027992,49,False
22,50,-0.4298450308562448,0.019602851677454458,2.854051631617527,50,False
23,1,-0.0018468201023286307,0.019602851677454458,0.0659813297404388,1,True
23,2,-0.0018468201023286307,0.019602851677454458,0.0659813297404388,2,False
23,3,-0.0018468201023286307,0.019602851677454458,0.0659813297404388,3,False
23,4,-0.0018468201023286307,0.019602851677454458,0.0659813297404388,4,False
23,5,-0.0018468201023286307,0.019602851677454458,0.0659813297404388,5,False
23,6,-0.0018468201023286307,0.019602851677454458,0.0659813297404388,6,False
23,7,-0.0018468201023286307,0.019602851677454458,0.0659813297404388,7,False
23,8,-0.0018468201023286307,0.019602851677454458,0.0659813297404388,8,False
23,9,-0.0018468201023286307,0.019602851677454458,0.0659813297404388,9,False
23,10,-0.0018468201023286307,0.019602851677454458,0.0659813297404388,10,False
23,11,0.025457577748278212,0.019602851677454458,0.11817857577153434,11,False
23,12,0.025457577748278212,0.019602851677454458,0.11817857577153434,12,False
23,13,0.025457577748278212,0.019602851677454458,0.11817857577153434,13,False
23,14,0.025457577748278212,0.019602851677454458,0.11817857577153434,14,False
23,15,0.025457577748278212,0.019602851677454458,0.11817857577153434,15,False
23,16,0.025457577748278212,0.019602851677454458,0.11817857577153434,16,False
23,17,0.025457577748278212,0.019602851677454458,0.11817857577153434,17,False
23,18,0.025457577748278212,0.019602851677454458,0.11817857577153434,18,False
23,19,0.025457577748278212,0.019602851677454458,0.11817857577153434,19,False
23,20,0.025457577748278212,0.019602851677454458,0.11817857577153434,20,False
23,21,0.025457577748278212,0.019602851677454458,0.11817857577153434,21,False
23,22,0.025457577748278212,0.019602851677454458,0.11817857577153434,22,False
23,23,-0.0018468201023286307,-0.08737372025295138,0.43830832237415907,23,False
23,24,0.0961553288201793,0.019602851677454458,0.5153084060492117,24,False
23,25,0.0961553288201793,0.019602851677454458,0.5153084060492117,25,False
23,26,0.0961553288201793,0.019602851677454458,0.5153084060492117,26,False
23,27,0.0961553288201793,0.019602851677454458,0.5153084060492117,27,False
23,28,0.0961553288201793,0.019602851677454458,0.5153084060492117,28,False
23,29,0.0961553288201793,0.019602851677454458,0.5153084060492117,29,False
23,30,0.0961553288201793,0.019602851677454458,0.5153084060492117,30,False
23,31,0.0961553288201793,0.019602851677454458,0.5153084060492117,31,False
23,32,0.0961553288201793,0.019602851677454458,0.5153084060492117,32,False
23,33,0.0961553288201793,0.019602851677454458,0.5153084060492117,33,False
23,34,0.0961553288201793,0.019602851677454458,0.5153084060492117,34,False
23,35,0.0961553288201793,0.019602851677454458,0.5153084060492117,35,False
23,36,0.0961553288201793,0.019602851677454458,0.5153084060492117,36,False
23,37,0.0961553288201793,0.019602851677454458,0.5153084060492117,37,False
23,38,0.0961553288201793,0.019602851677454458,0.5153084060492117,38,False
23,39,0.0961553288201793,0.019602851677454458,0.5153084060492117,39,False
23,40,0.0961553288201793,0.019602851677454458,0.5153084060492117,40,False
23,41,0.0961553288201793,0.019602851677454458,0.5153084060492117,41,False
23,42,0.0961553288201793,0.019602851677454458,0.5153084060492117,42,False
23,43,0.0961553288201793,0.019602851677454458,0.5153084060492117,43,False
23,44,0.0961553288201793,0.019602851677454458,0.5153084060492117,44,False
23,45,0.0961553288201793,0.019602851677454458,0.5153084060492117,45,False
23,46,0.0961553288201793,0.019602851677454458,0.5153084060492117,46,False
23,47,0.0961553288201793,0.019602851677454458,0.5153084060492117,47,False
23,48,0.0961553288201793,0.019602851677454458,0.5153084060492117,48,False
23,49,-0.0018468201023286307,-0.15019966112582986,0.9278688548778473,49,False
23,50,-1.0959562330569386,0.019602851677454458,3.1107604666698205,50,False
24,1,-0.0018468201023286307,0.019602851677454458,0.0659813297404388,1,True
24,2,-0.0018468201023286307,0.019602851677454458,0.0659813297404388,2,False
24,3,-0.0018468201023286307,0.019602851677454458,0.0659813297404388,3,False
24,4,-0.0018468201023286307,0.019602851677454458,0.0659813297404388,4,False
24,5,-0.0018468201023286307,0.019602851677454458,0.0659813297404388,5,False
24,6,-0.0018468201023286307,0.019602851677454458,0.0659813297404388,6,False
24,7,-0.0018468201023286307,0.019602851677454458,0.0659813297404388,7,False
24,8,-0.0018468201023286307,0.019602851677454458,0.0659813297404388,8,False
24,9,-0.0018468201023286307,0.019602851677454458,0.0659813297404388,9,False
24,10,-0.0018468201023286307,0.019602851677454458,0.0659813297404388,10,False
24,11,-0.0018468201023286307,0.019602851677454458,0.0659813297404388,11,False
24,12,-0.0018468201023286307,0.019602851677454458,0.0659813297404388,12,False
24,13,-0.0018468201023286307,0.019602851677454458,0.0659813297404388,13,False
24,14,0.025457577748278212,0.019602851677454458,0.11817857577153434,14,False
24,15,0.025457577748278212,0.019602851677454458,0.11817857577153434,15,False
24,16,0.025457577748278212,0.019602851677454458,0.11817857577153434,16,False
24,17,0.025457577748278212,0.019602851677454458,0.11817857577153434,17,False
24,18,0.025457577748278212,0.019602851677454458,0.11817857577153434,18,False
24,19,0.025457577748278212,0.019602851677454458,0.11817857577153434,19,False
24,20,0.025457577748278212,0.019602851677454458,0.11817857577153434,20,False
24,21,0.025457577748278212,0.019602851677454458,0.11817857577153434,21,False
24,22,0.025457577748278212,0.019602851677454458,0.11817857577153434,22,False
24,23,0.025457577748278212,0.019602851677454458,0.11817857577153434,23,False
24,24,0.025457577748278212,0.019602851677454458,0.11817857577153434,24,False
24,25,0.025457577748278212,0.019602851677454458,0.11817857577153434,25,False
24,26,0.0961553288201793,0.019602851677454458,0.5153084060492117,26,False
24,27,0.0961553288201793,0.019602851677454458,0.5153084060492117,27,False
24,28,0.0961553288201793,0.019602851677454458,0.5153084060492117,28,False
24,29,0.0961553288201793,0.019602851677454458,0.5153084060492117,29,False
24,30,0.0961553288201793,0.019602851677454458,0.5153084060492117,30,False
24,31,0.0961553288201793,0.019602851677454458,0.5153084060492117,31,False
24,32,0.0961553288201793,0.019602851677454458,0.5153084060492117,32,False
24,33,0.0961553288201793,0.019602851677454458,0.5153084060492117,33,False
24,34,0.0961553288201793,0.019602851677454458,0.5153084060492117,34,False
24,35,0.0961553288201793,0.019602851677454458,0.5153084060492117,35,False
24,36,0.0961553288201793,0.019602851677454458,0.5153084060492117,36,False
24,37,0.0961553288201793,0.019602851677454458,0.5153084060492117,37,False
24,38,0.0961553288201793,0.019602851677454458,0.5153084060492117,38,False
24,39,0.0961553288201793,0.019602851677454458,0.5153084060492117,39,False
24,40,0.0961553288201793,0.019602851677454458,0.5153084060492117,40,False
24,41,0.0961553288201793,0.019602851677454458,0.5153084060492117,41,False
24,42,0.0961553288201793,0.019602851677454458,0.5153084060492117,42,False
24,43,0.0961553288201793,0.019602851677454458,0.5153084060492117,43,False
24,44,0.0961553288201793,0.019602851677454458,0.5153084060492117,44,False
24,45,0.0961553288201793,0.019602851677454458,0.5153084060492117,45,False
24,46,0.0961553288201793,0.019602851677454458,0.5153084060492117,46,False
24,47,0.0961553288201793,0.019602851677454458,0.5153084060492117,47,False
24,48,0.0961553288201793,0.019602851677454458,0.5153084060492117,48,False
24,49,0.0961553288201793,-0.15019966112582986,1.1928083556834257,49,False
24,50,-0.0018468201023286307,0.36344894423634544,2.5314674140500917,50,False
25,1,-0.0018468201023286307,0.019602851677454458,0.0659813297404388,1,True
25,2,-0.0018468201023286307,0.019602851677454458,0.0659813297404388,2,False
25,3,-0.0018468201023286307,0.019602851677454458,0.0659813297404388,3,False
25,4,-0.0018468201023286307,0.019602851677454458,0.0659813297404388,4,False
25,5,-0.0018468201023286307,0.019602851677454458,0.0659813297404388,5,False
25,6,-0.0018468201023286307,0.019602851677454458,0.0659813297404388,6,False
25,7,-0.0018468201023286307,0.019602851677454458,0.0659813297404388,7,False
25,8,-0.0018468201023286307,0.019602851677454458,0.0659813297404388,8,False
25,9,-0.0018468201023286307,0.019602851677454458,0.0659813297404388,9,False
25,10,-0.0018468201023286307,0.019602851677454458,0.0659813297404388,10,False
25,11,-0.0018468201023286307,0.019602851677454458,0.0659813297404388,11,False
25,12,-0.0018468201023286307,0.019602851677454458,0.0659813297404388,12,False
25,13,0.025457577748278212,0.019602851677454458,0.11817857577153434,13,False
25,14,0.025457577748278212,0.019602851677454458,0.11817857577153434,14,False
25,15,0.025457577748278212,0.019602851677454458,0.11817857577153434,15,False
25,16,0.025457577748278212,0.019602851677454458,0.11817857577153434,16,False
25,17,0.025457577748278212,0.019602851677454458,0.11817857577153434,17,False
25,18,0.025457577748278212,0.019602851677454458,0.11817857577153434,18,False
25,19,0.025457577748278212,0.019602851677454458,0.11817857577153434,19,False
25,20,0.025457577748278212,0.019602851677454458,0.11817857577153434,20,False
25,21,0.025457577748278212,0.019602851677454458,0.11817857577153434,21,False
25,22,0.025457577748278212,0.019602851677454458,0.11817857577153434,22,False
25,23,0.025457577748278212,0.019602851677454458,0.11817857577153434,23,False
25,24,0.0961553288201793,0.019602851677454458,0.5153084060492117,24,False
25,25,0.0961553288201793,0.019602851677454458,0.5153084060492117,25,False
25,26,0.0961553288201793,0.019602851677454458,0.5153084060492117,26,False
25,27,0.0961553288201793,0.019602851677454458,0.5153084060492117,27,False
25,28,0.0961553288201793,0.019602851677454458,0.5153084060492117,28,False
25,29,0.0961553288201793,0.019602851677454458,0.5153084060492117,29,False
25,30,0.0961553288201793,0.019602851677454458,0.5153084060492117,30,False
25,31,0.0961553288201793,0.019602851677454458,0.5153084060492117,31,False
25,32,0.0961553288201793,0.019602851677454458,0.5153084060492117,32,False
25,33,0.0961553288201793,0.019602851677454458,0.5153084060492117,33,False
25,34,0.0961553288201793,0.019602851677454458,0.5153084060492117,34,False
25,35,0.0961553288201793,0.019602851677454458,0.5153084060492117,35,False
25,36,0.0961553288201793,0.019602851677454458,0.5153084060492117,36,False
25,37,0.0961553288201793,0.019602851677454458,0.5153084060492117,37,False
25,38,0.0961553288201793,0.019602851677454458,0.5153084060492117,38,False
25,39,0.0961553288201793,0.019602851677454458,0.5153084060492117,39,False
25,40,0.0961553288201793,0.019602851677454458,0.5153084060492117,40,False
25,41,0.0961553288201793,0.019602851677454458,0.5153084060492117,41,False
25,42,0.0961553288201793,0.019602851677454458,0.5153084060492117,42,False
25,43,0.0961553288201793,0.019602851677454458,0.5153084060492117,43,False
25,44,0.0961553288201793,0.019602851677454458,0.5153084060492117,44,False
25,45,0.0961553288201793,0.019602851677454458,0.5153084060492117,45,False
25,46,-0.0018468201023286307,-0.17928610529264963,1.175083195962991,46,False
25,47,-0.0018468201023286307,-0.39246250899228385,2.682019300556498,47,False
25,48,0.8510906703803369,0.019602851677454458,2.777137191072488,48,False
25,49,-0.4680699995201651,0.019602851677454458,2.9941427150620687,49,False
25,50,0.5358989882495152,0.019602851677454458,3.170041980858198,50,False
26,1,-0.0018468201023286307,0.019602851677454458,0.0659813297404388,1,True
26,2,-0.0018468201023286307,0.019602851677454458,0.0659813297404388,2,False
26,3,-0.0018468201023286307,0.019602851677454458,0.0659813297404388,3,False
26,4,-0.0018468201023286307,0.019602851677454458,0.0659813297404388,4,False
26,5,-0.0018468201023286307,0.019602851677454458,0.0659813297404388,5,False
26,6,-0.0018468201023286307,0.019602851677454458,0.0659813297404388,6,False
26,7,-0.0018468201023286307,0.019602851677454458,0.0659813297404388,7,False
26,8,-0.0018468201023286307,0.019602851677454458,0.0659813297404388,8,False
26,9,-0.0018468201023286307,0.019602851677454458,0.0659813297404388,9,False
26,10,-0.0018468201023286307,0.019602851677454458,0.0659813297404388,10,False
26,11,-0.0018468201023286307,0.019602851677454458,0.0659813297404388,11,False
26,12,-0.0018468201023286307,0.019602851677454458,0.0659813297404388,12,False
26,13,-0.0018468201023286307,0.019602851677454458,0.0659813297404388,13,False
26,14,-0.0018468201023286307,0.019602851677454458,0.0659813297404388,14,False
26,15,0.025457577748278212,0.019602851677454458,0.11817857577153434,15,False
26,16,0.025457577748278212,0.019602851677454458,0.11817857577153434,16,False
26,17,0.025457577748278212,0.019602851677454458,0.11817857577153434,17,False
26,18,0.025457577748278212,0.019602851677454458,0.11817857577153434,18,False
26,19,0.025457577748278212,0.019602851677454458,0.11817857577153434,19,False
26,20,0.025457577748278212,0.019602851677454458,0.11817857577153434,20,False
26,21,0.025457577748278212,0.019602851677454458,0.11817857577153434,21,False
26,22,0.025457577748278212,0.019602851677454458,0.11817857577153434,22,False
26,23,0.025457577748278212,0.019602851677454458,0.11817857577153434,23,False
26,24,0.025457577748278212,0.019602851677454458,0.11817857577153434,24,False
26,25,0.025457577748278212,0.019602851677454458,0.11817857577153434,25,False
26,26,0.025457577748278212,0.019602851677454458,0.11817857577153434,26,False
26,27,0.025457577748278212,0.019602851677454458,0.11817857577153434,27,False
26,28,0.025457577748278212,0.019602851677454458,0.11817857577153434,28,False
26,29,0.025457577748278212,0.019602851677454458,0.11817857577153434,29,False
26,30,0.025457577748278212,0.019602851677454458,0.11817857577153434,30,False
26,31,0.0961553288201793,0.019602851677454458,0.5153084060492117,31,False
26,32,0.0961553288201793,0.019602851677454458,0.5153084060492117,32,False
26,33,0.0961553288201793,0.019602851677454458,0.5153084060492117,33,False
26,34,0.0961553288201793,0.019602851677454458,0.5153084060492117,34,False
26,35,0.0961553288201793,0.019602851677454458,0.5153084060492117,35,False
26,36,0.0961553288201793,0.019602851677454458,0.5153084060492117,36,False
26,37,0.0961553288201793,0.019602851677454458,0.5153084060492117,37,False
26,38,0.0961553288201793,0.019602851677454458,0.5153084060492117,38,False
26,39,0.0961553288201793,0.019602851677454458,0.5153084060492117,39,False
26,40,0.0961553288201793,0.019602851677454458,0.5153084060492117,40,False
26,41,0.0961553288201793,0.019602851677454458,0.5153084060492117,41,False
26,42,0.0961553288201793,0.019602851677454458,0.5153084060492117,42,False
26,43,0.0961553288201793,0.019602851677454458,0.5153084060492117,43,False
26,44,0.0961553288201793,0.019602851677454458,0.5153084060492117,44,False
26,45,0.0961553288201793,0.019602851677454458,0.5153084060492117,45,False
26,46,0.0961553288201793,0.019602851677454458,0.5153084060492117,46,False
26,47,0.0961553288201793,0.019602851677454458,0.5153084060492117,47,False
26,48,0.0961553288201793,0.019602851677454458,0.5153084060492117,48,False
26,49,-0.0018468201023286307,-0.17928610529264963,1.175083195962991,49,False
26,50,0.5657905457242657,0.019602851677454458,3.218044899705458,50,False
27,1,-0.0018468201023286307,0.019602851677454458,0.0659813297404388,1,True
27,2,-0.0018468201023286307,0.019602851677454458,0.0659813297404388,2,False
27,3,-0.0018468201023286307,0.019602851677454458,0.0659813297404388,3,False
27,4,-0.0018468201023286307,0.019602851677454458,0.0659813297404388,4,False
27,5,-0.0018468201023286307,0.019602851677454458,0.0659813297404388,5,False
27,6,-0.0018468201023286307,0.019602851677454458,0.0659813297404388,6,False
27,7,-0.0018468201023286307,0.019602851677454458,0.0659813297404388,7,False
27,8,-0.0018468201023286307,0.019602851677454458,0.0659813297404388,8,False
27,9,-0.0018468201023286307,0.019602851677454458,0.0659813297404388,9,False
27,10,-0.0018468201023286307,0.019602851677454458,0.0659813297404388,10,False
27,11,-0.0018468201023286307,0.019602851677454458,0.0659813297404388,11,False
27,12,-0.0018468201023286307,0.019602851677454458,0.0659813297404388,12,False
27,13,0.025457577748278212,0.019602851677454458,0.11817857577153434,13,False
27,14,0.025457577748278212,0.019602851677454458,0.11817857577153434,14,False
27,15,0.025457577748278212,0.019602851677454458,0.11817857577153434,15,False
27,16,0.025457577748278212,0.019602851677454458,0.11817857577153434,16,False
27,17,0.025457577748278212,0.019602851677454458,0.11817857577153434,17,False
27,18,0.025457577748278212,0.019602851677454458,0.11817857577153434,18,False
27,19,0.025457577748278212,0.019602851677454458,0.11817857577153434,19,False
27,20,0.025457577748278212,0.019602851677454458,0.11817857577153434,20,False
27,21,0.025457577748278212,0.019602851677454458,0.11817857577153434,21,False
27,22,0.025457577748278212,0.019602851677454458,0.11817857577153434,22,False
27,23,0.025457577748278212,0.019602851677454458,0.11817857577153434,23,False
27,24,0.025457577748278212,0.019602851677454458,0.11817857577153434,24,False
27,25,0.025457577748278212,0.019602851677454458,0.11817857577153434,25,False
27,26,0.025457577748278212,0.019602851677454458,0.11817857577153434,26,False
27,27,0.025457577748278212,0.019602851677454458,0.11817857577153434,27,False
27,28,0.025457577748278212,0.019602851677454458,0.11817857577153434,28,False
27,29,0.025457577748278212,0.019602851677454458,0.11817857577153434,29,False
27,30,0.025457577748278212,0.019602851677454458,0.11817857577153434,30,False
27,31,0.0961553288201793,0.019602851677454458,0.5153084060492117,31,False
27,32,0.0961553288201793,0.019602851677454458,0.5153084060492117,32,False
27,33,0.0961553288201793,0.019602851677454458,0.5153084060492117,33,False
27,34,0.0961553288201793,0.019602851677454458,0.5153084060492117,34,False
27,35,0.0961553288201793,0.019602851677454458,0.5153084060492117,35,False
27,36,0.0961553288201793,0.019602851677454458,0.5153084060492117,36,False
27,37,0.0961553288201793,0.019602851677454458,0.5153084060492117,37,False
27,38,0.0961553288201793,0.019602851677454458,0.5153084060492117,38,False
27,39,0.0961553288201793,0.019602851677454458,0.5153084060492117,39,False
27,40,0.0961553288201793,0.019602851677454458,0.5153084060492117,40,False
27,41,0.0961553288201793,0.019602851677454458,0.5153084060492117,41,False
27,42,0.0961553288201793,0.019602851677454458,0.5153084060492117,42,False
27,43,0.0961553288201793,0.019602851677454458,0.5153084060492117,43,False
27,44,0.0961553288201793,0.019602851677454458,0.5153084060492117,44,False
27,45,0.0961553288201793,0.019602851677454458,0.5153084060492117,45,False
27,46,0.0961553288201793,0.019602851677454458,0.5153084060492117,46,False
27,47,0.0961553288201793,0.019602851677454458,0.5153084060492117,47,False
27,48,0.0961553288201793,0.019602851677454458,0.5153084060492117,48,False
27,49,-0.0018468201023286307,-1.0779890215836498,2.9833895275616986,49,False
27,50,0.0961553288201793,0.5517589448010456,3.301701190887919,50,False
28,1,-0.0018468201023286307,0.019602851677454458,0.0659813297404388,1,True
28,2,-0.0018468201023286307,0.019602851677454458,0.0659813297404388,2,False
28,3,-0.0018468201023286307,0.019602851677454458,0.0659813297404388,3,False
28,4,-0.0018468201023286307,0.019602851677454458,0.0659813297404388,4,False
28,5,-0.0018468201023286307,0.019602851677454458,0.0659813297404388,5,False
28,6,-0.0018468201023286307,0.019602851677454458,0.0659813297404388,6,False
28,7,-0.0018468201023286307,0.019602851677454458,0.0659813297404388,7,False
28,8,-0.0018468201023286307,0.019602851677454458,0.0659813297404388,8,False
28,9,-0.0018468201023286307,0.019602851677454458,0.0659813297404388,9,False
28,10,-0.0018468201023286307,0.019602851677454458,0.0659813297404388,10,False
28,11,-0.0018468201023286307,0.019602851677454458,0.0659813297404388,11,False
28,12,-0.0018468201023286307,0.019602851677454458,0.0659813297404388,12,False
28,13,-0.0018468201023286307,0.019602851677454458,0.0659813297404388,13,False
28,14,-0.0018468201023286307,0.019602851677454458,0.0659813297404388,14,False
28,15,0.025457577748278212,0.019602851677454458,0.11817857577153434,15,False
28,16,0.025457577748278212,0.019602851677454458,0.11817857577153434,16,False
28,17,0.025457577748278212,0.019602851677454458,0.11817857577153434,17,False
28,18,0.025457577748278212,0.019602851677454458,0.11817857577153434,18,False
28,19,0.025457577748278212,0.019602851677454458,0.11817857577153434,19,False
28,20,0.025457577748278212,0.019602851677454458,0.11817857577153434,20,False
28,21,0.025457577748278212,0.019602851677454458,0.11817857577153434,21,False
28,22,0.025457577748278212,0.019602851677454458,0.11817857577153434,22,False
28,23,0.025457577748278212,0.019602851677454458,0.11817857577153434,23,False
28,24,0.025457577748278212,0.019602851677454458,0.11817857577153434,24,False
28,25,0.025457577748278212,0.019602851677454458,0.11817857577153434,25,False
28,26,0.025457577748278212,0.019602851677454458,0.11817857577153434,26,False
28,27,0.025457577748278212,0.019602851677454458,0.11817857577153434,27,False
28,28,0.025457577748278212,0.019602851677454458,0.11817857577153434,28,False
28,29,0.025457577748278212,0.019602851677454458,0.11817857577153434,29,False
28,30,0.0961553288201793,0.019602851677454458,0.5153084060492117,30,False
28,31,0.0961553288201793,0.019602851677454458,0.5153084060492117,31,False
28,32,0.0961553288201793,0.019602851677454458,0.5153084060492117,32,False
28,33,0.0961553288201793,0.019602851677454458,0.5153084060492117,33,False
28,34,0.0961553288201793,0.019602851677454458,0.5153084060492117,34,False
28,35,0.0961553288201793,0.019602851677454458,0.5153084060492117,35,False
28,36,0.0961553288201793,0.019602851677454458,0.5153084060492117,36,False
28,37,0.0961553288201793,0.019602851677454458,0.5153084060492117,37,False
28,38,0.0961553288201793,0.019602851677454458,0.5153084060492117,38,False
28,39,0.0961553288201793,0.019602851677454458,0.5153084060492117,39,False
28,40,0.0961553288201793,0.019602851677454458,0.5153084060492117,40,False
28,41,0.0961553288201793,0.019602851677454458,0.5153084060492117,41,False
28,42,0.0961553288201793,0.019602851677454458,0.5153084060492117,42,False
28,43,0.0961553288201793,0.019602851677454458,0.5153084060492117,43,False
28,44,0.0961553288201793,0.019602851677454458,0.5153084060492117,44,False
28,45,0.0961553288201793,0.019602851677454458,0.5153084060492117,45,False
28,46,0.0961553288201793,0.019602851677454458,0.5153084060492117,46,False
28,47,0.3867547348173055,0.019602851677454458,2.6594212646853213,47,False
28,48,-0.8302086020249597,0.019602851677454458,2.84339606603189,48,False
28,49,0.025457577748278212,-0.7731988356226733,3.02932275623531,49,False
28,50,0.025457577748278212,0.5574643354245504,3.2098032427909975,50,False
29,1,-0.0018468201023286307,0.019602851677454458,0.0659813297404388,1,True
29,2,-0.0018468201023286307,0.019602851677454458,0.0659813297404388,2,False
29,3,-0.0018468201023286307,0.019602851677454458,0.0659813297404388,3,False
29,4,-0.0018468201023286307,0.019602851677454458,0.0659813297404388,4,False
29,5,-0.0018468201023286307,0.019602851677454458,0.0659813297404388,5,False
29,6,-0.0018468201023286307,0.019602851677454458,0.0659813297404388,6,False
29,7,-0.0018468201023286307,0.019602851677454458,0.0659813297404388,7,False
29,8,-0.0018468201023286307,0.019602851677454458,0.0659813297404388,8,False
29,9,-0.0018468201023286307,0.019602851677454458,0.0659813297404388,9,False
29,10,-0.0018468201023286307,0.019602851677454458,0.0659813297404388,10,False
29,11,-0.0018468201023286307,0.019602851677454458,0.0659813297404388,11,False
29,12,-0.0018468201023286307,0.019602851677454458,0.0659813297404388,12,False
29,13,-0.0018468201023286307,0.019602851677454458,0.0659813297404388,13,False
29,14,-0.0018468201023286307,0.019602851677454458,0.0659813297404388,14,False
29,15,0.006869344873252456,0.019602851677454458,0.07020235238471217,15,False
29,16,0.025457577748278212,0.019602851677454458,0.11817857577153434,16,False
29,17,0.025457577748278212,0.019602851677454458,0.11817857577153434,17,False
29,18,0.025457577748278212,0.019602851677454458,0.11817857577153434,18,False
29,19,0.025457577748278212,0.019602851677454458,0.11817857577153434,19,False
29,20,0.025457577748278212,0.019602851677454458,0.11817857577153434,20,False
29,21,0.025457577748278212,0.019602851677454458,0.11817857577153434,21,False
29,22,0.025457577748278212,0.019602851677454458,0.11817857577153434,22,False
29,23,0.025457577748278212,0.019602851677454458,0.11817857577153434,23,False
29,24,0.025457577748278212,0.019602851677454458,0.11817857577153434,24,False
29,25,0.025457577748278212,0.019602851677454458,0.11817857577153434,25,False
29,26,0.025457577748278212,0.019602851677454458,0.11817857577153434,26,False
29,27,0.025457577748278212,0.019602851677454458,0.11817857577153434,27,False
29,28,0.025457577748278212,0.019602851677454458,0.11817857577153434,28,False
29,29,0.025457577748278212,0.019602851677454458,0.11817857577153434,29,False
29,30,0.025457577748278212,0.019602851677454458,0.11817857577153434,30,False
29,31,0.025457577748278212,0.019602851677454458,0.11817857577153434,31,False
29,32,0.025457577748278212,0.019602851677454458,0.11817857577153434,32,False
29,33,0.0961553288201793,0.019602851677454458,0.5153084060492117,33,False
29,34,0.0961553288201793,0.019602851677454458,0.5153084060492117,34,False
29,35,0.0961553288201793,0.019602851677454458,0.5153084060492117,35,False
29,36,0.0961553288201793,0.019602851677454458,0.5153084060492117,36,False
29,37,0.0961553288201793,0.019602851677454458,0.5153084060492117,37,False
29,38,0.0961553288201793,0.019602851677454458,0.5153084060492117,38,False
29,39,0.0961553288201793,0.019602851677454458,0.5153084060492117,39,False
29,40,0.0961553288201793,0.019602851677454458,0.5153084060492117,40,False
29,41,0.0961553288201793,0.019602851677454458,0.5153084060492117,41,False
29,42,0.0961553288201793,0.019602851677454458,0.5153084060492117,42,False
29,43,0.0961553288201793,0.019602851677454458,0.5153084060492117,43,False
29,44,0.0961553288201793,0.019602851677454458,0.5153084060492117,44,False
29,45,0.0961553288201793,0.019602851677454458,0.5153084060492117,45,False
29,46,0.0961553288201793,0.019602851677454458,0.5153084060492117,46,False
29,47,0.0961553288201793,0.019602851677454458,0.5153084060492117,47,False
29,48,0.0961553288201793,0.019602851677454458,0.5153084060492117,48,False
29,49,0.0961553288201793,0.019602851677454458,0.5153084060492117,49,False
29,50,0.0961553288201793,-0.3168826571862779,2.402723119713461,50,False
30,1,-0.0018468201023286307,0.019602851677454458,0.0659813297404388,1,True
30,2,-0.0018468201023286307,0.019602851677454458,0.0659813297404388,2,False
30,3,-0.0018468201023286307,0.019602851677454458,0.0659813297404388,3,False
30,4,-0.0018468201023286307,0.019602851677454458,0.0659813297404388,4,False
30,5,-0.0018468201023286307,0.019602851677454458,0.0659813297404388,5,False
30,6,-0.0018468201023286307,0.019602851677454458,0.0659813297404388,6,False
30,7,-0.0018468201023286307,0.019602851677454458,0.0659813297404388,7,False
30,8,-0.0018468201023286307,0.019602851677454458,0.0659813297404388,8,False
30,9,-0.0018468201023286307,0.019602851677454458,0.0659813297404388,9,False
30,10,-0.0018468201023286307,0.019602851677454458,0.0659813297404388,10,False
30,11,-0.0018468201023286307,0.019602851677454458,0.0659813297404388,11,False
30,12,-0.0018468201023286307,0.019602851677454458,0.0659813297404388,12,False
30,13,-0.0018468201023286307,0.019602851677454458,0.0659813297404388,13,False
30,14,0.025457577748278212,0.019602851677454458,0.11817857577153434,14,False
30,15,0.025457577748278212,0.019602851677454458,0.11817857577153434,15,False
30,16,0.025457577748278212,0.019602851677454458,0.11817857577153434,16,False
30,17,0.025457577748278212,0.019602851677454458,0.11817857577153434,17,False
30,18,0.025457577748278212,0.019602851677454458,0.11817857577153434,18,False
30,19,0.025457577748278212,0.019602851677454458,0.11817857577153434,19,False
30,20,0.025457577748278212,0.019602851677454458,0.11817857577153434,20,False
30,21,0.025457577748278212,0.019602851677454458,0.11817857577153434,21,False
30,22,0.025457577748278212,0.019602851677454458,0.11817857577153434,22,False
30,23,0.025457577748278212,0.019602851677454458,0.11817857577153434,23,False
30,24,0.025457577748278212,0.019602851677454458,0.11817857577153434,24,False
30,25,0.025457577748278212,0.019602851677454458,0.11817857577153434,25,False
30,26,0.025457577748278212,0.019602851677454458,0.11817857577153434,26,False
30,27,0.025457577748278212,0.019602851677454458,0.11817857577153434,27,False
30,28,0.025457577748278212,0.019602851677454458,0.11817857577153434,28,False
30,29,0.025457577748278212,0.019602851677454458,0.11817857577153434,29,False
30,30,0.025457577748278212,0.019602851677454458,0.11817857577153434,30,False
30,31,0.025457577748278212,0.019602851677454458,0.11817857577153434,31,False
30,32,0.025457577748278212,0.019602851677454458,0.11817857577153434,32,False
30,33,0.025457577748278212,0.019602851677454458,0.11817857577153434,33,False
30,34,0.0961553288201793,0.019602851677454458,0.5153084060492117,34,False
30,35,0.0961553288201793,0.019602851677454458,0.5153084060492117,35,False
30,36,0.0961553288201793,0.019602851677454458,0.5153084060492117,36,False
30,37,0.0961553288201793,0.019602851677454458,0.5153084060492117,37,False
30,38,0.0961553288201793,0.019602851677454458,0.5153084060492117,38,False
30,39,0.0961553288201793,0.019602851677454458,0.5153084060492117,39,False
30,40,0.0961553288201793,0.019602851677454458,0.5153084060492117,40,False
30,41,0.0961553288201793,0.019602851677454458,0.5153084060492117,41,False
30,42,0.0961553288201793,0.019602851677454458,0.5153084060492117,42,False
30,43,0.0961553288201793,0.019602851677454458,0.5153084060492117,43,False
30,44,0.0961553288201793,0.019602851677454458,0.5153084060492117,44,False
30,45,0.0961553288201793,0.019602851677454458,0.5153084060492117,45,False
30,46,0.0961553288201793,0.019602851677454458,0.5153084060492117,46,False
30,47,0.0961553288201793,0.019602851677454458,0.5153084060492117,47,False
30,48,0.0961553288201793,0.019602851677454458,0.5153084060492117,48,False
30,49,0.0961553288201793,0.019602851677454458,0.5153084060492117,49,False
30,50,0.0961553288201793,-0.8101955674857478,3.0827193236374595,50,False
31,1,-0.0018468201023286307,0.019602851677454458,0.0659813297404388,1,True
31,2,-0.0018468201023286307,0.019602851677454458,0.0659813297404388,2,False
31,3,-0.0018468201023286307,0.019602851677454458,0.0659813297404388,3,False
31,4,-0.0018468201023286307,0.019602851677454458,0.0659813297404388,4,False
31,5,-0.0018468201023286307,0.019602851677454458,0.0659813297404388,5,False
31,6,-0.0018468201023286307,0.019602851677454458,0.0659813297404388,6,False
31,7,-0.0018468201023286307,0.019602851677454458,0.0659813297404388,7,False
31,8,-0.0018468201023286307,0.019602851677454458,0.0659813297404388,8,False
31,9,-0.0018468201023286307,0.019602851677454458,0.0659813297404388,9,False
31,10,-0.0018468201023286307,0.019602851677454458,0.0659813297404388,10,False
31,11,-0.0018468201023286307,0.019602851677454458,0.0659813297404388,11,False
31,12,-0.0018468201023286307,0.019602851677454458,0.0659813297404388,12,False
31,13,-0.0018468201023286307,0.019602851677454458,0.0659813297404388,13,False
31,14,-0.0018468201023286307,0.019602851677454458,0.0659813297404388,14,False
31,15,0.025457577748278212,0.019602851677454458,0.11817857577153434,15,False
31,16,0.025457577748278212,0.019602851677454458,0.11817857577153434,16,False
31,17,0.025457577748278212,0.019602851677454458,0.11817857577153434,17,False
31,18,0.025457577748278212,0.019602851677454458,0.11817857577153434,18,False
31,19,0.025457577748278212,0.019602851677454458,0.11817857577153434,19,False
31,20,0.025457577748278212,0.019602851677454458,0.11817857577153434,20,False
31,21,0.025457577748278212,0.019602851677454458,0.11817857577153434,21,False
31,22,0.025457577748278212,0.019602851677454458,0.11817857577153434,22,False
31,23,0.025457577748278212,0.019602851677454458,0.11817857577153434,23,False
31,24,0.025457577748278212,0.019602851677454458,0.11817857577153434,24,False
31,25,0.025457577748278212,0.019602851677454458,0.11817857577153434,25,False
31,26,0.025457577748278212,0.019602851677454458,0.11817857577153434,26,False
31,27,0.025457577748278212,0.019602851677454458,0.11817857577153434,27,False
31,28,0.025457577748278212,0.019602851677454458,0.11817857577153434,28,False
31,29,0.025457577748278212,0.019602851677454458,0.11817857577153434,29,False
31,30,0.025457577748278212,0.019602851677454458,0.11817857577153434,30,False
31,31,0.025457577748278212,0.019602851677454458,0.11817857577153434,31,False
31,32,0.025457577748278212,0.019602851677454458,0.11817857577153434,32,False
31,33,0.025457577748278212,0.019602851677454458,0.11817857577153434,33,False
31,34,0.025457577748278212,0.019602851677454458,0.11817857577153434,34,False
31,35,0.025457577748278212,0.019602851677454458,0.11817857577153434,35,False
31,36,0.025457577748278212,0.019602851677454458,0.11817857577153434,36,False
31,37,0.025457577748278212,0.019602851677454458,0.11817857577153434,37,False
31,38,0.025457577748278212,0.019602851677454458,0.11817857577153434,38,False
31,39,0.0961553288201793,0.019602851677454458,0.5153084060492117,39,False
31,40,0.0961553288201793,0.019602851677454458,0.5153084060492117,40,False
31,41,0.0961553288201793,0.019602851677454458,0.5153084060492117,41,False
31,42,0.0961553288201793,0.019602851677454458,0.5153084060492117,42,False
31,43,0.0961553288201793,0.019602851677454458,0.5153084060492117,43,False
31,44,0.0961553288201793,0.019602851677454458,0.5153084060492117,44,False
31,45,0.0961553288201793,0.019602851677454458,0.5153084060492117,45,False
31,46,0.0961553288201793,0.019602851677454458,0.5153084060492117,46,False
31,47,0.0961553288201793,0.019602851677454458,0.5153084060492117,47,False
31,48,0.025457577748278212,-0.15916220259981306,1.0227176490014789,48,False
31,49,-0.5526577348894596,0.019602851677454458,3.199213236413169,49,False
31,50,-0.0018468201023286307,1.2427617811326162,4.255211135460986,50,False
32,1,-0.0018468201023286307,0.019602851677454458,0.0659813297404388,1,True
32,2,-0.0018468201023286307,0.019602851677454458,0.0659813297404388,2,False
32,3,-0.0018468201023286307,0.019602851677454458,0.0659813297404388,3,False
32,4,-0.0018468201023286307,0.019602851677454458,0.0659813297404388,4,False
32,5,-0.0018468201023286307,0.019602851677454458,0.0659813297404388,5,False
32,6,-0.0018468201023286307,0.019602851677454458,0.0659813297404388,6,False
32,7,-0.0018468201023286307,0.019602851677454458,0.0659813297404388,7,False
32,8,-0.0018468201023286307,0.019602851677454458,0.0659813297404388,8,False
32,9,-0.0018468201023286307,0.019602851677454458,0.0659813297404388,9,False
32,10,-0.0018468201023286307,0.019602851677454458,0.0659813297404388,10,False
32,11,-0.0018468201023286307,0.019602851677454458,0.0659813297404388,11,False
32,12,-0.0018468201023286307,0.019602851677454458,0.0659813297404388,12,False
32,13,-0.0018468201023286307,0.019602851677454458,0.0659813297404388,13,False
32,14,-0.0018468201023286307,0.019602851677454458,0.0659813297404388,14,False
32,15,-0.0018468201023286307,0.019602851677454458,0.0659813297404388,15,False
32,16,-0.0018468201023286307,0.019602851677454458,0.0659813297404388,16,False
32,17,0.009780227410027317,0.019602851677454458,0.0746983629399911,17,False
32,18,0.025457577748278212,0.019602851677454458,0.11817857577153434,18,False
32,19,0.025457577748278212,0.019602851677454458,0.11817857577153434,19,False
32,20,0.025457577748278212,0.019602851677454458,0.11817857577153434,20,False
32,21,0.025457577748278212,0.019602851677454458,0.11817857577153434,21,False
32,22,0.025457577748278212,0.019602851677454458,0.11817857577153434,22,False
32,23,0.025457577748278212,0.019602851677454458,0.11817857577153434,23,False
32,24,0.025457577748278212,0.019602851677454458,0.11817857577153434,24,False
32,25,0.025457577748278212,0.019602851677454458,0.11817857577153434,25,False
32,26,0.025457577748278212,0.019602851677454458,0.11817857577153434,26,False
32,27,0.025457577748278212,0.019602851677454458,0.11817857577153434,27,False
32,28,0.025457577748278212,0.019602851677454458,0.11817857577153434,28,False
32,29,0.025457577748278212,0.019602851677454458,0.11817857577153434,29,False
32,30,0.025457577748278212,0.019602851677454458,0.11817857577153434,30,False
32,31,0.025457577748278212,0.019602851677454458,0.11817857577153434,31,False
32,32,0.025457577748278212,0.019602851677454458,0.11817857577153434,32,False
32,33,0.025457577748278212,0.019602851677454458,0.11817857577153434,33,False
32,34,0.025457577748278212,0.019602851677454458,0.11817857577153434,34,False
32,35,0.025457577748278212,0.019602851677454458,0.11817857577153434,35,False
32,36,0.025457577748278212,0.019602851677454458,0.11817857577153434,36,False
32,37,0.025457577748278212,0.019602851677454458,0.11817857577153434,37,False
32,38,0.025457577748278212,0.019602851677454458,0.11817857577153434,38,False
32,39,0.025457577748278212,0.019602851677454458,0.11817857577153434,39,False
32,40,0.025457577748278212,0.019602851677454458,0.11817857577153434,40,False
32,41,0.025457577748278212,0.019602851677454458,0.11817857577153434,41,False
32,42,0.025457577748278212,0.019602851677454458,0.11817857577153434,42,False
32,43,0.0961553288201793,0.019602851677454458,0.5153084060492117,43,False
32,44,0.0961553288201793,0.019602851677454458,0.5153084060492117,44,False
32,45,0.0961553288201793,0.019602851677454458,0.5153084060492117,45,False
32,46,0.0961553288201793,0.019602851677454458,0.5153084060492117,46,False
32,47,0.0961553288201793,0.019602851677454458,0.5153084060492117,47,False
32,48,0.0961553288201793,0.019602851677454458,0.5153084060492117,48,False
32,49,0.0961553288201793,0.019602851677454458,0.5153084060492117,49,False
32,50,0.4701643060105409,0.019602851677454458,3.000956739274827,50,False
33,1,-0.0018468201023286307,0.019602851677454458,0.0659813297404388,1,True
33,2,-0.0018468201023286307,0.019602851677454458,0.0659813297404388,2,False
33,3,-0.0018468201023286307,0.019602851677454458,0.0659813297404388,3,False
33,4,-0.0018468201023286307,0.019602851677454458,0.0659813297404388,4,False
33,5,-0.0018468201023286307,0.019602851677454458,0.0659813297404388,5,False
33,6,-0.0018468201023286307,0.019602851677454458,0.0659813297404388,6,False
33,7,-0.0018468201023286307,0.019602851677454458,0.0659813297404388,7,False
33,8,-0.0018468201023286307,0.019602851677454458,0.0659813297404388,8,False
33,9,-0.0018468201023286307,0.019602851677454458,0.0659813297404388,9,False
33,10,-0.0018468201023286307,0.019602851677454458,0.0659813297404388,10,False
33,11,-0.0018468201023286307,0.019602851677454458,0.0659813297404388,11,False
33,12,-0.0018468201023286307,0.019602851677454458,0.0659813297404388,12,False
33,13,-0.0018468201023286307,0.019602851677454458,0.0659813297404388,13,False
33,14,-0.0018468201023286307,0.019602851677454458,0.0659813297404388,14,False
33,15,-0.0018468201023286307,0.019602851677454458,0.0659813297404388,15,False
33,16,-0.0018468201023286307,0.019602851677454458,0.0659813297404388,16,False
33,17,-0.0018468201023286307,0.019602851677454458,0.0659813297404388,17,False
33,18,-0.0018468201023286307,0.019602851677454458,0.0659813297404388,18,False
33,19,0.009780227410027317,0.019602851677454458,0.0746983629399911,19,False
33,20,0.009780227410027317,0.019602851677454458,0.0746983629399911,20,False
33,21,0.009780227410027317,0.019602851677454458,0.0746983629399911,21,False
33,22,0.025457577748278212,0.019602851677454458,0.11817857577153434,22,False
33,23,0.025457577748278212,0.019602851677454458,0.11817857577153434,23,False
33,24,0.025457577748278212,0.019602851677454458,0.11817857577153434,24,False
33,25,0.025457577748278212,0.019602851677454458,0.11817857577153434,25,False
33,26,0.025457577748278212,0.019602851677454458,0.11817857577153434,26,False
33,27,0.025457577748278212,0.019602851677454458,0.11817857577153434,27,False
33,28,0.025457577748278212,0.019602851677454458,0.11817857577153434,28,False
33,29,0.025457577748278212,0.019602851677454458,0.11817857577153434,29,False
33,30,0.025457577748278212,0.019602851677454458,0.11817857577153434,30,False
33,31,0.025457577748278212,0.019602851677454458,0.11817857577153434,31,False
33,32,0.025457577748278212,0.019602851677454458,0.11817857577153434,32,False
33,33,0.025457577748278212,0.019602851677454458,0.11817857577153434,33,False
33,34,0.025457577748278212,0.019602851677454458,0.11817857577153434,34,False
33,35,0.025457577748278212,0.019602851677454458,0.11817857577153434,35,False
33,36,0.025457577748278212,0.019602851677454458,0.11817857577153434,36,False
33,37,0.025457577748278212,0.019602851677454458,0.11817857577153434,37,False
33,38,0.025457577748278212,0.019602851677454458,0.11817857577153434,38,False
33,39,0.025457577748278212,0.019602851677454458,0.11817857577153434,39,False
33,40,0.025457577748278212,0.019602851677454458,0.11817857577153434,40,False
33,41,0.025457577748278212,0.019602851677454458,0.11817857577153434,41,False
33,42,0.029880231096751073,0.019602851677454458,0.13478841912567363,42,False
33,43,0.0961553288201793,0.019602851677454458,0.5153084060492117,43,False
33,44,0.0961553288201793,0.019602851677454458,0.5153084060492117,44,False
33,45,0.0961553288201793,0.019602851677454458,0.5153084060492117,45,False
33,46,0.0961553288201793,0.019602851677454458,0.5153084060492117,46,False
33,47,0.0961553288201793,0.019602851677454458,0.5153084060492117,47,False
33,48,0.0961553288201793,0.019602851677454458,0.5153084060492117,48,False
33,49,0.025457577748278212,0.1326568566996401,0.8039468039252822,49,False
33,50,0.6302179289697213,0.019602851677454458,3.2574672509785825,50,False
34,1,-0.0018468201023286307,0.019602851677454458,0.0659813297404388,1,True
34,2,-0.0018468201023286307,0.019602851677454458,0.0659813297404388,2,False
34,3,-0.0018468201023286307,0.019602851677454458,0.0659813297404388,3,False
34,4,-0.0018468201023286307,0.019602851677454458,0.0659813297404388,4,False
34,5,-0.0018468201023286307,0.019602851677454458,0.0659813297404388,5,False
34,6,-0.0018468201023286307,0.019602851677454458,0.0659813297404388,6,False
34,7,-0.0018468201023286307,0.019602851677454458,0.0659813297404388,7,False
34,8,-0.0018468201023286307,0.019602851677454458,0.0659813297404388,8,False
34,9,-0.0018468201023286307,0.019602851677454458,0.0659813297404388,9,False
34,10,-0.0018468201023286307,0.019602851677454458,0.0659813297404388,10,False
34,11,-0.0018468201023286307,0.019602851677454458,0.0659813297404388,11,False
34,12,-0.0018468201023286307,0.019602851677454458,0.0659813297404388,12,False
34,13,-0.0018468201023286307,0.019602851677454458,0.0659813297404388,13,False
34,14,-0.0018468201023286307,0.019602851677454458,0.0659813297404388,14,False
34,15,-0.0018468201023286307,0.019602851677454458,0.0659813297404388,15,False
34,16,-0.0018468201023286307,0.019602851677454458,0.0659813297404388,16,False
34,17,-0.0018468201023286307,0.019602851677454458,0.0659813297404388,17,False
34,18,-0.0018468201023286307,0.019602851677454458,0.0659813297404388,18,False
34,19,-0.0018468201023286307,0.019602851677454458,0.0659813297404388,19,False
34,20,-0.0018468201023286307,0.019602851677454458,0.0659813297404388,20,False
34,21,-0.0018468201023286307,0.019602851677454458,0.0659813297404388,21,False
34,22,-0.0018468201023286307,0.019602851677454458,0.0659813297404388,22,False
34,23,0.009780227410027317,0.019602851677454458,0.0746983629399911,23,False
34,24,0.009780227410027317,0.019602851677454458,0.0746983629399911,24,False
34,25,0.009780227410027317,0.019602851677454458,0.0746983629399911,25,False
34,26,0.009780227410027317,0.019602851677454458,0.0746983629399911,26,False
34,27,0.012672965650317277,0.019602851677454458,0.08047759227744367,27,False
34,28,0.025457577748278212,0.019602851677454458,0.11817857577153434,28,False
34,29,0.025457577748278212,0.019602851677454458,0.11817857577153434,29,False
34,30,0.025457577748278212,0.019602851677454458,0.11817857577153434,30,False
34,31,0.025457577748278212,0.019602851677454458,0.11817857577153434,31,False
34,32,0.025457577748278212,0.019602851677454458,0.11817857577153434,32,False
34,33,0.025457577748278212,0.019602851677454458,0.11817857577153434,33,False
34,34,0.025457577748278212,0.019602851677454458,0.11817857577153434,34,False
34,35,0.025457577748278212,0.019602851677454458,0.11817857577153434,35,False
34,36,0.025457577748278212,0.019602851677454458,0.11817857577153434,36,False
34,37,0.025457577748278212,0.019602851677454458,0.11817857577153434,37,False
34,38,0.025457577748278212,0.019602851677454458,0.11817857577153434,38,False
34,39,0.025457577748278212,0.019602851677454458,0.11817857577153434,39,False
34,40,0.025457577748278212,0.019602851677454458,0.11817857577153434,40,False
34,41,0.025457577748278212,0.019602851677454458,0.11817857577153434,41,False
34,42,0.025457577748278212,0.019602851677454458,0.11817857577153434,42,False
34,43,0.025457577748278212,0.019602851677454458,0.11817857577153434,43,False
34,44,0.0961553288201793,0.019602851677454458,0.5153084060492117,44,False
34,45,0.0961553288201793,0.019602851677454458,0.5153084060492117,45,False
34,46,0.0961553288201793,0.019602851677454458,0.5153084060492117,46,False
34,47,0.0961553288201793,-0.2753378140994483,2.1323332465977356,47,False
34,48,-0.3771957883544092,0.019602851677454458,2.6107985809451404,48,False
34,49,0.5206855127832333,0.019602851677454458,3.1386267483775083,49,False
34,50,0.025457577748278212,0.5676740348551242,3.2237579721268017,50,False
35,1,-0.0018468201023286307,0.019602851677454458,0.0659813297404388,1,True
35,2,-0.0018468201023286307,0.019602851677454458,0.0659813297404388,2,False
35,3,-0.0018468201023286307,0.019602851677454458,0.0659813297404388,3,False
35,4,-0.0018468201023286307,0.019602851677454458,0.0659813297404388,4,False
35,5,-0.0018468201023286307,0.019602851677454458,0.0659813297404388,5,False
35,6,-0.0018468201023286307,0.019602851677454458,0.0659813297404388,6,False
35,7,-0.0018468201023286307,0.019602851677454458,0.0659813297404388,7,False
35,8,-0.0018468201023286307,0.019602851677454458,0.0659813297404388,8,False
35,9,-0.0018468201023286307,0.019602851677454458,0.0659813297404388,9,False
35,10,-0.0018468201023286307,0.019602851677454458,0.0659813297404388,10,False
35,11,-0.0018468201023286307,0.019602851677454458,0.0659813297404388,11,False
35,12,-0.0018468201023286307,0.019602851677454458,0.0659813297404388,12,False
35,13,-0.0018468201023286307,0.019602851677454458,0.0659813297404388,13,False
35,14,-0.0018468201023286307,0.019602851677454458,0.0659813297404388,14,False
35,15,-0.0018468201023286307,0.019602851677454458,0.0659813297404388,15,False
35,16,-0.0018468201023286307,0.019602851677454458,0.0659813297404388,16,False
35,17,-0.0018468201023286307,0.019602851677454458,0.0659813297404388,17,False
35,18,-0.0018468201023286307,0.019602851677454458,0.0659813297404388,18,False
35,19,-0.0018468201023286307,0.019602851677454458,0.0659813297404388,19,False
35,20,-0.0018468201023286307,0.019602851677454458,0.0659813297404388,20,False
35,21,-0.0018468201023286307,0.019602851677454458,0.0659813297404388,21,False
35,22,-0.0018468201023286307,0.019602851677454458,0.0659813297404388,22,False
35,23,0.009780227410027317,0.019602851677454458,0.0746983629399911,23,False
35,24,0.009780227410027317,0.019602851677454458,0.0746983629399911,24,False
35,25,0.009780227410027317,0.019602851677454458,0.0746983629399911,25,False
35,26,0.009780227410027317,0.019602851677454458,0.0746983629399911,26,False
35,27,0.009780227410027317,0.019602851677454458,0.0746983629399911,27,False
35,28,0.025457577748278212,0.019602851677454458,0.11817857577153434,28,False
35,29,0.025457577748278212,0.019602851677454458,0.11817857577153434,29,False
35,30,0.025457577748278212,0.019602851677454458,0.11817857577153434,30,False
35,31,0.025457577748278212,0.019602851677454458,0.11817857577153434,31,False
35,32,0.025457577748278212,0.019602851677454458,0.11817857577153434,32,False
35,33,0.025457577748278212,0.019602851677454458,0.11817857577153434,33,False
35,34,0.025457577748278212,0.019602851677454458,0.11817857577153434,34,False
35,35,0.025457577748278212,0.019602851677454458,0.11817857577153434,35,False
35,36,0.025457577748278212,0.019602851677454458,0.11817857577153434,36,False
35,37,0.025457577748278212,0.019602851677454458,0.11817857577153434,37,False
35,38,0.025457577748278212,0.019602851677454458,0.11817857577153434,38,False
35,39,0.025457577748278212,0.019602851677454458,0.11817857577153434,39,False
35,40,0.025457577748278212,0.019602851677454458,0.11817857577153434,40,False
35,41,0.025457577748278212,0.019602851677454458,0.11817857577153434,41,False
35,42,0.025457577748278212,0.019602851677454458,0.11817857577153434,42,False
35,43,0.025457577748278212,0.019602851677454458,0.11817857577153434,43,False
35,44,0.025457577748278212,0.019602851677454458,0.11817857577153434,44,False
35,45,0.0961553288201793,0.019602851677454458,0.5153084060492117,45,False
35,46,0.0961553288201793,0.019602851677454458,0.5153084060492117,46,False
35,47,-0.22242568220556294,0.019602851677454458,1.5496257277054046,47,False
35,48,0.025457577748278212,0.3145279748350906,2.2461733676930398,48,False
35,49,-0.3771957883544092,0.019602851677454458,2.6107985809451404,49,False
35,50,-0.7006787605749178,0.019602851677454458,3.1955750319295047,50,False
36,1,-0.0018468201023286307,0.019602851677454458,0.0659813297404388,1,True
36,2,-0.0018468201023286307,0.019602851677454458,0.0659813297404388,2,False
36,3,-0.0018468201023286307,0.019602851677454458,0.0659813297404388,3,False
36,4,-0.0018468201023286307,0.019602851677454458,0.0659813297404388,4,False
36,5,-0.0018468201023286307,0.019602851677454458,0.0659813297404388,5,False
36,6,-0.0018468201023286307,0.019602851677454458,0.0659813297404388,6,False
36,7,-0.0018468201023286307,0.019602851677454458,0.0659813297404388,7,False
36,8,-0.0018468201023286307,0.019602851677454458,0.0659813297404388,8,False
36,9,-0.0018468201023286307,0.019602851677454458,0.0659813297404388,9,False
36,10,-0.0018468201023286307,0.019602851677454458,0.0659813297404388,10,False
36,11,-0.0018468201023286307,0.019602851677454458,0.0659813297404388,11,False
36,12,-0.0018468201023286307,0.019602851677454458,0.0659813297404388,12,False
36,13,-0.0018468201023286307,0.019602851677454458,0.0659813297404388,13,False
36,14,-0.0018468201023286307,0.019602851677454458,0.0659813297404388,14,False
36,15,-0.0018468201023286307,0.019602851677454458,0.0659813297404388,15,False
36,16,-0.0018468201023286307,0.019602851677454458,0.0659813297404388,16,False
36,17,-0.0018468201023286307,0.019602851677454458,0.0659813297404388,17,False
36,18,-0.0018468201023286307,0.019602851677454458,0.0659813297404388,18,False
36,19,-0.0018468201023286307,0.019602851677454458,0.0659813297404388,19,False
36,20,-0.0018468201023286307,0.019602851677454458,0.0659813297404388,20,False
36,21,-0.0018468201023286307,0.019602851677454458,0.0659813297404388,21,False
36,22,-0.0018468201023286307,0.019602851677454458,0.0659813297404388,22,False
36,23,-0.0018468201023286307,0.019602851677454458,0.0659813297404388,23,False
36,24,-0.0018468201023286307,0.019602851677454458,0.0659813297404388,24,False
36,25,-0.0018468201023286307,0.019602851677454458,0.0659813297404388,25,False
36,26,-0.0018468201023286307,0.019602851677454458,0.0659813297404388,26,False
36,27,-0.0018468201023286307,0.019602851677454458,0.0659813297404388,27,False
36,28,-0.0018468201023286307,0.019602851677454458,0.0659813297404388,28,False
36,29,-0.0018468201023286307,0.019602851677454458,0.0659813297404388,29,False
36,30,-0.0018468201023286307,0.019602851677454458,0.0659813297404388,30,False
36,31,-0.0018468201023286307,0.019602851677454458,0.0659813297404388,31,False
36,32,0.009780227410027317,0.019602851677454458,0.0746983629399911,32,False
36,33,0.009780227410027317,0.019602851677454458,0.0746983629399911,33,False
36,34,0.009780227410027317,0.019602851677454458,0.0746983629399911,34,False
36,35,0.025457577748278212,0.019602851677454458,0.11817857577153434,35,False
36,36,0.025457577748278212,0.019602851677454458,0.11817857577153434,36,False
36,37,0.025457577748278212,0.019602851677454458,0.11817857577153434,37,False
36,38,0.025457577748278212,0.019602851677454458,0.11817857577153434,38,False
36,39,0.025457577748278212,0.019602851677454458,0.11817857577153434,39,False
36,40,0.025457577748278212,0.019602851677454458,0.11817857577153434,40,False
36,41,0.025457577748278212,0.019602851677454458,0.11817857577153434,41,False
36,42,0.025457577748278212,0.019602851677454458,0.11817857577153434,42,False
36,43,0.025457577748278212,0.019602851677454458,0.11817857577153434,43,False
36,44,0.025457577748278212,0.019602851677454458,0.11817857577153434,44,False
36,45,0.025457577748278212,0.019602851677454458,0.11817857577153434,45,False
36,46,0.025457577748278212,0.019602851677454458,0.11817857577153434,46,False
36,47,0.025457577748278212,0.019602851677454458,0.11817857577153434,47,False
36,48,0.025457577748278212,0.019602851677454458,0.11817857577153434,48,False
36,49,0.025457577748278212,0.019602851677454458,0.11817857577153434,49,False
36,50,0.025457577748278212,0.019602851677454458,0.11817857577153434,50,False
37,1,-0.0018468201023286307,0.019602851677454458,0.0659813297404388,1,True
37,2,-0.0018468201023286307,0.019602851677454458,0.0659813297404388,2,False
37,3,-0.0018468201023286307,0.019602851677454458,0.0659813297404388,3,False
37,4,-0.0018468201023286307,0.019602851677454458,0.0659813297404388,4,False
37,5,-0.0018468201023286307,0.019602851677454458,0.0659813297404388,5,False
37,6,-0.0018468201023286307,0.019602851677454458,0.0659813297404388,6,False
37,7,-0.0018468201023286307,0.019602851677454458,0.0659813297404388,7,False
37,8,-0.0018468201023286307,0.019602851677454458,0.0659813297404388,8,False
37,9,-0.0018468201023286307,0.019602851677454458,0.0659813297404388,9,False
37,10,-0.0018468201023286307,0.019602851677454458,0.0659813297404388,10,False
37,11,-0.0018468201023286307,0.019602851677454458,0.0659813297404388,11,False
37,12,-0.0018468201023286307,0.019602851677454458,0.0659813297404388,12,False
37,13,-0.0018468201023286307,0.019602851677454458,0.0659813297404388,13,False
37,14,-0.0018468201023286307,0.019602851677454458,0.0659813297404388,14,False
37,15,-0.0018468201023286307,0.019602851677454458,0.0659813297404388,15,False
37,16,-0.0018468201023286307,0.019602851677454458,0.0659813297404388,16,False
37,17,-0.0018468201023286307,0.019602851677454458,0.0659813297404388,17,False
37,18,-0.0018468201023286307,0.019602851677454458,0.0659813297404388,18,False
37,19,-0.0018468201023286307,0.019602851677454458,0.0659813297404388,19,False
37,20,-0.0018468201023286307,0.019602851677454458,0.0659813297404388,20,False
37,21,-0.0018468201023286307,0.019602851677454458,0.0659813297404388,21,False
37,22,-0.0018468201023286307,0.019602851677454458,0.0659813297404388,22,False
37,23,-0.0018468201023286307,0.019602851677454458,0.0659813297404388,23,False
37,24,-0.0018468201023286307,0.019602851677454458,0.0659813297404388,24,False
37,25,-0.0018468201023286307,0.019602851677454458,0.0659813297404388,25,False
37,26,-0.0018468201023286307,0.019602851677454458,0.0659813297404388,26,False
37,27,-0.0018468201023286307,0.019602851677454458,0.0659813297404388,27,False
37,28,-0.0018468201023286307,0.019602851677454458,0.0659813297404388,28,False
37,29,-0.0018468201023286307,0.019602851677454458,0.0659813297404388,29,False
37,30,-0.0018468201023286307,0.019602851677454458,0.0659813297404388,30,False
37,31,-0.0018468201023286307,0.019602851677454458,0.0659813297404388,31,False
37,32,-0.0018468201023286307,0.019602851677454458,0.0659813297404388,32,False
37,33,-0.0018468201023286307,0.019602851677454458,0.0659813297404388,33,False
37,34,-0.0018468201023286307,0.019602851677454458,0.0659813297404388,34,False
37,35,-0.0018468201023286307,0.019602851677454458,0.0659813297404388,35,False
37,36,-0.0018468201023286307,0.019602851677454458,0.0659813297404388,36,False
37,37,-0.0018468201023286307,0.019602851677454458,0.0659813297404388,37,False
37,38,-0.0018468201023286307,0.019602851677454458,0.0659813297404388,38,False
37,39,-0.0018468201023286307,0.019602851677454458,0.0659813297404388,39,False
37,40,-0.0018468201023286307,0.019602851677454458,0.0659813297404388,40,False
37,41,-0.0018468201023286307,0.019602851677454458,0.0659813297404388,41,False
37,42,-0.0018468201023286307,0.019602851677454458,0.0659813297404388,42,False
37,43,-0.0018468201023286307,0.019602851677454458,0.0659813297404388,43,False
37,44,-0.0018468201023286307,0.019602851677454458,0.0659813297404388,44,False
37,45,0.009780227410027317,0.019602851677454458,0.0746983629399911,45,False
37,46,0.009780227410027317,0.019602851677454458,0.0746983629399911,46,False
37,47,-0.0018468201023286307,-0.8603515843007681,2.740083648204593,47,False
37,48,-0.43564228873396554,0.019602851677454458,2.8772344487770245,48,False
37,49,0.5377150695597759,0.019602851677454458,3.1734794569048366,49,False
37,50,-0.6434207214041585,0.019602851677454458,3.2543328011138546,50,False
38,1,-0.0018468201023286307,0.019602851677454458,0.0659813297404388,1,True
38,2,-0.0018468201023286307,0.019602851677454458,0.0659813297404388,2,False
38,3,-0.0018468201023286307,0.019602851677454458,0.0659813297404388,3,False
38,4,-0.0018468201023286307,0.019602851677454458,0.0659813297404388,4,False
38,5,-0.0018468201023286307,0.019602851677454458,0.0659813297404388,5,False
38,6,-0.0018468201023286307,0.019602851677454458,0.0659813297404388,6,False
38,7,-0.0018468201023286307,0.019602851677454458,0.0659813297404388,7,False
38,8,-0.0018468201023286307,0.019602851677454458,0.0659813297404388,8,False
38,9,-0.0018468201023286307,0.019602851677454458,0.0659813297404388,9,False
38,10,-0.0018468201023286307,0.019602851677454458,0.0659813297404388,10,False
38,11,-0.0018468201023286307,0.019602851677454458,0.0659813297404388,11,False
38,12,-0.0018468201023286307,0.019602851677454458,0.0659813297404388,12,False
38,13,-0.0018468201023286307,0.019602851677454458,0.0659813297404388,13,False
38,14,-0.0018468201023286307,0.019602851677454458,0.0659813297404388,14,False
38,15,-0.0018468201023286307,0.019602851677454458,0.0659813297404388,15,False
38,16,-0.0018468201023286307,0.019602851677454458,0.0659813297404388,16,False
38,17,-0.0018468201023286307,0.019602851677454458,0.0659813297404388,17,False
38,18,-0.0018468201023286307,0.019602851677454458,0.0659813297404388,18,False
38,19,-0.0018468201023286307,0.019602851677454458,0.0659813297404388,19,False
38,20,-0.0018468201023286307,0.019602851677454458,0.0659813297404388,20,False
38,21,-0.0018468201023286307,0.019602851677454458,0.0659813297404388,21,False
38,22,-0.0018468201023286307,0.019602851677454458,0.0659813297404388,22,False
38,23,-0.0018468201023286307,0.019602851677454458,0.0659813297404388,23,False
38,24,-0.0018468201023286307,0.019602851677454458,0.0659813297404388,24,False
38,25,-0.0018468201023286307,0.019602851677454458,0.0659813297404388,25,False
38,26,-0.0018468201023286307,0.019602851677454458,0.0659813297404388,26,False
38,27,-0.0018468201023286307,0.019602851677454458,0.0659813297404388,27,False
38,28,-0.0018468201023286307,0.019602851677454458,0.0659813297404388,28,False
38,29,-0.0018468201023286307,0.019602851677454458,0.0659813297404388,29,False
38,30,-0.0018468201023286307,0.019602851677454458,0.0659813297404388,30,False
38,31,-0.0018468201023286307,0.019602851677454458,0.0659813297404388,31,False
38,32,-0.0018468201023286307,0.019602851677454458,0.0659813297404388,32,False
38,33,-0.0018468201023286307,0.019602851677454458,0.0659813297404388,33,False
38,34,-0.0018468201023286307,0.019602851677454458,0.0659813297404388,34,False
38,35,-0.0018468201023286307,0.019602851677454458,0.0659813297404388,35,False
38,36,-0.0018468201023286307,0.019602851677454458,0.0659813297404388,36,False
38,37,-0.0018468201023286307,0.019602851677454458,0.0659813297404388,37,False
38,38,-0.0018468201023286307,0.019602851677454458,0.0659813297404388,38,False
38,39,-0.0018468201023286307,0.019602851677454458,0.0659813297404388,39,False
38,40,-0.0018468201023286307,0.019602851677454458,0.0659813297404388,40,False
38,41,-0.0018468201023286307,0.019602851677454458,0.0659813297404388,41,False
38,42,-0.0018468201023286307,0.019602851677454458,0.0659813297404388,42,False
38,43,-0.0018468201023286307,0.019602851677454458,0.0659813297404388,43,False
38,44,-0.0018468201023286307,0.019602851677454458,0.0659813297404388,44,False
38,45,-0.0018468201023286307,0.019602851677454458,0.0659813297404388,45,False
38,46,-0.0018468201023286307,0.019602851677454458,0.0659813297404388,46,False
38,47,0.009780227410027317,0.019602851677454458,0.0746983629399911,47,False
38,48,0.009780227410027317,0.019602851677454458,0.0746983629399911,48,False
38,49,-0.3706252521363007,0.019602851677454458,2.576206503604578,49,False
38,50,0.4493368884653316,0.019602851677454458,2.929233112939244,50,False
39,1,-0.0018468201023286307,0.019602851677454458,0.0659813297404388,1,True
39,2,-0.0018468201023286307,0.019602851677454458,0.0659813297404388,2,False
39,3,-0.0018468201023286307,0.019602851677454458,0.0659813297404388,3,False
39,4,-0.0018468201023286307,0.019602851677454458,0.0659813297404388,4,False
39,5,-0.0018468201023286307,0.019602851677454458,0.0659813297404388,5,False
39,6,-0.0018468201023286307,0.019602851677454458,0.0659813297404388,6,False
39,7,-0.0018468201023286307,0.019602851677454458,0.0659813297404388,7,False
39,8,-0.0018468201023286307,0.019602851677454458,0.0659813297404388,8,False
39,9,-0.0018468201023286307,0.019602851677454458,0.0659813297404388,9,False
39,10,-0.0018468201023286307,0.019602851677454458,0.0659813297404388,10,False
39,11,-0.0018468201023286307,0.019602851677454458,0.0659813297404388,11,False
39,12,-0.0018468201023286307,0.019602851677454458,0.0659813297404388,12,False
39,13,-0.0018468201023286307,0.019602851677454458,0.0659813297404388,13,False
39,14,-0.0018468201023286307,0.019602851677454458,0.0659813297404388,14,False
39,15,-0.0018468201023286307,0.019602851677454458,0.0659813297404388,15,False
39,16,-0.0018468201023286307,0.019602851677454458,0.0659813297404388,16,False
39,17,-0.0018468201023286307,0.019602851677454458,0.0659813297404388,17,False
39,18,-0.0018468201023286307,0.019602851677454458,0.0659813297404388,18,False
39,19,-0.0018468201023286307,0.019602851677454458,0.0659813297404388,19,False
39,20,-0.0018468201023286307,0.019602851677454458,0.0659813297404388,20,False
39,21,-0.0018468201023286307,0.019602851677454458,0.0659813297404388,21,False
39,22,-0.0018468201023286307,0.019602851677454458,0.0659813297404388,22,False
39,23,-0.0018468201023286307,0.019602851677454458,0.0659813297404388,23,False
39,24,-0.0018468201023286307,0.019602851677454458,0.0659813297404388,24,False
39,25,-0.0018468201023286307,0.019602851677454458,0.0659813297404388,25,False
39,26,-0.0018468201023286307,0.019602851677454458,0.0659813297404388,26,False
39,27,-0.0018468201023286307,0.019602851677454458,0.0659813297404388,27,False
39,28,-0.0018468201023286307,0.019602851677454458,0.0659813297404388,28,False
39,29,-0.0018468201023286307,0.019602851677454458,0.0659813297404388,29,False
39,30,-0.0018468201023286307,0.019602851677454458,0.0659813297404388,30,False
39,31,-0.0018468201023286307,0.019602851677454458,0.0659813297404388,31,False
39,32,-0.0018468201023286307,0.019602851677454458,0.0659813297404388,32,False
39,33,-0.0018468201023286307,0.019602851677454458,0.0659813297404388,33,False
39,34,-0.0018468201023286307,0.019602851677454458,0.0659813297404388,34,False
39,35,-0.0018468201023286307,0.019602851677454458,0.0659813297404388,35,False
39,36,-0.0018468201023286307,0.019602851677454458,0.0659813297404388,36,False
39,37,-0.0018468201023286307,0.019602851677454458,0.0659813297404388,37,False
39,38,-0.0018468201023286307,0.019602851677454458,0.0659813297404388,38,False
39,39,-0.0018468201023286307,0.019602851677454458,0.0659813297404388,39,False
39,40,-0.0018468201023286307,0.019602851677454458,0.0659813297404388,40,False
39,41,-0.0018468201023286307,0.019602851677454458,0.0659813297404388,41,False
39,42,-0.0018468201023286307,0.019602851677454458,0.0659813297404388,42,False
39,43,-0.0018468201023286307,0.019602851677454458,0.0659813297404388,43,False
39,44,-0.0018468201023286307,0.019602851677454458,0.0659813297404388,44,False
39,45,-0.0018468201023286307,0.019602851677454458,0.0659813297404388,45,False
39,46,-0.0018468201023286307,0.019602851677454458,0.0659813297404388,46,False
39,47,-0.0018468201023286307,-0.15478348892319654,0.9664487147010914,47,False
39,48,-0.3706252521363007,0.019602851677454458,2.576206503604578,48,False
39,49,-0.3895503821075054,0.019602851677454458,2.6732624818847133,49,False
39,50,-0.0018468201023286307,-0.5245510448498918,3.1423289688479845,50,False
40,1,-0.0018468201023286307,0.019602851677454458,0.0659813297404388,1,True
40,2,-0.0018468201023286307,0.019602851677454458,0.0659813297404388,2,False
40,3,-0.0018468201023286307,0.019602851677454458,0.0659813297404388,3,False
40,4,-0.0018468201023286307,0.019602851677454458,0.0659813297404388,4,False
40,5,-0.0018468201023286307,0.019602851677454458,0.0659813297404388,5,False
40,6,-0.0018468201023286307,0.019602851677454458,0.0659813297404388,6,False
40,7,-0.0018468201023286307,0.019602851677454458,0.0659813297404388,7,False
40,8,-0.0018468201023286307,0.019602851677454458,0.0659813297404388,8,False
40,9,-0.0018468201023286307,0.019602851677454458,0.0659813297404388,9,False
40,10,-0.0018468201023286307,0.019602851677454458,0.0659813297404388,10,False
40,11,-0.0018468201023286307,0.019602851677454458,0.0659813297404388,11,False
40,12,-0.0018468201023286307,0.019602851677454458,0.0659813297404388,12,False
40,13,-0.0018468201023286307,0.019602851677454458,0.0659813297404388,13,False
40,14,-0.0018468201023286307,0.019602851677454458,0.0659813297404388,14,False
40,15,-0.0018468201023286307,0.019602851677454458,0.0659813297404388,15,False
40,16,-0.0018468201023286307,0.019602851677454458,0.0659813297404388,16,False
40,17,-0.0018468201023286307,0.019602851677454458,0.0659813297404388,17,False
40,18,-0.0018468201023286307,0.019602851677454458,0.0659813297404388,18,False
40,19,-0.0018468201023286307,0.019602851677454458,0.0659813297404388,19,False
40,20,-0.0018468201023286307,0.019602851677454458,0.0659813297404388,20,False
40,21,-0.0018468201023286307,0.019602851677454458,0.0659813297404388,21,False
40,22,-0.0018468201023286307,0.019602851677454458,0.0659813297404388,22,False
40,23,-0.0018468201023286307,0.019602851677454458,0.0659813297404388,23,False
40,24,-0.0018468201023286307,0.019602851677454458,0.0659813297404388,24,False
40,25,-0.0018468201023286307,0.019602851677454458,0.0659813297404388,25,False
40,26,-0.0018468201023286307,0.019602851677454458,0.0659813297404388,26,False
40,27,-0.0018468201023286307,0.019602851677454458,0.0659813297404388,27,False
40,28,-0.0018468201023286307,0.019602851677454458,0.0659813297404388,28,False
40,29,-0.0018468201023286307,0.019602851677454458,0.0659813297404388,29,False
40,30,-0.0018468201023286307,0.019602851677454458,0.0659813297404388,30,False
40,31,-0.0018468201023286307,0.019602851677454458,0.0659813297404388,31,False
40,32,-0.0018468201023286307,0.019602851677454458,0.0659813297404388,32,False
40,33,-0.0018468201023286307,0.019602851677454458,0.0659813297404388,33,False
40,34,-0.0018468201023286307,0.019602851677454458,0.0659813297404388,34,False
40,35,-0.0018468201023286307,0.019602851677454458,0.0659813297404388,35,False
40,36,-0.0018468201023286307,0.019602851677454458,0.0659813297404388,36,False
40,37,-0.0018468201023286307,0.019602851677454458,0.0659813297404388,37,False
40,38,-0.0018468201023286307,0.019602851677454458,0.0659813297404388,38,False
40,39,-0.0018468201023286307,0.019602851677454458,0.0659813297404388,39,False
40,40,-0.0018468201023286307,0.019602851677454458,0.0659813297404388,40,False
40,41,-0.0018468201023286307,0.019602851677454458,0.0659813297404388,41,False
40,42,-0.0018468201023286307,0.019602851677454458,0.0659813297404388,42,False
40,43,-0.0018468201023286307,0.019602851677454458,0.0659813297404388,43,False
40,44,-0.0018468201023286307,0.019602851677454458,0.0659813297404388,44,False
40,45,-0.0018468201023286307,0.019602851677454458,0.0659813297404388,45,False
40,46,0.01374240422998572,0.019602851677454458,0.08291469181120137,46,False
40,47,-0.0018468201023286307,0.09371439976919366,0.4829665317998928,47,False
40,48,-0.0018468201023286307,-0.15478348892319654,0.9664487147010914,48,False
40,49,-0.5260606413695915,0.019602851677454458,3.1502596420763536,49,False
40,50,0.5360059923108687,0.019602851677454458,3.170246372483391,50,False
41,1,-0.0018468201023286307,0.019602851677454458,0.0659813297404388,1,True
41,2,-0.0018468201023286307,0.019602851677454458,0.0659813297404388,2,False
41,3,-0.0018468201023286307,0.019602851677454458,0.0659813297404388,3,False
41,4,-0.0018468201023286307,0.019602851677454458,0.0659813297404388,4,False
41,5,-0.0018468201023286307,0.019602851677454458,0.0659813297404388,5,False
41,6,-0.0018468201023286307,0.019602851677454458,0.0659813297404388,6,False
41,7,-0.0018468201023286307,0.019602851677454458,0.0659813297404388,7,False
41,8,-0.0018468201023286307,0.019602851677454458,0.0659813297404388,8,False
41,9,-0.0018468201023286307,0.019602851677454458,0.0659813297404388,9,False
41,10,-0.0018468201023286307,0.019602851677454458,0.0659813297404388,10,False
41,11,-0.0018468201023286307,0.019602851677454458,0.0659813297404388,11,False
41,12,-0.0018468201023286307,0.019602851677454458,0.0659813297404388,12,False
41,13,-0.0018468201023286307,0.019602851677454458,0.0659813297404388,13,False
41,14,-0.0018468201023286307,0.019602851677454458,0.0659813297404388,14,False
41,15,-0.0018468201023286307,0.019602851677454458,0.0659813297404388,15,False
41,16,-0.0018468201023286307,0.019602851677454458,0.0659813297404388,16,False
41,17,-0.0018468201023286307,0.019602851677454458,0.0659813297404388,17,False
41,18,-0.0018468201023286307,0.019602851677454458,0.0659813297404388,18,False
41,19,-0.0018468201023286307,0.019602851677454458,0.0659813297404388,19,False
41,20,-0.0018468201023286307,0.019602851677454458,0.0659813297404388,20,False
41,21,-0.0018468201023286307,0.019602851677454458,0.0659813297404388,21,False
41,22,-0.0018468201023286307,0.019602851677454458,0.0659813297404388,22,False
41,23,-0.0018468201023286307,0.019602851677454458,0.0659813297404388,23,False
41,24,-0.0018468201023286307,0.019602851677454458,0.0659813297404388,24,False
41,25,-0.0018468201023286307,0.019602851677454458,0.0659813297404388,25,False
41,26,-0.0018468201023286307,0.019602851677454458,0.0659813297404388,26,False
41,27,-0.0018468201023286307,0.019602851677454458,0.0659813297404388,27,False
41,28,-0.0018468201023286307,0.019602851677454458,0.0659813297404388,28,False
41,29,-0.0018468201023286307,0.019602851677454458,0.0659813297404388,29,False
41,30,-0.0018468201023286307,0.019602851677454458,0.0659813297404388,30,False
41,31,-0.0018468201023286307,0.019602851677454458,0.0659813297404388,31,False
41,32,-0.0018468201023286307,0.019602851677454458,0.0659813297404388,32,False
41,33,-0.0018468201023286307,0.019602851677454458,0.0659813297404388,33,False
41,34,-0.0018468201023286307,0.019602851677454458,0.0659813297404388,34,False
41,35,-0.0018468201023286307,0.019602851677454458,0.0659813297404388,35,False
41,36,-0.0018468201023286307,0.019602851677454458,0.0659813297404388,36,False
41,37,-0.0018468201023286307,0.019602851677454458,0.0659813297404388,37,False
41,38,-0.0018468201023286307,0.019602851677454458,0.0659813297404388,38,False
41,39,-0.0018468201023286307,0.019602851677454458,0.0659813297404388,39,False
41,40,-0.0018468201023286307,0.019602851677454458,0.0659813297404388,40,False
41,41,-0.0018468201023286307,0.019602851677454458,0.0659813297404388,41,False
41,42,-0.0018468201023286307,0.019602851677454458,0.0659813297404388,42,False
41,43,-0.0018468201023286307,0.019602851677454458,0.0659813297404388,43,False
41,44,-0.0018468201023286307,0.019602851677454458,0.0659813297404388,44,False
41,45,0.01374240422998572,0.019602851677454458,0.08291469181120137,45,False
41,46,-0.0018468201023286307,-0.09021272428125321,0.4581335850363186,46,False
41,47,-0.0018468201023286307,-0.15478348892319654,0.9664487147010914,47,False
41,48,-0.0018468201023286307,-0.15478348892319654,0.9664487147010914,48,False
41,49,0.2832536318537171,0.019602851677454458,2.024770900474007,49,False
41,50,0.5376474999688606,0.019602851677454458,3.173352759794039,50,False
42,1,-0.0018468201023286307,0.019602851677454458,0.0659813297404388,1,True
42,2,-0.0018468201023286307,0.019602851677454458,0.0659813297404388,2,False
42,3,-0.0018468201023286307,0.019602851677454458,0.0659813297404388,3,False
42,4,-0.0018468201023286307,0.019602851677454458,0.0659813297404388,4,False
42,5,-0.0018468201023286307,0.019602851677454458,0.0659813297404388,5,False
42,6,-0.0018468201023286307,0.019602851677454458,0.0659813297404388,6,False
42,7,-0.0018468201023286307,0.019602851677454458,0.0659813297404388,7,False
42,8,-0.0018468201023286307,0.019602851677454458,0.0659813297404388,8,False
42,9,-0.0018468201023286307,0.019602851677454458,0.0659813297404388,9,False
42,10,-0.0018468201023286307,0.019602851677454458,0.0659813297404388,10,False
42,11,-0.0018468201023286307,0.019602851677454458,0.0659813297404388,11,False
42,12,-0.0018468201023286307,0.019602851677454458,0.0659813297404388,12,False
42,13,-0.0018468201023286307,0.019602851677454458,0.0659813297404388,13,False
42,14,-0.0018468201023286307,0.019602851677454458,0.0659813297404388,14,False
42,15,-0.0018468201023286307,0.019602851677454458,0.0659813297404388,15,False
42,16,-0.0018468201023286307,0.019602851677454458,0.0659813297404388,16,False
42,17,-0.0018468201023286307,0.019602851677454458,0.0659813297404388,17,False
42,18,-0.0018468201023286307,0.019602851677454458,0.0659813297404388,18,False
42,19,-0.0018468201023286307,0.019602851677454458,0.0659813297404388,19,False
42,20,-0.0018468201023286307,0.019602851677454458,0.0659813297404388,20,False
42,21,-0.0018468201023286307,0.019602851677454458,0.0659813297404388,21,False
42,22,-0.0018468201023286307,0.019602851677454458,0.0659813297404388,22,False
42,23,-0.0018468201023286307,0.019602851677454458,0.0659813297404388,23,False
42,24,-0.0018468201023286307,0.019602851677454458,0.0659813297404388,24,False
42,25,-0.0018468201023286307,0.019602851677454458,0.0659813297404388,25,False
42,26,-0.0018468201023286307,0.019602851677454458,0.0659813297404388,26,False
42,27,-0.0018468201023286307,0.019602851677454458,0.0659813297404388,27,False
42,28,-0.0018468201023286307,0.019602851677454458,0.0659813297404388,28,False
42,29,-0.0018468201023286307,0.019602851677454458,0.0659813297404388,29,False
42,30,-0.0018468201023286307,0.019602851677454458,0.0659813297404388,30,False
42,31,-0.0018468201023286307,0.019602851677454458,0.0659813297404388,31,False
42,32,-0.0018468201023286307,0.019602851677454458,0.0659813297404388,32,False
42,33,-0.0018468201023286307,0.019602851677454458,0.0659813297404388,33,False
42,34,-0.0018468201023286307,0.019602851677454458,0.0659813297404388,34,False
42,35,-0.0018468201023286307,0.019602851677454458,0.0659813297404388,35,False
42,36,-0.0018468201023286307,0.019602851677454458,0.0659813297404388,36,False
42,37,-0.0018468201023286307,0.019602851677454458,0.0659813297404388,37,False
42,38,-0.0018468201023286307,0.019602851677454458,0.0659813297404388,38,False
42,39,-0.0018468201023286307,0.019602851677454458,0.0659813297404388,39,False
42,40,-0.0018468201023286307,0.019602851677454458,0.0659813297404388,40,False
42,41,0.01374240422998572,0.019602851677454458,0.08291469181120137,41,False
42,42,0.01374240422998572,0.019602851677454458,0.08291469181120137,42,False
42,43,0.01374240422998572,0.019602851677454458,0.08291469181120137,43,False
42,44,0.01374240422998572,0.019602851677454458,0.08291469181120137,44,False
42,45,-0.0018468201023286307,-0.09021272428125321,0.4581335850363186,45,False
42,46,-0.0346621610456219,-0.15478348892319654,1.0026055414833768,46,False
42,47,0.2832536318537171,0.019602851677454458,2.024770900474007,47,False
42,48,-0.9698473846443936,0.019602851677454458,2.5982198628880977,48,False
42,49,-0.0018468201023286307,-0.9033365856359575,2.6311569607629406,49,False
42,50,-0.0018468201023286307,-0.4291075087082619,2.8459370966436563,50,False
43,1,-0.0018468201023286307,0.016719078586062835,0.05509309067476709,1,True
43,2,-0.0018468201023286307,0.019602851677454458,0.0659813297404388,2,False
43,3,-0.0018468201023286307,0.019602851677454458,0.0659813297404388,3,False
43,4,-0.0018468201023286307,0.019602851677454458,0.0659813297404388,4,False
43,5,-0.0018468201023286307,0.019602851677454458,0.0659813297404388,5,False
43,6,-0.0018468201023286307,0.019602851677454458,0.0659813297404388,6,False
43,7,-0.0018468201023286307,0.019602851677454458,0.0659813297404388,7,False
43,8,-0.0018468201023286307,0.019602851677454458,0.0659813297404388,8,False
43,9,-0.0018468201023286307,0.019602851677454458,0.0659813297404388,9,False
43,10,-0.0018468201023286307,0.019602851677454458,0.0659813297404388,10,False
43,11,-0.0018468201023286307,0.019602851677454458,0.0659813297404388,11,False
43,12,-0.0018468201023286307,0.019602851677454458,0.0659813297404388,12,False
43,13,-0.0018468201023286307,0.019602851677454458,0.0659813297404388,13,False
43,14,-0.0018468201023286307,0.019602851677454458,0.0659813297404388,14,False
43,15,-0.0018468201023286307,0.019602851677454458,0.0659813297404388,15,False
43,16,-0.0018468201023286307,0.019602851677454458,0.0659813297404388,16,False
43,17,-0.0018468201023286307,0.019602851677454458,0.0659813297404388,17,False
43,18,-0.0018468201023286307,0.019602851677454458,0.0659813297404388,18,False
43,19,-0.0018468201023286307,0.019602851677454458,0.0659813297404388,19,False
43,20,-0.0018468201023286307,0.019602851677454458,0.0659813297404388,20,False
43,21,-0.0018468201023286307,0.019602851677454458,0.0659813297404388,21,False
43,22,-0.0018468201023286307,0.019602851677454458,0.0659813297404388,22,False
43,23,-0.0018468201023286307,0.019602851677454458,0.0659813297404388,23,False
43,24,-0.0018468201023286307,0.019602851677454458,0.0659813297404388,24,False
43,25,-0.0018468201023286307,0.019602851677454458,0.0659813297404388,25,False
43,26,-0.0018468201023286307,0.019602851677454458,0.0659813297404388,26,False
43,27,-0.0018468201023286307,0.019602851677454458,0.0659813297404388,27,False
43,28,-0.0018468201023286307,0.019602851677454458,0.0659813297404388,28,False
43,29,-0.0018468201023286307,0.019602851677454458,0.0659813297404388,29,False
43,30,-0.0018468201023286307,0.019602851677454458,0.0659813297404388,30,False
43,31,-0.0018468201023286307,0.019602851677454458,0.0659813297404388,31,False
43,32,-0.0018468201023286307,0.019602851677454458,0.0659813297404388,32,False
43,33,-0.0018468201023286307,0.019602851677454458,0.0659813297404388,33,False
43,34,-0.0018468201023286307,0.019602851677454458,0.0659813297404388,34,False
43,35,-0.0018468201023286307,0.019602851677454458,0.0659813297404388,35,False
43,36,-0.0018468201023286307,0.019602851677454458,0.0659813297404388,36,False
43,37,-0.0018468201023286307,0.019602851677454458,0.0659813297404388,37,False
43,38,-0.0018468201023286307,0.019602851677454458,0.0659813297404388,38,False
43,39,-0.0018468201023286307,0.019602851677454458,0.0659813297404388,39,False
43,40,-0.0018468201023286307,0.019602851677454458,0.0659813297404388,40,False
43,41,-0.0018468201023286307,0.019602851677454458,0.0659813297404388,41,False
43,42,-0.0018468201023286307,0.019602851677454458,0.0659813297404388,42,False
43,43,0.01374240422998572,0.019602851677454458,0.08291469181120137,43,False
43,44,0.01374240422998572,0.019602851677454458,0.08291469181120137,44,False
43,45,0.01374240422998572,0.019602851677454458,0.08291469181120137,45,False
43,46,0.01374240422998572,0.019602851677454458,0.08291469181120137,46,False
43,47,0.01374240422998572,0.019602851677454458,0.08291469181120137,47,False
43,48,-0.0018468201023286307,-0.050434868935025856,0.2091660613203321,48,False
43,49,0.25090120200180893,0.019602851677454458,1.779737673607276,49,False
43,50,-0.0018468201023286307,-0.4732252328058858,3.0059188663988086,50,False
44,1,-0.0018468201023286307,0.016719078586062835,0.05509309067476709,1,True
44,2,-0.0018468201023286307,0.016719078586062835,0.05509309067476709,2,False
44,3,-0.0018468201023286307,0.019602851677454458,0.0659813297404388,3,False
44,4,-0.0018468201023286307,0.019602851677454458,0.0659813297404388,4,False
44,5,-0.0018468201023286307,0.019602851677454458,0.0659813297404388,5,False
44,6,-0.0018468201023286307,0.019602851677454458,0.0659813297404388,6,False
44,7,-0.0018468201023286307,0.019602851677454458,0.0659813297404388,7,False
44,8,-0.0018468201023286307,0.019602851677454458,0.0659813297404388,8,False
44,9,-0.0018468201023286307,0.019602851677454458,0.0659813297404388,9,False
44,10,-0.0018468201023286307,0.019602851677454458,0.0659813297404388,10,False
44,11,-0.0018468201023286307,0.019602851677454458,0.0659813297404388,11,False
44,12,-0.0018468201023286307,0.019602851677454458,0.0659813297404388,12,False
44,13,-0.0018468201023286307,0.019602851677454458,0.0659813297404388,13,False
44,14,-0.0018468201023286307,0.019602851677454458,0.0659813297404388,14,False
44,15,-0.0018468201023286307,0.019602851677454458,0.0659813297404388,15,False
44,16,-0.0018468201023286307,0.019602851677454458,0.0659813297404388,16,False
44,17,-0.0018468201023286307,0.019602851677454458,0.0659813297404388,17,False
44,18,-0.0018468201023286307,0.019602851677454458,0.0659813297404388,18,False
44,19,-0.0018468201023286307,0.019602851677454458,0.0659813297404388,19,False
44,20,-0.0018468201023286307,0.019602851677454458,0.0659813297404388,20,False
44,21,-0.0018468201023286307,0.019602851677454458,0.0659813297404388,21,False
44,22,-0.0018468201023286307,0.019602851677454458,0.0659813297404388,22,False
44,23,-0.0018468201023286307,0.019602851677454458,0.0659813297404388,23,False
44,24,-0.0018468201023286307,0.019602851677454458,0.0659813297404388,24,False
44,25,-0.0018468201023286307,0.019602851677454458,0.0659813297404388,25,False
44,26,-0.0018468201023286307,0.019602851677454458,0.0659813297404388,26,False
44,27,-0.0018468201023286307,0.019602851677454458,0.0659813297404388,27,False
44,28,-0.0018468201023286307,0.019602851677454458,0.0659813297404388,28,False
44,29,-0.0018468201023286307,0.019602851677454458,0.0659813297404388,29,False
44,30,-0.0018468201023286307,0.019602851677454458,0.0659813297404388,30,False
44,31,-0.0018468201023286307,0.019602851677454458,0.0659813297404388,31,False
44,32,-0.0018468201023286307,0.019602851677454458,0.0659813297404388,32,False
44,33,-0.0018468201023286307,0.019602851677454458,0.0659813297404388,33,False
44,34,-0.0018468201023286307,0.019602851677454458,0.0659813297404388,34,False
44,35,-0.0018468201023286307,0.019602851677454458,0.0659813297404388,35,False
44,36,-0.0018468201023286307,0.019602851677454458,0.0659813297404388,36,False
44,37,-0.0018468201023286307,0.019602851677454458,0.0659813297404388,37,False
44,38,-0.0018468201023286307,0.019602851677454458,0.0659813297404388,38,False
44,39,-0.0018468201023286307,0.019602851677454458,0.0659813297404388,39,False
44,40,-0.0018468201023286307,0.019602851677454458,0.0659813297404388,40,False
44,41,-0.0018468201023286307,0.019602851677454458,0.0659813297404388,41,False
44,42,-0.0018468201023286307,0.019602851677454458,0.0659813297404388,42,False
44,43,-0.0018468201023286307,0.019602851677454458,0.0659813297404388,43,False
44,44,-0.0018468201023286307,0.019602851677454458,0.0659813297404388,44,False
44,45,0.01374240422998572,0.019602851677454458,0.08291469181120137,45,False
44,46,0.01374240422998572,0.019602851677454458,0.08291469181120137,46,False
44,47,0.01374240422998572,0.019602851677454458,0.08291469181120137,47,False
44,48,0.01374240422998572,0.019602851677454458,0.08291469181120137,48,False
44,49,0.01374240422998572,0.019602851677454458,0.08291469181120137,49,False
44,50,-0.020573362593978385,0.019602851677454458,0.10176471680226173,50,False
45,1,-0.0018468201023286307,0.015647356615091253,0.05116171862174257,1,True
45,2,-0.0018468201023286307,0.016719078586062835,0.05509309067476709,2,False
45,3,-0.0018468201023286307,0.016719078586062835,0.05509309067476709,3,False
45,4,-0.0018468201023286307,0.016719078586062835,0.05509309067476709,4,False
45,5,-0.0018468201023286307,0.019602851677454458,0.0659813297404388,5,False
45,6,-0.0018468201023286307,0.019602851677454458,0.0659813297404388,6,False
45,7,-0.0018468201023286307,0.019602851677454458,0.0659813297404388,7,False
45,8,-0.0018468201023286307,0.019602851677454458,0.0659813297404388,8,False
45,9,-0.0018468201023286307,0.019602851677454458,0.0659813297404388,9,False
45,10,-0.0018468201023286307,0.019602851677454458,0.0659813297404388,10,False
45,11,-0.0018468201023286307,0.019602851677454458,0.0659813297404388,11,False
45,12,-0.0018468201023286307,0.019602851677454458,0.0659813297404388,12,False
45,13,-0.0018468201023286307,0.019602851677454458,0.0659813297404388,13,False
45,14,-0.0018468201023286307,0.019602851677454458,0.0659813297404388,14,False
45,15,-0.0018468201023286307,0.019602851677454458,0.0659813297404388,15,False
45,16,-0.0018468201023286307,0.019602851677454458,0.0659813297404388,16,False
45,17,-0.0018468201023286307,0.019602851677454458,0.0659813297404388,17,False
45,18,-0.0018468201023286307,0.019602851677454458,0.0659813297404388,18,False
45,19,-0.0018468201023286307,0.019602851677454458,0.0659813297404388,19,False
45,20,-0.0018468201023286307,0.019602851677454458,0.0659813297404388,20,False
45,21,-0.0018468201023286307,0.019602851677454458,0.0659813297404388,21,False
45,22,-0.0018468201023286307,0.019602851677454458,0.0659813297404388,22,False
45,23,-0.0018468201023286307,0.019602851677454458,0.0659813297404388,23,False
45,24,-0.0018468201023286307,0.019602851677454458,0.0659813297404388,24,False
45,25,-0.0018468201023286307,0.019602851677454458,0.0659813297404388,25,False
45,26,-0.0018468201023286307,0.019602851677454458,0.0659813297404388,26,False
45,27,-0.0018468201023286307,0.019602851677454458,0.0659813297404388,27,False
45,28,-0.0018468201023286307,0.019602851677454458,0.0659813297404388,28,False
45,29,-0.0018468201023286307,0.019602851677454458,0.0659813297404388,29,False
45,30,-0.0018468201023286307,0.019602851677454458,0.0659813297404388,30,False
45,31,-0.0018468201023286307,0.019602851677454458,0.0659813297404388,31,False
45,32,-0.0018468201023286307,0.019602851677454458,0.0659813297404388,32,False
45,33,-0.0018468201023286307,0.019602851677454458,0.0659813297404388,33,False
45,34,-0.0018468201023286307,0.019602851677454458,0.0659813297404388,34,False
45,35,-0.0018468201023286307,0.019602851677454458,0.0659813297404388,35,False
45,36,-0.0018468201023286307,0.019602851677454458,0.0659813297404388,36,False
45,37,-0.0018468201023286307,0.019602851677454458,0.0659813297404388,37,False
45,38,-0.0018468201023286307,0.019602851677454458,0.0659813297404388,38,False
45,39,-0.0018468201023286307,0.019602851677454458,0.0659813297404388,39,False
45,40,-0.0018468201023286307,0.019602851677454458,0.0659813297404388,40,False
45,41,-0.0018468201023286307,0.019602851677454458,0.0659813297404388,41,False
45,42,-0.0018468201023286307,0.019602851677454458,0.0659813297404388,42,False
45,43,-0.0018468201023286307,0.019602851677454458,0.0659813297404388,43,False
45,44,-0.0018468201023286307,0.019602851677454458,0.0659813297404388,44,False
45,45,-0.0018468201023286307,0.019602851677454458,0.0659813297404388,45,False
45,46,0.01374240422998572,0.019602851677454458,0.08291469181120137,46,False
45,47,0.01374240422998572,0.019602851677454458,0.08291469181120137,47,False
45,48,-0.0018468201023286307,0.11724390092230663,0.6595223511286545,48,False
45,49,-0.0018468201023286307,-0.22395505352135917,1.5532331472605923,49,False
45,50,0.01374240422998572,0.25582835885510496,1.8141453171830837,50,False
46,1,-0.0018468201023286307,0.015647356615091253,0.05116171862174257,1,True
46,2,-0.0018468201023286307,0.015647356615091253,0.05116171862174257,2,False
46,3,-0.0018468201023286307,0.016719078586062835,0.05509309067476709,3,False
46,4,-0.0018468201023286307,0.016719078586062835,0.05509309067476709,4,False
46,5,-0.0018468201023286307,0.019602851677454458,0.0659813297404388,5,False
46,6,-0.0018468201023286307,0.019602851677454458,0.0659813297404388,6,False
46,7,-0.0018468201023286307,0.019602851677454458,0.0659813297404388,7,False
46,8,-0.0018468201023286307,0.019602851677454458,0.0659813297404388,8,False
46,9,-0.0018468201023286307,0.019602851677454458,0.0659813297404388,9,False
46,10,-0.0018468201023286307,0.019602851677454458,0.0659813297404388,10,False
46,11,-0.0018468201023286307,0.019602851677454458,0.0659813297404388,11,False
46,12,-0.0018468201023286307,0.019602851677454458,0.0659813297404388,12,False
46,13,-0.0018468201023286307,0.019602851677454458,0.0659813297404388,13,False
46,14,-0.0018468201023286307,0.019602851677454458,0.0659813297404388,14,False
46,15,-0.0018468201023286307,0.019602851677454458,0.0659813297404388,15,False
46,16,-0.0018468201023286307,0.019602851677454458,0.0659813297404388,16,False
46,17,-0.0018468201023286307,0.019602851677454458,0.0659813297404388,17,False
46,18,-0.0018468201023286307,0.019602851677454458,0.0659813297404388,18,False
46,19,-0.0018468201023286307,0.019602851677454458,0.0659813297404388,19,False
46,20,-0.0018468201023286307,0.019602851677454458,0.0659813297404388,20,False
46,21,-0.0018468201023286307,0.019602851677454458,0.0659813297404388,21,False
46,22,-0.0018468201023286307,0.019602851677454458,0.0659813297404388,22,False
46,23,-0.0018468201023286307,0.019602851677454458,0.0659813297404388,23,False
46,24,-0.0018468201023286307,0.019602851677454458,0.0659813297404388,24,False
46,25,-0.0018468201023286307,0.019602851677454458,0.0659813297404388,25,False
46,26,-0.0018468201023286307,0.019602851677454458,0.0659813297404388,26,False
46,27,-0.0018468201023286307,0.019602851677454458,0.0659813297404388,27,False
46,28,-0.0018468201023286307,0.019602851677454458,0.0659813297404388,28,False
46,29,-0.0018468201023286307,0.019602851677454458,0.0659813297404388,29,False
46,30,-0.0018468201023286307,0.019602851677454458,0.0659813297404388,30,False
46,31,-0.0018468201023286307,0.019602851677454458,0.0659813297404388,31,False
46,32,-0.0018468201023286307,0.019602851677454458,0.0659813297404388,32,False
46,33,-0.0018468201023286307,0.019602851677454458,0.0659813297404388,33,False
46,34,-0.0018468201023286307,0.019602851677454458,0.0659813297404388,34,False
46,35,-0.0018468201023286307,0.019602851677454458,0.0659813297404388,35,False
46,36,-0.0018468201023286307,0.019602851677454458,0.0659813297404388,36,False
46,37,-0.0018468201023286307,0.019602851677454458,0.0659813297404388,37,False
46,38,-0.0018468201023286307,0.019602851677454458,0.0659813297404388,38,False
46,39,-0.0018468201023286307,0.019602851677454458,0.0659813297404388,39,False
46,40,-0.0018468201023286307,0.019602851677454458,0.0659813297404388,40,False
46,41,-0.0018468201023286307,0.019602851677454458,0.0659813297404388,41,False
46,42,-0.0018468201023286307,0.019602851677454458,0.0659813297404388,42,False
46,43,-0.0018468201023286307,0.019602851677454458,0.0659813297404388,43,False
46,44,-0.0018468201023286307,0.019602851677454458,0.0659813297404388,44,False
46,45,0.01374240422998572,0.019602851677454458,0.08291469181120137,45,False
46,46,0.01374240422998572,0.019602851677454458,0.08291469181120137,46,False
46,47,-0.08931176110424868,0.019602851677454458,0.4671287010579097,47,False
46,48,-0.2830310115639241,0.019602851677454458,2.0231539168812493,48,False
46,49,0.5606195977499928,0.019602851677454458,3.2110556701133928,49,False
46,50,-0.6415418640630768,0.019602851677454458,3.2550167531713794,50,False
47,1,-0.0018468201023286307,0.015647356615091253,0.05116171862174257,1,True
47,2,-0.0018468201023286307,0.015647356615091253,0.05116171862174257,2,False
47,3,-0.0018468201023286307,0.015647356615091253,0.05116171862174257,3,False
47,4,-0.0018468201023286307,0.015647356615091253,0.05116171862174257,4,False
47,5,-0.0018468201023286307,0.016719078586062835,0.05509309067476709,5,False
47,6,-0.0018468201023286307,0.016719078586062835,0.05509309067476709,6,False
47,7,-0.0018468201023286307,0.016719078586062835,0.05509309067476709,7,False
47,8,-0.0018468201023286307,0.016719078586062835,0.05509309067476709,8,False
47,9,-0.0018468201023286307,0.019602851677454458,0.0659813297404388,9,False
47,10,-0.0018468201023286307,0.019602851677454458,0.0659813297404388,10,False
47,11,-0.0018468201023286307,0.019602851677454458,0.0659813297404388,11,False
47,12,-0.0018468201023286307,0.019602851677454458,0.0659813297404388,12,False
47,13,-0.0018468201023286307,0.019602851677454458,0.0659813297404388,13,False
47,14,-0.0018468201023286307,0.019602851677454458,0.0659813297404388,14,False
47,15,-0.0018468201023286307,0.019602851677454458,0.0659813297404388,15,False
47,16,-0.0018468201023286307,0.019602851677454458,0.0659813297404388,16,False
47,17,-0.0018468201023286307,0.019602851677454458,0.0659813297404388,17,False
47,18,-0.0018468201023286307,0.019602851677454458,0.0659813297404388,18,False
47,19,-0.0018468201023286307,0.019602851677454458,0.0659813297404388,19,False
47,20,-0.0018468201023286307,0.019602851677454458,0.0659813297404388,20,False
47,21,-0.0018468201023286307,0.019602851677454458,0.0659813297404388,21,False
47,22,-0.0018468201023286307,0.019602851677454458,0.0659813297404388,22,False
47,23,-0.0018468201023286307,0.019602851677454458,0.0659813297404388,23,False
47,24,-0.0018468201023286307,0.019602851677454458,0.0659813297404388,24,False
47,25,-0.0018468201023286307,0.019602851677454458,0.0659813297404388,25,False
47,26,-0.0018468201023286307,0.019602851677454458,0.0659813297404388,26,False
47,27,-0.0018468201023286307,0.019602851677454458,0.0659813297404388,27,False
47,28,-0.0018468201023286307,0.019602851677454458,0.0659813297404388,28,False
47,29,-0.0018468201023286307,0.019602851677454458,0.0659813297404388,29,False
47,30,-0.0018468201023286307,0.019602851677454458,0.0659813297404388,30,False
47,31,-0.0018468201023286307,0.019602851677454458,0.0659813297404388,31,False
47,32,-0.0018468201023286307,0.019602851677454458,0.0659813297404388,32,False
47,33,-0.0018468201023286307,0.019602851677454458,0.0659813297404388,33,False
47,34,-0.0018468201023286307,0.019602851677454458,0.0659813297404388,34,False
47,35,-0.0018468201023286307,0.019602851677454458,0.0659813297404388,35,False
47,36,-0.0018468201023286307,0.019602851677454458,0.0659813297404388,36,False
47,37,-0.0018468201023286307,0.019602851677454458,0.0659813297404388,37,False
47,38,-0.0018468201023286307,0.019602851677454458,0.0659813297404388,38,False
47,39,-0.0018468201023286307,0.019602851677454458,0.0659813297404388,39,False
47,40,-0.0018468201023286307,0.019602851677454458,0.0659813297404388,40,False
47,41,-0.0018468201023286307,0.019602851677454458,0.0659813297404388,41,False
47,42,-0.0018468201023286307,0.019602851677454458,0.0659813297404388,42,False
47,43,-0.0018468201023286307,0.019602851677454458,0.0659813297404388,43,False
47,44,0.01374240422998572,0.019602851677454458,0.08291469181120137,44,False
47,45,0.01374240422998572,0.019602851677454458,0.08291469181120137,45,False
47,46,0.01374240422998572,0.019602851677454458,0.08291469181120137,46,False
47,47,-0.0018468201023286307,0.30677999331707223,2.1829377097886824,47,False
47,48,-0.0018468201023286307,0.37180868595550365,2.576765122784185,48,False
47,49,-0.9216743150035608,0.016719078586062835,2.6081690587976394,49,False
47,50,-0.4915358221969746,0.019602851677454458,3.06544114642189,50,False
48,1,-0.0018468201023286307,0.015647356615091253,0.05116171862174257,1,True
48,2,-0.0018468201023286307,0.015647356615091253,0.05116171862174257,2,False
48,3,-0.0018468201023286307,0.015647356615091253,0.05116171862174257,3,False
48,4,-0.0018468201023286307,0.015647356615091253,0.05116171862174257,4,False
48,5,-0.0018468201023286307,0.015647356615091253,0.05116171862174257,5,False
48,6,-0.0018468201023286307,0.016719078586062835,0.05509309067476709,6,False
48,7,-0.0018468201023286307,0.016719078586062835,0.05509309067476709,7,False
48,8,-0.0018468201023286307,0.016719078586062835,0.05509309067476709,8,False
48,9,-0.0018468201023286307,0.016719078586062835,0.05509309067476709,9,False
48,10,-0.0018468201023286307,0.016719078586062835,0.05509309067476709,10,False
48,11,-0.0018468201023286307,0.016719078586062835,0.05509309067476709,11,False
48,12,-0.0018468201023286307,0.019602851677454458,0.0659813297404388,12,False
48,13,-0.0018468201023286307,0.019602851677454458,0.0659813297404388,13,False
48,14,-0.0018468201023286307,0.019602851677454458,0.0659813297404388,14,False
48,15,-0.0018468201023286307,0.019602851677454458,0.0659813297404388,15,False
48,16,-0.0018468201023286307,0.019602851677454458,0.0659813297404388,16,False
48,17,-0.0018468201023286307,0.019602851677454458,0.0659813297404388,17,False
48,18,-0.0018468201023286307,0.019602851677454458,0.0659813297404388,18,False
48,19,-0.0018468201023286307,0.019602851677454458,0.0659813297404388,19,False
48,20,-0.0018468201023286307,0.019602851677454458,0.0659813297404388,20,False
48,21,-0.0018468201023286307,0.019602851677454458,0.0659813297404388,21,False
48,22,-0.0018468201023286307,0.019602851677454458,0.0659813297404388,22,False
48,23,-0.0018468201023286307,0.019602851677454458,0.0659813297404388,23,False
48,24,-0.0018468201023286307,0.019602851677454458,0.0659813297404388,24,False
48,25,-0.0018468201023286307,0.019602851677454458,0.0659813297404388,25,False
48,26,-0.0018468201023286307,0.019602851677454458,0.0659813297404388,26,False
48,27,-0.0018468201023286307,0.019602851677454458,0.0659813297404388,27,False
48,28,-0.0018468201023286307,0.019602851677454458,0.0659813297404388,28,False
48,29,-0.0018468201023286307,0.019602851677454458,0.0659813297404388,29,False
48,30,-0.0018468201023286307,0.019602851677454458,0.0659813297404388,30,False
48,31,-0.0018468201023286307,0.019602851677454458,0.0659813297404388,31,False
48,32,-0.0018468201023286307,0.019602851677454458,0.0659813297404388,32,False
48,33,-0.0018468201023286307,0.019602851677454458,0.0659813297404388,33,False
48,34,-0.0018468201023286307,0.019602851677454458,0.0659813297404388,34,False
48,35,-0.0018468201023286307,0.019602851677454458,0.0659813297404388,35,False
48,36,-0.0018468201023286307,0.019602851677454458,0.0659813297404388,36,False
48,37,-0.0018468201023286307,0.019602851677454458,0.0659813297404388,37,False
48,38,-0.0018468201023286307,0.019602851677454458,0.0659813297404388,38,False
48,39,-0.0018468201023286307,0.019602851677454458,0.0659813297404388,39,False
48,40,-0.0018468201023286307,0.019602851677454458,0.0659813297404388,40,False
48,41,-0.0018468201023286307,0.019602851677454458,0.0659813297404388,41,False
48,42,-0.0018468201023286307,0.019602851677454458,0.0659813297404388,42,False
48,43,-0.0018468201023286307,0.019602851677454458,0.0659813297404388,43,False
48,44,-0.0018468201023286307,0.019602851677454458,0.0659813297404388,44,False
48,45,0.01374240422998572,0.019602851677454458,0.08291469181120137,45,False
48,46,-0.0018468201023286307,-0.19879492837646037,1.3416884847911246,46,False
48,47,0.2303781586453818,0.019602851677454458,1.6150177057345307,47,False
48,48,-0.0018468201023286307,-0.29829842659636097,2.1246148477757036,48,False
48,49,-0.0018468201023286307,0.30677999331707223,2.1829377097886824,49,False
48,50,0.38902329392158,0.019602851677454458,2.670665949744475,50,False
49,1,-0.0018468201023286307,0.015647356615091253,0.05116171862174257,1,True
49,2,-0.0018468201023286307,0.015647356615091253,0.05116171862174257,2,False
49,3,-0.0018468201023286307,0.016719078586062835,0.05509309067476709,3,False
49,4,-0.0018468201023286307,0.016719078586062835,0.05509309067476709,4,False
49,5,-0.0018468201023286307,0.016719078586062835,0.05509309067476709,5,False
49,6,-0.0018468201023286307,0.016719078586062835,0.05509309067476709,6,False
49,7,-0.0018468201023286307,0.016719078586062835,0.05509309067476709,7,False
49,8,-0.0018468201023286307,0.016719078586062835,0.05509309067476709,8,False
49,9,-0.0018468201023286307,0.016719078586062835,0.05509309067476709,9,False
49,10,-0.0018468201023286307,0.016719078586062835,0.05509309067476709,10,False
49,11,-0.0018468201023286307,0.016719078586062835,0.05509309067476709,11,False
49,12,-0.0018468201023286307,0.016719078586062835,0.05509309067476709,12,False
49,13,-0.0018468201023286307,0.016719078586062835,0.05509309067476709,13,False
49,14,-0.0018468201023286307,0.019602851677454458,0.0659813297404388,14,False
49,15,-0.0018468201023286307,0.019602851677454458,0.0659813297404388,15,False
49,16,-0.0018468201023286307,0.019602851677454458,0.0659813297404388,16,False
49,17,-0.0018468201023286307,0.019602851677454458,0.0659813297404388,17,False
49,18,-0.0018468201023286307,0.019602851677454458,0.0659813297404388,18,False
49,19,-0.0018468201023286307,0.019602851677454458,0.0659813297404388,19,False
49,20,-0.0018468201023286307,0.019602851677454458,0.0659813297404388,20,False
49,21,-0.0018468201023286307,0.019602851677454458,0.0659813297404388,21,False
49,22,-0.0018468201023286307,0.019602851677454458,0.0659813297404388,22,False
49,23,-0.0018468201023286307,0.019602851677454458,0.0659813297404388,23,False
49,24,-0.0018468201023286307,0.019602851677454458,0.0659813297404388,24,False
49,25,-0.0018468201023286307,0.019602851677454458,0.0659813297404388,25,False
49,26,-0.0018468201023286307,0.019602851677454458,0.0659813297404388,26,False
49,27,-0.0018468201023286307,0.019602851677454458,0.0659813297404388,27,False
49,28,-0.0018468201023286307,0.019602851677454458,0.0659813297404388,28,False
49,29,-0.0018468201023286307,0.019602851677454458,0.0659813297404388,29,False
49,30,-0.0018468201023286307,0.019602851677454458,0.0659813297404388,30,False
49,31,-0.0018468201023286307,0.019602851677454458,0.0659813297404388,31,False
49,32,-0.0018468201023286307,0.019602851677454458,0.0659813297404388,32,False
49,33,-0.0018468201023286307,0.019602851677454458,0.0659813297404388,33,False
49,34,-0.0018468201023286307,0.019602851677454458,0.0659813297404388,34,False
49,35,-0.0018468201023286307,0.019602851677454458,0.0659813297404388,35,False
49,36,-0.0018468201023286307,0.019602851677454458,0.0659813297404388,36,False
49,37,-0.0018468201023286307,0.019602851677454458,0.0659813297404388,37,False
49,38,-0.0018468201023286307,0.019602851677454458,0.0659813297404388,38,False
49,39,-0.0018468201023286307,0.019602851677454458,0.0659813297404388,39,False
49,40,-0.0018468201023286307,0.019602851677454458,0.0659813297404388,40,False
49,41,-0.0018468201023286307,0.019602851677454458,0.0659813297404388,41,False
49,42,-0.0018468201023286307,0.019602851677454458,0.0659813297404388,42,False
49,43,-0.0018468201023286307,0.019602851677454458,0.0659813297404388,43,False
49,44,-0.0018468201023286307,0.019602851677454458,0.0659813297404388,44,False
49,45,-0.0018468201023286307,0.019602851677454458,0.0659813297404388,45,False
49,46,-0.0018468201023286307,0.019602851677454458,0.0659813297404388,46,False
49,47,-0.0018468201023286307,0.019602851677454458,0.0659813297404388,47,False
49,48,0.01374240422998572,0.019602851677454458,0.08291469181120137,48,False
49,49,-0.0018468201023286307,-0.19879492837646037,1.3416884847911246,49,False
49,50,-0.0018468201023286307,-0.22271924313039881,1.5429866328798352,50,False
50,1,-0.0018468201023286307,0.015647356615091253,0.05116171862174257,1,True
50,2,-0.0018468201023286307,0.015647356615091253,0.05116171862174257,2,False
50,3,-0.0018468201023286307,0.015647356615091253,0.05116171862174257,3,False
50,4,-0.0018468201023286307,0.016719078586062835,0.05509309067476709,4,False
50,5,-0.0018468201023286307,0.016719078586062835,0.05509309067476709,5,False
50,6,-0.0018468201023286307,0.016719078586062835,0.05509309067476709,6,False
50,7,-0.0018468201023286307,0.016719078586062835,0.05509309067476709,7,False
50,8,-0.0018468201023286307,0.016719078586062835,0.05509309067476709,8,False
50,9,-0.0018468201023286307,0.016719078586062835,0.05509309067476709,9,False
50,10,-0.0018468201023286307,0.016719078586062835,0.05509309067476709,10,False
50,11,-0.0018468201023286307,0.016719078586062835,0.05509309067476709,11,False
50,12,-0.0018468201023286307,0.016719078586062835,0.05509309067476709,12,False
50,13,-0.0018468201023286307,0.016719078586062835,0.05509309067476709,13,False
50,14,-0.0018468201023286307,0.016719078586062835,0.05509309067476709,14,False
50,15,-0.0018468201023286307,0.019602851677454458,0.0659813297404388,15,False
50,16,-0.0018468201023286307,0.019602851677454458,0.0659813297404388,16,False
50,17,-0.0018468201023286307,0.019602851677454458,0.0659813297404388,17,False
50,18,-0.0018468201023286307,0.019602851677454458,0.0659813297404388,18,False
50,19,-0.0018468201023286307,0.019602851677454458,0.0659813297404388,19,False
50,20,-0.0018468201023286307,0.019602851677454458,0.0659813297404388,20,False
50,21,-0.0018468201023286307,0.019602851677454458,0.0659813297404388,21,False
50,22,-0.0018468201023286307,0.019602851677454458,0.0659813297404388,22,False
50,23,-0.0018468201023286307,0.019602851677454458,0.0659813297404388,23,False
50,24,-0.0018468201023286307,0.019602851677454458,0.0659813297404388,24,False
50,25,-0.0018468201023286307,0.019602851677454458,0.0659813297404388,25,False
50,26,-0.0018468201023286307,0.019602851677454458,0.0659813297404388,26,False
50,27,-0.0018468201023286307,0.019602851677454458,0.0659813297404388,27,False
50,28,-0.0018468201023286307,0.019602851677454458,0.0659813297404388,28,False
50,29,-0.0018468201023286307,0.019602851677454458,0.0659813297404388,29,False
50,30,-0.0018468201023286307,0.019602851677454458,0.0659813297404388,30,False
50,31,-0.0018468201023286307,0.019602851677454458,0.0659813297404388,31,False
50,32,-0.0018468201023286307,0.019602851677454458,0.0659813297404388,32,False
50,33,-0.0018468201023286307,0.019602851677454458,0.0659813297404388,33,False
50,34,-0.0018468201023286307,0.019602851677454458,0.0659813297404388,34,False
50,35,-0.0018468201023286307,0.019602851677454458,0.0659813297404388,35,False
50,36,-0.0018468201023286307,0.019602851677454458,0.0659813297404388,36,False
50,37,-0.0018468201023286307,0.019602851677454458,0.0659813297404388,37,False
50,38,-0.0018468201023286307,0.019602851677454458,0.0659813297404388,38,False
50,39,-0.0018468201023286307,0.019602851677454458,0.0659813297404388,39,False
50,40,-0.0018468201023286307,0.019602851677454458,0.0659813297404388,40,False
50,41,-0.0018468201023286307,0.019602851677454458,0.0659813297404388,41,False
50,42,-0.0018468201023286307,0.019602851677454458,0.0659813297404388,42,False
50,43,-0.0018468201023286307,0.019602851677454458,0.0659813297404388,43,False
50,44,-0.0018468201023286307,0.019602851677454458,0.0659813297404388,44,False
50,45,0.01374240422998572,0.019602851677454458,0.08291469181120137,45,False
50,46,-0.06264611527559985,0.019602851677454458,0.2966689729914873,46,False
50,47,-0.0018468201023286307,-0.10460875230806219,0.5627430044648745,47,False
50,48,-0.0018468201023286307,-0.19879492837646037,1.3416884847911246,48,False
50,49,-0.0018468201023286307,-0.38264605809375124,2.6331691985682366,49,False
50,50,-0.0018468201023286307,-0.40070900190461795,2.721426556211878,50,False
51,1,-0.0018468201023286307,0.015647356615091253,0.05116171862174257,1,True
51,2,-0.0018468201023286307,0.015647356615091253,0.05116171862174257,2,False
51,3,-0.0018468201023286307,0.015647356615091253,0.05116171862174257,3,False
51,4,-0.0018468201023286307,0.015647356615091253,0.05116171862174257,4,False
51,5,-0.0018468201023286307,0.016719078586062835,0.05509309067476709,5,False
51,6,-0.0018468201023286307,0.016719078586062835,0.05509309067476709,6,False
51,7,-0.0018468201023286307,0.016719078586062835,0.05509309067476709,7,False
51,8,-0.0018468201023286307,0.016719078586062835,0.05509309067476709,8,False
51,9,-0.0018468201023286307,0.016719078586062835,0.05509309067476709,9,False
51,10,-0.0018468201023286307,0.016719078586062835,0.05509309067476709,10,False
51,11,-0.0018468201023286307,0.016719078586062835,0.05509309067476709,11,False
51,12,-0.0018468201023286307,0.019602851677454458,0.0659813297404388,12,False
51,13,-0.0018468201023286307,0.019602851677454458,0.0659813297404388,13,False
51,14,-0.0018468201023286307,0.019602851677454458,0.0659813297404388,14,False
51,15,-0.0018468201023286307,0.019602851677454458,0.0659813297404388,15,False
51,16,-0.0018468201023286307,0.019602851677454458,0.0659813297404388,16,False
51,17,-0.0018468201023286307,0.019602851677454458,0.0659813297404388,17,False
51,18,-0.0018468201023286307,0.019602851677454458,0.0659813297404388,18,False
51,19,-0.0018468201023286307,0.019602851677454458,0.0659813297404388,19,False
51,20,-0.0018468201023286307,0.019602851677454458,0.0659813297404388,20,False
51,21,-0.0018468201023286307,0.019602851677454458,0.0659813297404388,21,False
51,22,-0.0018468201023286307,0.019602851677454458,0.0659813297404388,22,False
51,23,-0.0018468201023286307,0.019602851677454458,0.0659813297404388,23,False
51,24,-0.0018468201023286307,0.019602851677454458,0.0659813297404388,24,False
51,25,-0.0018468201023286307,0.019602851677454458,0.0659813297404388,25,False
51,26,-0.0018468201023286307,0.019602851677454458,0.0659813297404388,26,False
51,27,-0.0018468201023286307,0.019602851677454458,0.0659813297404388,27,False
51,28,-0.0018468201023286307,0.019602851677454458,0.0659813297404388,28,False
51,29,-0.0018468201023286307,0.019602851677454458,0.0659813297404388,29,False
51,30,-0.0018468201023286307,0.019602851677454458,0.0659813297404388,30,False
51,31,-0.0018468201023286307,0.019602851677454458,0.0659813297404388,31,False
51,32,-0.0018468201023286307,0.019602851677454458,0.0659813297404388,32,False
51,33,-0.0018468201023286307,0.019602851677454458,0.0659813297404388,33,False
51,34,-0.0018468201023286307,0.019602851677454458,0.0659813297404388,34,False
51,35,-0.0018468201023286307,0.019602851677454458,0.0659813297404388,35,False
51,36,-0.0018468201023286307,0.019602851677454458,0.0659813297404388,36,False
51,37,-0.0018468201023286307,0.019602851677454458,0.0659813297404388,37,False
51,38,-0.0018468201023286307,0.019602851677454458,0.0659813297404388,38,False
51,39,-0.0018468201023286307,0.019602851677454458,0.0659813297404388,39,False
51,40,-0.0018468201023286307,0.019602851677454458,0.0659813297404388,40,False
51,41,-0.0018468201023286307,0.019602851677454458,0.0659813297404388,41,False
51,42,-0.0018468201023286307,0.019602851677454458,0.0659813297404388,42,False
51,43,-0.0018468201023286307,0.019602851677454458,0.0659813297404388,43,False
51,44,-0.0018468201023286307,0.019602851677454458,0.0659813297404388,44,False
51,45,-0.0018468201023286307,0.019602851677454458,0.0659813297404388,45,False
51,46,-0.047294890143397994,0.016719078586062835,0.2076219946697937,46,False
51,47,-0.0018468201023286307,-0.19879492837646037,1.3416884847911246,47,False
51,48,-0.0018468201023286307,-0.3112589474166179,2.2131023278969946,48,False
51,49,-0.0018468201023286307,-0.32674517134479597,2.3139658749870127,49,False
51,50,-0.0018468201023286307,-0.48224185013909937,3.0337249825918637,50,False
52,1,-0.0018468201023286307,0.015647356615091253,0.05116171862174257,1,True
52,2,-0.0018468201023286307,0.015647356615091253,0.05116171862174257,2,False
52,3,-0.0018468201023286307,0.015647356615091253,0.05116171862174257,3,False
52,4,-0.0018468201023286307,0.015647356615091253,0.05116171862174257,4,False
52,5,-0.0018468201023286307,0.015647356615091253,0.05116171862174257,5,False
52,6,-0.0018468201023286307,0.015647356615091253,0.05116171862174257,6,False
52,7,-0.0018468201023286307,0.016719078586062835,0.05509309067476709,7,False
52,8,-0.0018468201023286307,0.016719078586062835,0.05509309067476709,8,False
52,9,-0.0018468201023286307,0.016719078586062835,0.05509309067476709,9,False
52,10,-0.0018468201023286307,0.019602851677454458,0.0659813297404388,10,False
52,11,-0.0018468201023286307,0.019602851677454458,0.0659813297404388,11,False
52,12,-0.0018468201023286307,0.019602851677454458,0.0659813297404388,12,False
52,13,-0.0018468201023286307,0.019602851677454458,0.0659813297404388,13,False
52,14,-0.0018468201023286307,0.019602851677454458,0.0659813297404388,14,False
52,15,-0.0018468201023286307,0.019602851677454458,0.0659813297404388,15,False
52,16,-0.0018468201023286307,0.019602851677454458,0.0659813297404388,16,False
52,17,-0.0018468201023286307,0.019602851677454458,0.0659813297404388,17,False
52,18,-0.0018468201023286307,0.019602851677454458,0.0659813297404388,18,False
52,19,-0.0018468201023286307,0.019602851677454458,0.0659813297404388,19,False
52,20,-0.0018468201023286307,0.019602851677454458,0.0659813297404388,20,False
52,21,-0.0018468201023286307,0.019602851677454458,0.0659813297404388,21,False
52,22,-0.0018468201023286307,0.019602851677454458,0.0659813297404388,22,False
52,23,-0.0018468201023286307,0.019602851677454458,0.0659813297404388,23,False
52,24,-0.0018468201023286307,0.019602851677454458,0.0659813297404388,24,False
52,25,-0.0018468201023286307,0.019602851677454458,0.0659813297404388,25,False
52,26,-0.0018468201023286307,0.019602851677454458,0.0659813297404388,26,False
52,27,-0.0018468201023286307,0.019602851677454458,0.0659813297404388,27,False
52,28,-0.0018468201023286307,0.019602851677454458,0.0659813297404388,28,False
52,29,-0.0018468201023286307,0.019602851677454458,0.0659813297404388,29,False
52,30,-0.0018468201023286307,0.019602851677454458,0.0659813297404388,30,False
52,31,-0.0018468201023286307,0.019602851677454458,0.0659813297404388,31,False
52,32,-0.0018468201023286307,0.019602851677454458,0.0659813297404388,32,False
52,33,-0.0018468201023286307,0.019602851677454458,0.0659813297404388,33,False
52,34,-0.0018468201023286307,0.019602851677454458,0.0659813297404388,34,False
52,35,-0.0018468201023286307,0.019602851677454458,0.0659813297404388,35,False
52,36,-0.0018468201023286307,0.019602851677454458,0.0659813297404388,36,False
52,37,-0.0018468201023286307,0.019602851677454458,0.0659813297404388,37,False
52,38,-0.0018468201023286307,0.019602851677454458,0.0659813297404388,38,False
52,39,-0.0018468201023286307,0.019602851677454458,0.0659813297404388,39,False
52,40,-0.0018468201023286307,0.019602851677454458,0.0659813297404388,40,False
52,41,-0.0018468201023286307,0.019602851677454458,0.0659813297404388,41,False
52,42,-0.0018468201023286307,0.019602851677454458,0.0659813297404388,42,False
52,43,-0.0018468201023286307,0.019602851677454458,0.0659813297404388,43,False
52,44,-0.0018468201023286307,0.019602851677454458,0.0659813297404388,44,False
52,45,-0.0018468201023286307,0.019602851677454458,0.0659813297404388,45,False
52,46,-0.0018468201023286307,0.019602851677454458,0.0659813297404388,46,False
52,47,-0.0018468201023286307,0.019602851677454458,0.0659813297404388,47,False
52,48,-0.07270586787424464,0.019602851677454458,0.35747668058338933,48,False
52,49,-0.0018468201023286307,-0.19879492837646037,1.3416884847911246,49,False
52,50,-0.0018468201023286307,-0.19879492837646037,1.3416884847911246,50,False
53,1,-0.0018468201023286307,0.015647356615091253,0.05116171862174257,1,True
53,2,-0.0018468201023286307,0.015647356615091253,0.05116171862174257,2,False
53,3,-0.0018468201023286307,0.015647356615091253,0.05116171862174257,3,False
53,4,-0.0018468201023286307,0.015647356615091253,0.05116171862174257,4,False
53,5,-0.0018468201023286307,0.015647356615091253,0.05116171862174257,5,False
53,6,-0.0018468201023286307,0.015647356615091253,0.05116171862174257,6,False
53,7,-0.0018468201023286307,0.015647356615091253,0.05116171862174257,7,False
53,8,-0.0018468201023286307,0.015647356615091253,0.05116171862174257,8,False
53,9,-0.0018468201023286307,0.015647356615091253,0.05116171862174257,9,False
53,10,-0.0018468201023286307,0.016719078586062835,0.05509309067476709,10,False
53,11,-0.0018468201023286307,0.016719078586062835,0.05509309067476709,11,False
53,12,-0.0018468201023286307,0.019602851677454458,0.0659813297404388,12,False
53,13,-0.0018468201023286307,0.019602851677454458,0.0659813297404388,13,False
53,14,-0.0018468201023286307,0.019602851677454458,0.0659813297404388,14,False
53,15,-0.0018468201023286307,0.019602851677454458,0.0659813297404388,15,False
53,16,-0.0018468201023286307,0.019602851677454458,0.0659813297404388,16,False
53,17,-0.0018468201023286307,0.019602851677454458,0.0659813297404388,17,False
53,18,-0.0018468201023286307,0.019602851677454458,0.0659813297404388,18,False
53,19,-0.0018468201023286307,0.019602851677454458,0.0659813297404388,19,False
53,20,-0.0018468201023286307,0.019602851677454458,0.0659813297404388,20,False
53,21,-0.0018468201023286307,0.019602851677454458,0.0659813297404388,21,False
53,22,-0.0018468201023286307,0.019602851677454458,0.0659813297404388,22,False
53,23,-0.0018468201023286307,0.019602851677454458,0.0659813297404388,23,False
53,24,-0.0018468201023286307,0.019602851677454458,0.0659813297404388,24,False
53,25,-0.0018468201023286307,0.019602851677454458,0.0659813297404388,25,False
53,26,-0.0018468201023286307,0.019602851677454458,0.0659813297404388,26,False
53,27,-0.0018468201023286307,0.019602851677454458,0.0659813297404388,27,False
53,28,-0.0018468201023286307,0.019602851677454458,0.0659813297404388,28,False
53,29,-0.0018468201023286307,0.019602851677454458,0.0659813297404388,29,False
53,30,-0.0018468201023286307,0.019602851677454458,0.0659813297404388,30,False
53,31,-0.0018468201023286307,0.019602851677454458,0.0659813297404388,31,False
53,32,-0.0018468201023286307,0.019602851677454458,0.0659813297404388,32,False
53,33,-0.0018468201023286307,0.019602851677454458,0.0659813297404388,33,False
53,34,-0.0018468201023286307,0.019602851677454458,0.0659813297404388,34,False
53,35,-0.0018468201023286307,0.019602851677454458,0.0659813297404388,35,False
53,36,-0.0018468201023286307,0.019602851677454458,0.0659813297404388,36,False
53,37,-0.0018468201023286307,0.019602851677454458,0.0659813297404388,37,False
53,38,-0.0018468201023286307,0.019602851677454458,0.0659813297404388,38,False
53,39,-0.0018468201023286307,0.019602851677454458,0.0659813297404388,39,False
53,40,-0.0018468201023286307,0.019602851677454458,0.0659813297404388,40,False
53,41,-0.0018468201023286307,0.019602851677454458,0.0659813297404388,41,False
53,42,-0.0018468201023286307,0.019602851677454458,0.0659813297404388,42,False
53,43,-0.0018468201023286307,0.019602851677454458,0.0659813297404388,43,False
53,44,-0.0018468201023286307,0.019602851677454458,0.0659813297404388,44,False
53,45,-0.0018468201023286307,0.019602851677454458,0.0659813297404388,45,False
53,46,-0.0018468201023286307,0.019602851677454458,0.0659813297404388,46,False
53,47,-0.0018468201023286307,0.019602851677454458,0.0659813297404388,47,False
53,48,-0.07270586787424464,0.019602851677454458,0.35747668058338933,48,False
53,49,0.47299313130585086,0.019602851677454458,3.0100199593753847,49,False
53,50,0.5339690998422075,0.019602851677454458,3.166315813997674,50,False
54,1,-0.0018468201023286307,0.015647356615091253,0.05116171862174257,1,True
54,2,-0.0018468201023286307,0.015647356615091253,0.05116171862174257,2,False
54,3,-0.0018468201023286307,0.015647356615091253,0.05116171862174257,3,False
54,4,-0.0018468201023286307,0.015647356615091253,0.05116171862174257,4,False
54,5,-0.0018468201023286307,0.015647356615091253,0.05116171862174257,5,False
54,6,-0.0018468201023286307,0.015647356615091253,0.05116171862174257,6,False
54,7,-0.0018468201023286307,0.015647356615091253,0.05116171862174257,7,False
54,8,-0.0018468201023286307,0.015647356615091253,0.05116171862174257,8,False
54,9,-0.0018468201023286307,0.015647356615091253,0.05116171862174257,9,False
54,10,-0.0018468201023286307,0.015647356615091253,0.05116171862174257,10,False
54,11,-0.0018468201023286307,0.015647356615091253,0.05116171862174257,11,False
54,12,-0.0018468201023286307,0.015647356615091253,0.05116171862174257,12,False
54,13,-0.0018468201023286307,0.015647356615091253,0.05116171862174257,13,False
54,14,-0.0018468201023286307,0.015647356615091253,0.05116171862174257,14,False
54,15,-0.0018468201023286307,0.016719078586062835,0.05509309067476709,15,False
54,16,-0.0018468201023286307,0.019602851677454458,0.0659813297404388,16,False
54,17,-0.0018468201023286307,0.019602851677454458,0.0659813297404388,17,False
54,18,-0.0018468201023286307,0.019602851677454458,0.0659813297404388,18,False
54,19,-0.0018468201023286307,0.019602851677454458,0.0659813297404388,19,False
54,20,-0.0018468201023286307,0.019602851677454458,0.0659813297404388,20,False
54,21,-0.0018468201023286307,0.019602851677454458,0.0659813297404388,21,False
54,22,-0.0018468201023286307,0.019602851677454458,0.0659813297404388,22,False
54,23,-0.0018468201023286307,0.019602851677454458,0.0659813297404388,23,False
54,24,-0.0018468201023286307,0.019602851677454458,0.0659813297404388,24,False
54,25,-0.0018468201023286307,0.019602851677454458,0.0659813297404388,25,False
54,26,-0.0018468201023286307,0.019602851677454458,0.0659813297404388,26,False
54,27,-0.0018468201023286307,0.019602851677454458,0.0659813297404388,27,False
54,28,-0.0018468201023286307,0.019602851677454458,0.0659813297404388,28,False
54,29,-0.0018468201023286307,0.019602851677454458,0.0659813297404388,29,False
54,30,-0.0018468201023286307,0.019602851677454458,0.0659813297404388,30,False
54,31,-0.0018468201023286307,0.019602851677454458,0.0659813297404388,31,False
54,32,-0.0018468201023286307,0.019602851677454458,0.0659813297404388,32,False
54,33,-0.0018468201023286307,0.019602851677454458,0.0659813297404388,33,False
54,34,-0.0018468201023286307,0.019602851677454458,0.0659813297404388,34,False
54,35,-0.0018468201023286307,0.019602851677454458,0.0659813297404388,35,False
54,36,-0.0018468201023286307,0.019602851677454458,0.0659813297404388,36,False
54,37,-0.0018468201023286307,0.019602851677454458,0.0659813297404388,37,False
54,38,-0.0018468201023286307,0.019602851677454458,0.0659813297404388,38,False
54,39,-0.0018468201023286307,0.019602851677454458,0.0659813297404388,39,False
54,40,-0.0018468201023286307,0.019602851677454458,0.0659813297404388,40,False
54,41,-0.0018468201023286307,0.019602851677454458,0.0659813297404388,41,False
54,42,-0.0018468201023286307,0.019602851677454458,0.0659813297404388,42,False
54,43,-0.0018468201023286307,0.019602851677454458,0.0659813297404388,43,False
54,44,-0.0018468201023286307,0.019602851677454458,0.0659813297404388,44,False
54,45,-0.0018468201023286307,0.019602851677454458,0.0659813297404388,45,False
54,46,-0.0018468201023286307,0.019602851677454458,0.0659813297404388,46,False
54,47,-0.0018468201023286307,0.019602851677454458,0.0659813297404388,47,False
54,48,-0.0018468201023286307,0.019602851677454458,0.0659813297404388,48,False
54,49,-0.0018468201023286307,0.32539253418785763,2.3053697942487834,49,False
54,50,-0.0018468201023286307,0.8438902131643878,2.7908699706227265,50,False
55,1,-0.0018468201023286307,0.015647356615091253,0.05116171862174257,1,True
55,2,-0.0018468201023286307,0.015647356615091253,0.05116171862174257,2,False
55,3,-0.0018468201023286307,0.015647356615091253,0.05116171862174257,3,False
55,4,-0.0018468201023286307,0.015647356615091253,0.05116171862174257,4,False
55,5,-0.0018468201023286307,0.015647356615091253,0.05116171862174257,5,False
55,6,-0.0018468201023286307,0.015647356615091253,0.05116171862174257,6,False
55,7,-0.0018468201023286307,0.015647356615091253,0.05116171862174257,7,False
55,8,-0.0018468201023286307,0.015647356615091253,0.05116171862174257,8,False
55,9,-0.0018468201023286307,0.015647356615091253,0.05116171862174257,9,False
55,10,-0.0018468201023286307,0.015647356615091253,0.05116171862174257,10,False
55,11,-0.0018468201023286307,0.015647356615091253,0.05116171862174257,11,False
55,12,-0.0018468201023286307,0.015647356615091253,0.05116171862174257,12,False
55,13,-0.0018468201023286307,0.015647356615091253,0.05116171862174257,13,False
55,14,-0.0018468201023286307,0.016719078586062835,0.05509309067476709,14,False
55,15,-0.0018468201023286307,0.016719078586062835,0.05509309067476709,15,False
55,16,-0.0018468201023286307,0.019602851677454458,0.0659813297404388,16,False
55,17,-0.0018468201023286307,0.019602851677454458,0.0659813297404388,17,False
55,18,-0.0018468201023286307,0.019602851677454458,0.0659813297404388,18,False
55,19,-0.0018468201023286307,0.019602851677454458,0.0659813297404388,19,False
55,20,-0.0018468201023286307,0.019602851677454458,0.0659813297404388,20,False
55,21,-0.0018468201023286307,0.019602851677454458,0.0659813297404388,21,False
55,22,-0.0018468201023286307,0.019602851677454458,0.0659813297404388,22,False
55,23,-0.0018468201023286307,0.019602851677454458,0.0659813297404388,23,False
55,24,-0.0018468201023286307,0.019602851677454458,0.0659813297404388,24,False
55,25,-0.0018468201023286307,0.019602851677454458,0.0659813297404388,25,False
55,26,-0.0018468201023286307,0.019602851677454458,0.0659813297404388,26,False
55,27,-0.0018468201023286307,0.019602851677454458,0.0659813297404388,27,False
55,28,-0.0018468201023286307,0.019602851677454458,0.0659813297404388,28,False
55,29,-0.0018468201023286307,0.019602851677454458,0.0659813297404388,29,False
55,30,-0.0018468201023286307,0.019602851677454458,0.0659813297404388,30,False
55,31,-0.0018468201023286307,0.019602851677454458,0.0659813297404388,31,False
55,32,-0.0018468201023286307,0.019602851677454458,0.0659813297404388,32,False
55,33,-0.0018468201023286307,0.019602851677454458,0.0659813297404388,33,False
55,34,-0.0018468201023286307,0.019602851677454458,0.0659813297404388,34,False
55,35,-0.0018468201023286307,0.019602851677454458,0.0659813297404388,35,False
55,36,-0.0018468201023286307,0.019602851677454458,0.0659813297404388,36,False
55,37,-0.0018468201023286307,0.019602851677454458,0.0659813297404388,37,False
55,38,-0.0018468201023286307,0.019602851677454458,0.0659813297404388,38,False
55,39,-0.0018468201023286307,0.019602851677454458,0.0659813297404388,39,False
55,40,-0.0018468201023286307,0.019602851677454458,0.0659813297404388,40,False
55,41,-0.0018468201023286307,0.019602851677454458,0.0659813297404388,41,False
55,42,-0.0018468201023286307,0.019602851677454458,0.0659813297404388,42,False
55,43,-0.0018468201023286307,0.019602851677454458,0.0659813297404388,43,False
55,44,-0.0018468201023286307,0.019602851677454458,0.0659813297404388,44,False
55,45,-0.0018468201023286307,0.019602851677454458,0.0659813297404388,45,False
55,46,-0.0018468201023286307,0.019602851677454458,0.0659813297404388,46,False
55,47,-0.0018468201023286307,0.019602851677454458,0.0659813297404388,47,False
55,48,-0.0018468201023286307,0.019602851677454458,0.0659813297404388,48,False
55,49,-0.0018468201023286307,0.019602851677454458,0.0659813297404388,49,False
55,50,-0.0018468201023286307,0.32539253418785763,2.3053697942487834,50,False
56,1,-0.0018468201023286307,0.015647356615091253,0.05116171862174257,1,True
56,2,-0.0018468201023286307,0.015647356615091253,0.05116171862174257,2,False
56,3,-0.0018468201023286307,0.015647356615091253,0.05116171862174257,3,False
56,4,-0.0018468201023286307,0.015647356615091253,0.05116171862174257,4,False
56,5,-0.0018468201023286307,0.015647356615091253,0.05116171862174257,5,False
56,6,-0.0018468201023286307,0.015647356615091253,0.05116171862174257,6,False
56,7,-0.0018468201023286307,0.015647356615091253,0.05116171862174257,7,False
56,8,-0.0018468201023286307,0.015647356615091253,0.05116171862174257,8,False
56,9,-0.0018468201023286307,0.015647356615091253,0.05116171862174257,9,False
56,10,-0.0018468201023286307,0.015647356615091253,0.05116171862174257,10,False
56,11,-0.0018468201023286307,0.015647356615091253,0.05116171862174257,11,False
56,12,-0.0018468201023286307,0.015647356615091253,0.05116171862174257,12,False
56,13,-0.0018468201023286307,0.015647356615091253,0.05116171862174257,13,False
56,14,-0.0018468201023286307,0.015647356615091253,0.05116171862174257,14,False
56,15,-0.0018468201023286307,0.015647356615091253,0.05116171862174257,15,False
56,16,-0.0018468201023286307,0.015647356615091253,0.05116171862174257,16,False
56,17,-0.0018468201023286307,0.016719078586062835,0.05509309067476709,17,False
56,18,-0.0018468201023286307,0.016719078586062835,0.05509309067476709,18,False
56,19,-0.0018468201023286307,0.019602851677454458,0.0659813297404388,19,False
56,20,-0.0018468201023286307,0.019602851677454458,0.0659813297404388,20,False
56,21,-0.0018468201023286307,0.019602851677454458,0.0659813297404388,21,False
56,22,-0.0018468201023286307,0.019602851677454458,0.0659813297404388,22,False
56,23,-0.0018468201023286307,0.019602851677454458,0.0659813297404388,23,False
56,24,-0.0018468201023286307,0.019602851677454458,0.0659813297404388,24,False
56,25,-0.0018468201023286307,0.019602851677454458,0.0659813297404388,25,False
56,26,-0.0018468201023286307,0.019602851677454458,0.0659813297404388,26,False
56,27,-0.0018468201023286307,0.019602851677454458,0.0659813297404388,27,False
56,28,-0.0018468201023286307,0.019602851677454458,0.0659813297404388,28,False
56,29,-0.0018468201023286307,0.019602851677454458,0.0659813297404388,29,False
56,30,-0.0018468201023286307,0.019602851677454458,0.0659813297404388,30,False
56,31,-0.0018468201023286307,0.019602851677454458,0.0659813297404388,31,False
56,32,-0.0018468201023286307,0.019602851677454458,0.0659813297404388,32,False
56,33,-0.0018468201023286307,0.019602851677454458,0.0659813297404388,33,False
56,34,-0.0018468201023286307,0.019602851677454458,0.0659813297404388,34,False
56,35,-0.0018468201023286307,0.019602851677454458,0.0659813297404388,35,False
56,36,-0.0018468201023286307,0.019602851677454458,0.0659813297404388,36,False
56,37,-0.0018468201023286307,0.019602851677454458,0.0659813297404388,37,False
56,38,-0.0018468201023286307,0.019602851677454458,0.0659813297404388,38,False
56,39,-0.0018468201023286307,0.019602851677454458,0.0659813297404388,39,False
56,40,-0.0018468201023286307,0.019602851677454458,0.0659813297404388,40,False
56,41,-0.0018468201023286307,0.019602851677454458,0.0659813297404388,41,False
56,42,-0.0018468201023286307,0.019602851677454458,0.0659813297404388,42,False
56,43,-0.0018468201023286307,0.019602851677454458,0.0659813297404388,43,False
56,44,-0.0018468201023286307,0.019602851677454458,0.0659813297404388,44,False
56,45,-0.0018468201023286307,0.019602851677454458,0.0659813297404388,45,False
56,46,-0.0018468201023286307,0.019602851677454458,0.0659813297404388,46,False
56,47,-0.0018468201023286307,0.019602851677454458,0.0659813297404388,47,False
56,48,-0.0018468201023286307,-0.2980141638837105,2.1226331505703375,48,False
56,49,-0.0018468201023286307,0.474133605580003,3.0087946348883645,49,False
56,50,0.7439364381220545,0.019602851677454458,3.1046993333784774,50,False
57,1,-0.0018468201023286307,0.015647356615091253,0.05116171862174257,1,True
57,2,-0.0018468201023286307,0.015647356615091253,0.05116171862174257,2,False
57,3,-0.0018468201023286307,0.015647356615091253,0.05116171862174257,3,False
57,4,-0.0018468201023286307,0.015647356615091253,0.05116171862174257,4,False
57,5,-0.0018468201023286307,0.015647356615091253,0.05116171862174257,5,False
57,6,-0.0018468201023286307,0.015647356615091253,0.05116171862174257,6,False
57,7,-0.0018468201023286307,0.015647356615091253,0.05116171862174257,7,False
57,8,-0.0018468201023286307,0.015647356615091253,0.05116171862174257,8,False
57,9,-0.0018468201023286307,0.015647356615091253,0.05116171862174257,9,False
57,10,-0.0018468201023286307,0.015647356615091253,0.05116171862174257,10,False
57,11,-0.0018468201023286307,0.015647356615091253,0.05116171862174257,11,False
57,12,-0.0018468201023286307,0.015647356615091253,0.05116171862174257,12,False
57,13,-0.0018468201023286307,0.015647356615091253,0.05116171862174257,13,False
57,14,-0.0018468201023286307,0.015647356615091253,0.05116171862174257,14,False
57,15,-0.0018468201023286307,0.015647356615091253,0.05116171862174257,15,False
57,16,-0.0018468201023286307,0.015647356615091253,0.05116171862174257,16,False
57,17,-0.0018468201023286307,0.015647356615091253,0.05116171862174257,17,False
57,18,-0.0018468201023286307,0.015647356615091253,0.05116171862174257,18,False
57,19,-0.0018468201023286307,0.015647356615091253,0.05116171862174257,19,False
57,20,-0.0018468201023286307,0.016719078586062835,0.05509309067476709,20,False
57,21,-0.0018468201023286307,0.016719078586062835,0.05509309067476709,21,False
57,22,-0.0018468201023286307,0.019602851677454458,0.0659813297404388,22,False
57,23,-0.0018468201023286307,0.019602851677454458,0.0659813297404388,23,False
57,24,-0.0018468201023286307,0.019602851677454458,0.0659813297404388,24,False
57,25,-0.0018468201023286307,0.019602851677454458,0.0659813297404388,25,False
57,26,-0.0018468201023286307,0.019602851677454458,0.0659813297404388,26,False
57,27,-0.0018468201023286307,0.019602851677454458,0.0659813297404388,27,False
57,28,-0.0018468201023286307,0.019602851677454458,0.0659813297404388,28,False
57,29,-0.0018468201023286307,0.019602851677454458,0.0659813297404388,29,False
57,30,-0.0018468201023286307,0.019602851677454458,0.0659813297404388,30,False
57,31,-0.0018468201023286307,0.019602851677454458,0.0659813297404388,31,False
57,32,-0.0018468201023286307,0.019602851677454458,0.0659813297404388,32,False
57,33,-0.0018468201023286307,0.019602851677454458,0.0659813297404388,33,False
57,34,-0.0018468201023286307,0.019602851677454458,0.0659813297404388,34,False
57,35,-0.0018468201023286307,0.019602851677454458,0.0659813297404388,35,False
57,36,-0.0018468201023286307,0.019602851677454458,0.0659813297404388,36,False
57,37,-0.0018468201023286307,0.019602851677454458,0.0659813297404388,37,False
57,38,-0.0018468201023286307,0.019602851677454458,0.0659813297404388,38,False
57,39,-0.0018468201023286307,0.019602851677454458,0.0659813297404388,39,False
57,40,-0.0018468201023286307,0.019602851677454458,0.0659813297404388,40,False
57,41,-0.0018468201023286307,0.019602851677454458,0.0659813297404388,41,False
57,42,-0.0018468201023286307,0.019602851677454458,0.0659813297404388,42,False
57,43,-0.0018468201023286307,0.019602851677454458,0.0659813297404388,43,False
57,44,-0.0018468201023286307,0.019602851677454458,0.0659813297404388,44,False
57,45,-0.0018468201023286307,0.019602851677454458,0.0659813297404388,45,False
57,46,-0.0018468201023286307,0.019602851677454458,0.0659813297404388,46,False
57,47,-0.154851881650733,0.019602851677454458,0.9786005162654097,47,False
57,48,-0.0018468201023286307,-0.2503667376189155,1.7672870843885105,48,False
57,49,-0.0018468201023286307,-0.2980141638837105,2.1226331505703375,49,False
57,50,-0.7414130971732096,0.015647356615091253,3.108550606314339,50,False
58,1,-0.0018468201023286307,0.015647356615091253,0.05116171862174257,1,True
58,2,-0.0018468201023286307,0.015647356615091253,0.05116171862174257,2,False
58,3,-0.0018468201023286307,0.015647356615091253,0.05116171862174257,3,False
58,4,-0.0018468201023286307,0.015647356615091253,0.05116171862174257,4,False
58,5,-0.0018468201023286307,0.015647356615091253,0.05116171862174257,5,False
58,6,-0.0018468201023286307,0.015647356615091253,0.05116171862174257,6,False
58,7,-0.0018468201023286307,0.015647356615091253,0.05116171862174257,7,False
58,8,-0.0018468201023286307,0.015647356615091253,0.05116171862174257,8,False
58,9,-0.0018468201023286307,0.015647356615091253,0.05116171862174257,9,False
58,10,-0.0018468201023286307,0.015647356615091253,0.05116171862174257,10,False
58,11,-0.0018468201023286307,0.015647356615091253,0.05116171862174257,11,False
58,12,-0.0018468201023286307,0.015647356615091253,0.05116171862174257,12,False
58,13,-0.0018468201023286307,0.015647356615091253,0.05116171862174257,13,False
58,14,-0.0018468201023286307,0.015647356615091253,0.05116171862174257,14,False
58,15,-0.0018468201023286307,0.015647356615091253,0.05116171862174257,15,False
58,16,-0.0018468201023286307,0.015647356615091253,0.05116171862174257,16,False
58,17,-0.0018468201023286307,0.015647356615091253,0.05116171862174257,17,False
58,18,-0.0018468201023286307,0.015647356615091253,0.05116171862174257,18,False
58,19,-0.0018468201023286307,0.015647356615091253,0.05116171862174257,19,False
58,20,-0.0018468201023286307,0.016719078586062835,0.05509309067476709,20,False
58,21,-0.0018468201023286307,0.019602851677454458,0.0659813297404388,21,False
58,22,-0.0018468201023286307,0.019602851677454458,0.0659813297404388,22,False
58,23,-0.0018468201023286307,0.019602851677454458,0.0659813297404388,23,False
58,24,-0.0018468201023286307,0.019602851677454458,0.0659813297404388,24,False
58,25,-0.0018468201023286307,0.019602851677454458,0.0659813297404388,25,False
58,26,-0.0018468201023286307,0.019602851677454458,0.0659813297404388,26,False
58,27,-0.0018468201023286307,0.019602851677454458,0.0659813297404388,27,False
58,28,-0.0018468201023286307,0.019602851677454458,0.0659813297404388,28,False
58,29,-0.0018468201023286307,0.019602851677454458,0.0659813297404388,29,False
58,30,-0.0018468201023286307,0.019602851677454458,0.0659813297404388,30,False
58,31,-0.0018468201023286307,0.019602851677454458,0.0659813297404388,31,False
58,32,-0.0018468201023286307,0.019602851677454458,0.0659813297404388,32,False
58,33,-0.0018468201023286307,0.019602851677454458,0.0659813297404388,33,False
58,34,-0.0018468201023286307,0.019602851677454458,0.0659813297404388,34,False
58,35,-0.0018468201023286307,0.019602851677454458,0.0659813297404388,35,False
58,36,-0.0018468201023286307,0.019602851677454458,0.0659813297404388,36,False
58,37,-0.0018468201023286307,0.019602851677454458,0.0659813297404388,37,False
58,38,-0.0018468201023286307,0.019602851677454458,0.0659813297404388,38,False
58,39,-0.0018468201023286307,0.019602851677454458,0.0659813297404388,39,False
58,40,-0.0018468201023286307,0.019602851677454458,0.0659813297404388,40,False
58,41,-0.0018468201023286307,0.019602851677454458,0.0659813297404388,41,False
58,42,-0.009736280288809107,0.019602851677454458,0.07462025350722756,42,False
58,43,-0.154851881650733,0.019602851677454458,0.9786005162654097,43,False
58,44,-0.154851881650733,0.019602851677454458,0.9786005162654097,44,False
58,45,-0.154851881650733,0.019602851677454458,0.9786005162654097,45,False
58,46,0.1601230009406805,0.019602851677454458,1.0229784912431943,46,False
58,47,-0.0018468201023286307,-0.20126946383909688,1.3627174601719934,47,False
58,48,-0.0018468201023286307,0.2066288733574954,1.4081272375090852,48,False
58,49,-0.0018468201023286307,-0.20806221547974732,1.4202363551122095,49,False
58,50,-0.0018468201023286307,-0.2980141638837105,2.1226331505703375,50,False
59,1,-0.0018468201023286307,0.015647356615091253,0.05116171862174257,1,True
59,2,-0.0018468201023286307,0.015647356615091253,0.05116171862174257,2,False
59,3,-0.0018468201023286307,0.015647356615091253,0.05116171862174257,3,False
59,4,-0.0018468201023286307,0.015647356615091253,0.05116171862174257,4,False
59,5,-0.0018468201023286307,0.015647356615091253,0.05116171862174257,5,False
59,6,-0.0018468201023286307,0.015647356615091253,0.05116171862174257,6,False
59,7,-0.0018468201023286307,0.015647356615091253,0.05116171862174257,7,False
59,8,-0.0018468201023286307,0.015647356615091253,0.05116171862174257,8,False
59,9,-0.0018468201023286307,0.015647356615091253,0.05116171862174257,9,False
59,10,-0.0018468201023286307,0.015647356615091253,0.05116171862174257,10,False
59,11,-0.0018468201023286307,0.015647356615091253,0.05116171862174257,11,False
59,12,-0.0018468201023286307,0.015647356615091253,0.05116171862174257,12,False
59,13,-0.0018468201023286307,0.015647356615091253,0.05116171862174257,13,False
59,14,-0.0018468201023286307,0.015647356615091253,0.05116171862174257,14,False
59,15,-0.0018468201023286307,0.015647356615091253,0.05116171862174257,15,False
59,16,-0.0018468201023286307,0.015647356615091253,0.05116171862174257,16,False
59,17,-0.0018468201023286307,0.015647356615091253,0.05116171862174257,17,False
59,18,-0.0018468201023286307,0.015647356615091253,0.05116171862174257,18,False
59,19,-0.0018468201023286307,0.015647356615091253,0.05116171862174257,19,False
59,20,-0.0018468201023286307,0.016719078586062835,0.05509309067476709,20,False
59,21,-0.0018468201023286307,0.019602851677454458,0.0659813297404388,21,False
59,22,-0.0018468201023286307,0.019602851677454458,0.0659813297404388,22,False
59,23,-0.0018468201023286307,0.019602851677454458,0.0659813297404388,23,False
59,24,-0.0018468201023286307,0.019602851677454458,0.0659813297404388,24,False
59,25,-0.0018468201023286307,0.019602851677454458,0.0659813297404388,25,False
59,26,-0.0018468201023286307,0.019602851677454458,0.0659813297404388,26,False
59,27,-0.0018468201023286307,0.019602851677454458,0.0659813297404388,27,False
59,28,-0.0018468201023286307,0.019602851677454458,0.0659813297404388,28,False
59,29,-0.0018468201023286307,0.019602851677454458,0.0659813297404388,29,False
59,30,-0.0018468201023286307,0.019602851677454458,0.0659813297404388,30,False
59,31,-0.0018468201023286307,0.019602851677454458,0.0659813297404388,31,False
59,32,-0.0018468201023286307,0.019602851677454458,0.0659813297404388,32,False
59,33,-0.0018468201023286307,0.019602851677454458,0.0659813297404388,33,False
59,34,-0.0018468201023286307,0.019602851677454458,0.0659813297404388,34,False
59,35,-0.0018468201023286307,0.019602851677454458,0.0659813297404388,35,False
59,36,-0.0018468201023286307,0.019602851677454458,0.0659813297404388,36,False
59,37,-0.0018468201023286307,0.019602851677454458,0.0659813297404388,37,False
59,38,-0.0018468201023286307,0.019602851677454458,0.0659813297404388,38,False
59,39,-0.0018468201023286307,0.019602851677454458,0.0659813297404388,39,False
59,40,-0.0018468201023286307,0.019602851677454458,0.0659813297404388,40,False
59,41,-0.0018468201023286307,0.019602851677454458,0.0659813297404388,41,False
59,42,-0.009736280288809107,0.019602851677454458,0.07462025350722756,42,False
59,43,-0.05658727490586232,0.015647356615091253,0.2554164072120817,43,False
59,44,-0.154851881650733,0.015647356615091253,0.9743721914069678,44,False
59,45,-0.154851881650733,0.019602851677454458,0.9786005162654097,45,False
59,46,0.1601230009406805,0.019602851677454458,1.0229784912431943,46,False
59,47,-0.0018468201023286307,-0.20126946383909688,1.3627174601719934,47,False
59,48,-0.0018468201023286307,0.2066288733574954,1.4081272375090852,48,False
59,49,-0.0018468201023286307,-0.20806221547974732,1.4202363551122095,49,False
59,50,-0.0018468201023286307,-1.1487678365012397,3.498454845196218,50,False
60,1,-0.0018468201023286307,0.015647356615091253,0.05116171862174257,1,True
60,2,-0.0018468201023286307,0.015647356615091253,0.05116171862174257,2,False
60,3,-0.0018468201023286307,0.015647356615091253,0.05116171862174257,3,False
60,4,-0.0018468201023286307,0.015647356615091253,0.05116171862174257,4,False
60,5,-0.0018468201023286307,0.015647356615091253,0.05116171862174257,5,False
60,6,-0.0018468201023286307,0.015647356615091253,0.05116171862174257,6,False
60,7,-0.0018468201023286307,0.015647356615091253,0.05116171862174257,7,False
60,8,-0.0018468201023286307,0.015647356615091253,0.05116171862174257,8,False
60,9,-0.0018468201023286307,0.015647356615091253,0.05116171862174257,9,False
60,10,-0.0018468201023286307,0.015647356615091253,0.05116171862174257,10,False
60,11,-0.0018468201023286307,0.015647356615091253,0.05116171862174257,11,False
60,12,-0.0018468201023286307,0.015647356615091253,0.05116171862174257,12,False
60,13,-0.0018468201023286307,0.015647356615091253,0.05116171862174257,13,False
60,14,-0.0018468201023286307,0.015647356615091253,0.05116171862174257,14,False
60,15,-0.0018468201023286307,0.015647356615091253,0.05116171862174257,15,False
60,16,-0.0018468201023286307,0.015647356615091253,0.05116171862174257,16,False
60,17,-0.0018468201023286307,0.015647356615091253,0.05116171862174257,17,False
60,18,-0.0018468201023286307,0.015647356615091253,0.05116171862174257,18,False
60,19,-0.0018468201023286307,0.015647356615091253,0.05116171862174257,19,False
60,20,-0.0018468201023286307,0.019602851677454458,0.0659813297404388,20,False
60,21,-0.0018468201023286307,0.019602851677454458,0.0659813297404388,21,False
60,22,-0.0018468201023286307,0.019602851677454458,0.0659813297404388,22,False
60,23,-0.0018468201023286307,0.019602851677454458,0.0659813297404388,23,False
60,24,-0.0018468201023286307,0.019602851677454458,0.0659813297404388,24,False
60,25,-0.0018468201023286307,0.019602851677454458,0.0659813297404388,25,False
60,26,-0.0018468201023286307,0.019602851677454458,0.0659813297404388,26,False
60,27,-0.0018468201023286307,0.019602851677454458,0.0659813297404388,27,False
60,28,-0.0018468201023286307,0.019602851677454458,0.0659813297404388,28,False
60,29,-0.0018468201023286307,0.019602851677454458,0.0659813297404388,29,False
60,30,-0.0018468201023286307,0.019602851677454458,0.0659813297404388,30,False
60,31,-0.0018468201023286307,0.019602851677454458,0.0659813297404388,31,False
60,32,-0.0018468201023286307,0.019602851677454458,0.0659813297404388,32,False
60,33,-0.0018468201023286307,0.019602851677454458,0.0659813297404388,33,False
60,34,-0.0018468201023286307,0.019602851677454458,0.0659813297404388,34,False
60,35,-0.0018468201023286307,0.019602851677454458,0.0659813297404388,35,False
60,36,-0.0018468201023286307,0.019602851677454458,0.0659813297404388,36,False
60,37,-0.0018468201023286307,0.019602851677454458,0.0659813297404388,37,False
60,38,-0.0018468201023286307,0.019602851677454458,0.0659813297404388,38,False
60,39,-0.0018468201023286307,0.019602851677454458,0.0659813297404388,39,False
60,40,-0.0018468201023286307,0.019602851677454458,0.0659813297404388,40,False
60,41,-0.0018468201023286307,0.019602851677454458,0.0659813297404388,41,False
60,42,-0.0018468201023286307,0.019602851677454458,0.0659813297404388,42,False
60,43,-0.0018468201023286307,0.019602851677454458,0.0659813297404388,43,False
60,44,-0.0018468201023286307,0.019602851677454458,0.0659813297404388,44,False
60,45,-0.0018468201023286307,0.019602851677454458,0.0659813297404388,45,False
60,46,-0.05658727490586232,0.019602851677454458,0.26232081321139633,46,False
60,47,-0.08480174765286849,0.019602851677454458,0.4362893306099953,47,False
60,48,-0.154851881650733,0.015647356615091253,0.9743721914069678,48,False
60,49,-0.0018468201023286307,-0.20126946383909688,1.3627174601719934,49,False
60,50,0.3188050372763352,0.016719078586062835,2.267724842064052,50,False
61,1,-0.0018468201023286307,-0.012747189097307397,0.04084266811205284,1,True
61,2,-0.0018468201023286307,0.015647356615091253,0.05116171862174257,2,False
61,3,-0.0018468201023286307,0.015647356615091253,0.05116171862174257,3,False
61,4,-0.0018468201023286307,0.015647356615091253,0.05116171862174257,4,False
61,5,-0.0018468201023286307,0.015647356615091253,0.05116171862174257,5,False
61,6,-0.0018468201023286307,0.015647356615091253,0.05116171862174257,6,False
61,7,-0.0018468201023286307,0.015647356615091253,0.05116171862174257,7,False
61,8,-0.0018468201023286307,0.015647356615091253,0.05116171862174257,8,False
61,9,-0.0018468201023286307,0.015647356615091253,0.05116171862174257,9,False
61,10,-0.0018468201023286307,0.015647356615091253,0.05116171862174257,10,False
61,11,-0.0018468201023286307,0.015647356615091253,0.05116171862174257,11,False
61,12,-0.0018468201023286307,0.015647356615091253,0.05116171862174257,12,False
61,13,-0.0018468201023286307,0.015647356615091253,0.05116171862174257,13,False
61,14,-0.0018468201023286307,0.015647356615091253,0.05116171862174257,14,False
61,15,-0.0018468201023286307,0.015647356615091253,0.05116171862174257,15,False
61,16,-0.0018468201023286307,0.015647356615091253,0.05116171862174257,16,False
61,17,-0.0018468201023286307,0.015647356615091253,0.05116171862174257,17,False
61,18,-0.0018468201023286307,0.015647356615091253,0.05116171862174257,18,False
61,19,-0.0018468201023286307,0.015647356615091253,0.05116171862174257,19,False
61,20,-0.0018468201023286307,0.015647356615091253,0.05116171862174257,20,False
61,21,-0.0018468201023286307,0.015647356615091253,0.05116171862174257,21,False
61,22,-0.0018468201023286307,0.015647356615091253,0.05116171862174257,22,False
61,23,-0.0018468201023286307,0.015647356615091253,0.05116171862174257,23,False
61,24,-0.0018468201023286307,0.015647356615091253,0.05116171862174257,24,False
61,25,-0.0018468201023286307,0.015647356615091253,0.05116171862174257,25,False
61,26,-0.0018468201023286307,0.019602851677454458,0.0659813297404388,26,False
61,27,-0.0018468201023286307,0.019602851677454458,0.0659813297404388,27,False
61,28,-0.0018468201023286307,0.019602851677454458,0.0659813297404388,28,False
61,29,-0.0018468201023286307,0.019602851677454458,0.0659813297404388,29,False
61,30,-0.0018468201023286307,0.019602851677454458,0.0659813297404388,30,False
61,31,-0.0018468201023286307,0.019602851677454458,0.0659813297404388,31,False
61,32,-0.0018468201023286307,0.019602851677454458,0.0659813297404388,32,False
61,33,-0.0018468201023286307,0.019602851677454458,0.0659813297404388,33,False
61,34,-0.0018468201023286307,0.019602851677454458,0.0659813297404388,34,False
61,35,-0.0018468201023286307,0.019602851677454458,0.0659813297404388,35,False
61,36,-0.0018468201023286307,0.019602851677454458,0.0659813297404388,36,False
61,37,-0.0018468201023286307,0.019602851677454458,0.0659813297404388,37,False
61,38,-0.0018468201023286307,0.019602851677454458,0.0659813297404388,38,False
61,39,-0.0018468201023286307,0.019602851677454458,0.0659813297404388,39,False
61,40,-0.0018468201023286307,0.019602851677454458,0.0659813297404388,40,False
61,41,-0.0018468201023286307,0.019602851677454458,0.0659813297404388,41,False
61,42,-0.0018468201023286307,0.019602851677454458,0.0659813297404388,42,False
61,43,-0.0018468201023286307,0.019602851677454458,0.0659813297404388,43,False
61,44,-0.0018468201023286307,-0.044098598604906586,0.1758886055307518,44,False
61,45,-0.05658727490586232,0.015647356615091253,0.2554164072120817,45,False
61,46,-0.05658727490586232,0.019602851677454458,0.26232081321139633,46,False
61,47,-0.154851881650733,0.015647356615091253,0.9743721914069678,47,False
61,48,-0.154851881650733,0.015647356615091253,0.9743721914069678,48,False
61,49,-0.30112615655466796,0.019602851677454458,2.1512208376897672,49,False
61,50,-0.6539144725279947,0.019602851677454458,3.2490556961846377,50,False
62,1,-0.0018468201023286307,-0.012747189097307397,0.04084266811205284,1,True
62,2,-0.0018468201023286307,-0.012747189097307397,0.04084266811205284,2,False
62,3,-0.0018468201023286307,0.015647356615091253,0.05116171862174257,3,False
62,4,-0.0018468201023286307,0.015647356615091253,0.05116171862174257,4,False
62,5,-0.0018468201023286307,0.015647356615091253,0.05116171862174257,5,False
62,6,-0.0018468201023286307,0.015647356615091253,0.05116171862174257,6,False
62,7,-0.0018468201023286307,0.015647356615091253,0.05116171862174257,7,False
62,8,-0.0018468201023286307,0.015647356615091253,0.05116171862174257,8,False
62,9,-0.0018468201023286307,0.015647356615091253,0.05116171862174257,9,False
62,10,-0.0018468201023286307,0.015647356615091253,0.05116171862174257,10,False
62,11,-0.0018468201023286307,0.015647356615091253,0.05116171862174257,11,False
62,12,-0.0018468201023286307,0.015647356615091253,0.05116171862174257,12,False
62,13,-0.0018468201023286307,0.015647356615091253,0.05116171862174257,13,False
62,14,-0.0018468201023286307,0.015647356615091253,0.05116171862174257,14,False
62,15,-0.0018468201023286307,0.015647356615091253,0.05116171862174257,15,False
62,16,-0.0018468201023286307,0.015647356615091253,0.05116171862174257,16,False
62,17,-0.0018468201023286307,0.015647356615091253,0.05116171862174257,17,False
62,18,-0.0018468201023286307,0.015647356615091253,0.05116171862174257,18,False
62,19,-0.0018468201023286307,0.015647356615091253,0.05116171862174257,19,False
62,20,-0.0018468201023286307,0.015647356615091253,0.05116171862174257,20,False
62,21,-0.0018468201023286307,0.015647356615091253,0.05116171862174257,21,False
62,22,-0.0018468201023286307,0.015647356615091253,0.05116171862174257,22,False
62,23,-0.0018468201023286307,0.015647356615091253,0.05116171862174257,23,False
62,24,-0.0018468201023286307,0.019602851677454458,0.0659813297404388,24,False
62,25,-0.0018468201023286307,0.019602851677454458,0.0659813297404388,25,False
62,26,-0.0018468201023286307,0.019602851677454458,0.0659813297404388,26,False
62,27,-0.0018468201023286307,0.019602851677454458,0.0659813297404388,27,False
62,28,-0.0018468201023286307,0.019602851677454458,0.0659813297404388,28,False
62,29,-0.0018468201023286307,0.019602851677454458,0.0659813297404388,29,False
62,30,-0.0018468201023286307,0.019602851677454458,0.0659813297404388,30,False
62,31,-0.0018468201023286307,0.019602851677454458,0.0659813297404388,31,False
62,32,-0.0018468201023286307,0.019602851677454458,0.0659813297404388,32,False
62,33,-0.0018468201023286307,0.019602851677454458,0.0659813297404388,33,False
62,34,-0.0018468201023286307,0.019602851677454458,0.0659813297404388,34,False
62,35,-0.0018468201023286307,0.019602851677454458,0.0659813297404388,35,False
62,36,-0.0018468201023286307,0.019602851677454458,0.0659813297404388,36,False
62,37,-0.0018468201023286307,0.019602851677454458,0.0659813297404388,37,False
62,38,-0.0018468201023286307,0.019602851677454458,0.0659813297404388,38,False
62,39,-0.0018468201023286307,0.019602851677454458,0.0659813297404388,39,False
62,40,-0.0018468201023286307,0.019602851677454458,0.0659813297404388,40,False
62,41,-0.0018468201023286307,-0.044098598604906586,0.1758886055307518,41,False
62,42,-0.05658727490586232,0.015647356615091253,0.2554164072120817,42,False
62,43,-0.05658727490586232,0.015647356615091253,0.2554164072120817,43,False
62,44,-0.05658727490586232,0.019602851677454458,0.26232081321139633,44,False
62,45,-0.05658727490586232,0.019602851677454458,0.26232081321139633,45,False
62,46,-0.05658727490586232,0.019602851677454458,0.26232081321139633,46,False
62,47,-0.154851881650733,0.015647356615091253,0.9743721914069678,47,False
62,48,-0.154851881650733,0.015647356615091253,0.9743721914069678,48,False
62,49,-0.154851881650733,0.019602851677454458,0.9786005162654097,49,False
62,50,-0.0018468201023286307,-0.5613865065120133,3.207354152485927,50,False
63,1,-0.0018468201023286307,-0.012747189097307397,0.04084266811205284,1,True
63,2,-0.0018468201023286307,-0.012747189097307397,0.04084266811205284,2,False
63,3,-0.0018468201023286307,0.015647356615091253,0.05116171862174257,3,False
63,4,-0.0018468201023286307,0.015647356615091253,0.05116171862174257,4,False
63,5,-0.0018468201023286307,0.015647356615091253,0.05116171862174257,5,False
63,6,-0.0018468201023286307,0.015647356615091253,0.05116171862174257,6,False
63,7,-0.0018468201023286307,0.015647356615091253,0.05116171862174257,7,False
63,8,-0.0018468201023286307,0.015647356615091253,0.05116171862174257,8,False
63,9,-0.0018468201023286307,0.015647356615091253,0.05116171862174257,9,False
63,10,-0.0018468201023286307,0.015647356615091253,0.05116171862174257,10,False
63,11,-0.0018468201023286307,0.015647356615091253,0.05116171862174257,11,False
63,12,-0.0018468201023286307,0.015647356615091253,0.05116171862174257,12,False
63,13,-0.0018468201023286307,0.015647356615091253,0.05116171862174257,13,False
63,14,-0.0018468201023286307,0.015647356615091253,0.05116171862174257,14,False
63,15,-0.0018468201023286307,0.015647356615091253,0.05116171862174257,15,False
63,16,-0.0018468201023286307,0.015647356615091253,0.05116171862174257,16,False
63,17,-0.0018468201023286307,0.015647356615091253,0.05116171862174257,17,False
63,18,-0.0018468201023286307,0.015647356615091253,0.05116171862174257,18,False
63,19,-0.0018468201023286307,0.015647356615091253,0.05116171862174257,19,False
63,20,-0.0018468201023286307,0.015647356615091253,0.05116171862174257,20,False
63,21,-0.0018468201023286307,0.019602851677454458,0.0659813297404388,21,False
63,22,-0.0018468201023286307,0.019602851677454458,0.0659813297404388,22,False
63,23,-0.0018468201023286307,0.019602851677454458,0.0659813297404388,23,False
63,24,-0.0018468201023286307,0.019602851677454458,0.0659813297404388,24,False
63,25,-0.0018468201023286307,0.019602851677454458,0.0659813297404388,25,False
63,26,-0.0018468201023286307,0.019602851677454458,0.0659813297404388,26,False
63,27,-0.0018468201023286307,0.019602851677454458,0.0659813297404388,27,False
63,28,-0.0018468201023286307,0.019602851677454458,0.0659813297404388,28,False
63,29,-0.0018468201023286307,0.019602851677454458,0.0659813297404388,29,False
63,30,-0.0018468201023286307,0.019602851677454458,0.0659813297404388,30,False
63,31,-0.0018468201023286307,0.019602851677454458,0.0659813297404388,31,False
63,32,-0.0018468201023286307,0.019602851677454458,0.0659813297404388,32,False
63,33,-0.0018468201023286307,0.019602851677454458,0.0659813297404388,33,False
63,34,-0.0018468201023286307,0.019602851677454458,0.0659813297404388,34,False
63,35,-0.0018468201023286307,0.019602851677454458,0.0659813297404388,35,False
63,36,-0.0018468201023286307,0.019602851677454458,0.0659813297404388,36,False
63,37,-0.0018468201023286307,0.019602851677454458,0.0659813297404388,37,False
63,38,-0.05658727490586232,0.015647356615091253,0.2554164072120817,38,False
63,39,-0.05658727490586232,0.015647356615091253,0.2554164072120817,39,False
63,40,-0.05658727490586232,0.015647356615091253,0.2554164072120817,40,False
63,41,-0.05658727490586232,0.015647356615091253,0.2554164072120817,41,False
63,42,-0.05658727490586232,0.015647356615091253,0.2554164072120817,42,False
63,43,-0.05658727490586232,0.019602851677454458,0.26232081321139633,43,False
63,44,-0.05658727490586232,0.019602851677454458,0.26232081321139633,44,False
63,45,-0.07317587673447672,0.015647356615091253,0.35430265768619096,45,False
63,46,-0.154851881650733,0.015647356615091253,0.9743721914069678,46,False
63,47,-0.154851881650733,0.019602851677454458,0.9786005162654097,47,False
63,48,-0.154851881650733,0.019602851677454458,0.9786005162654097,48,False
63,49,-0.0018468201023286307,-0.30235425450443576,2.152699485777742,49,False
63,50,-0.9338978361784006,0.015647356615091253,2.5941981518673,50,False
64,1,-0.0018468201023286307,-0.012747189097307397,0.04084266811205284,1,True
64,2,-0.0018468201023286307,-0.012747189097307397,0.04084266811205284,2,False
64,3,-0.0018468201023286307,-0.012747189097307397,0.04084266811205284,3,False
64,4,-0.0018468201023286307,-0.012747189097307397,0.04084266811205284,4,False
64,5,-0.0018468201023286307,0.015647356615091253,0.05116171862174257,5,False
64,6,-0.0018468201023286307,0.015647356615091253,0.05116171862174257,6,False
64,7,-0.0018468201023286307,0.015647356615091253,0.05116171862174257,7,False
64,8,-0.0018468201023286307,0.015647356615091253,0.05116171862174257,8,False
64,9,-0.0018468201023286307,0.015647356615091253,0.05116171862174257,9,False
64,10,-0.0018468201023286307,0.015647356615091253,0.05116171862174257,10,False
64,11,-0.0018468201023286307,0.015647356615091253,0.05116171862174257,11,False
64,12,-0.0018468201023286307,0.015647356615091253,0.05116171862174257,12,False
64,13,-0.0018468201023286307,0.015647356615091253,0.05116171862174257,13,False
64,14,-0.0018468201023286307,0.015647356615091253,0.05116171862174257,14,False
64,15,-0.0018468201023286307,0.015647356615091253,0.05116171862174257,15,False
64,16,-0.0018468201023286307,0.015647356615091253,0.05116171862174257,16,False
64,17,-0.0018468201023286307,0.015647356615091253,0.05116171862174257,17,False
64,18,-0.0018468201023286307,0.015647356615091253,0.05116171862174257,18,False
64,19,-0.0018468201023286307,0.015647356615091253,0.05116171862174257,19,False
64,20,-0.0018468201023286307,0.015647356615091253,0.05116171862174257,20,False
64,21,-0.0018468201023286307,0.015647356615091253,0.05116171862174257,21,False
64,22,-0.0018468201023286307,0.015647356615091253,0.05116171862174257,22,False
64,23,-0.0018468201023286307,0.019602851677454458,0.0659813297404388,23,False
64,24,-0.0018468201023286307,0.019602851677454458,0.0659813297404388,24,False
64,25,-0.0018468201023286307,0.019602851677454458,0.0659813297404388,25,False
64,26,-0.0018468201023286307,0.019602851677454458,0.0659813297404388,26,False
64,27,-0.0018468201023286307,0.019602851677454458,0.0659813297404388,27,False
64,28,-0.0018468201023286307,0.019602851677454458,0.0659813297404388,28,False
64,29,-0.0018468201023286307,0.019602851677454458,0.0659813297404388,29,False
64,30,-0.0018468201023286307,0.019602851677454458,0.0659813297404388,30,False
64,31,-0.0018468201023286307,0.019602851677454458,0.0659813297404388,31,False
64,32,-0.0018468201023286307,0.019602851677454458,0.0659813297404388,32,False
64,33,-0.0018468201023286307,0.019602851677454458,0.0659813297404388,33,False
64,34,-0.0018468201023286307,0.019602851677454458,0.0659813297404388,34,False
64,35,-0.0018468201023286307,0.019602851677454458,0.0659813297404388,35,False
64,36,-0.0018468201023286307,0.019602851677454458,0.0659813297404388,36,False
64,37,-0.0018468201023286307,0.019602851677454458,0.0659813297404388,37,False
64,38,-0.0018468201023286307,0.019602851677454458,0.0659813297404388,38,False
64,39,-0.0018468201023286307,0.019602851677454458,0.0659813297404388,39,False
64,40,-0.05658727490586232,0.015647356615091253,0.2554164072120817,40,False
64,41,-0.05658727490586232,0.015647356615091253,0.2554164072120817,41,False
64,42,-0.05658727490586232,0.019602851677454458,0.26232081321139633,42,False
64,43,-0.05658727490586232,0.019602851677454458,0.26232081321139633,43,False
64,44,-0.05658727490586232,0.019602851677454458,0.26232081321139633,44,False
64,45,-0.05658727490586232,0.019602851677454458,0.26232081321139633,45,False
64,46,-0.07317587673447672,0.015647356615091253,0.35430265768619096,46,False
64,47,-0.07317587673447672,0.015647356615091253,0.35430265768619096,47,False
64,48,-0.07317587673447672,0.019602851677454458,0.3604269754377829,48,False
64,49,0.2087327431894082,0.019602851677454458,1.4354178552853942,49,False
64,50,0.31534300714554686,0.019602851677454458,2.2469132007886086,50,False
65,1,-0.0018468201023286307,-0.012747189097307397,0.04084266811205284,1,True
65,2,-0.0018468201023286307,-0.012747189097307397,0.04084266811205284,2,False
65,3,-0.0018468201023286307,0.015647356615091253,0.05116171862174257,3,False
65,4,-0.0018468201023286307,0.015647356615091253,0.05116171862174257,4,False
65,5,-0.0018468201023286307,0.015647356615091253,0.05116171862174257,5,False
65,6,-0.0018468201023286307,0.015647356615091253,0.05116171862174257,6,False
65,7,-0.0018468201023286307,0.015647356615091253,0.05116171862174257,7,False
65,8,-0.0018468201023286307,0.015647356615091253,0.05116171862174257,8,False
65,9,-0.0018468201023286307,0.015647356615091253,0.05116171862174257,9,False
65,10,-0.0018468201023286307,0.015647356615091253,0.05116171862174257,10,False
65,11,-0.0018468201023286307,0.015647356615091253,0.05116171862174257,11,False
65,12,-0.0018468201023286307,0.015647356615091253,0.05116171862174257,12,False
65,13,-0.0018468201023286307,0.015647356615091253,0.05116171862174257,13,False
65,14,-0.0018468201023286307,0.015647356615091253,0.05116171862174257,14,False
65,15,-0.0018468201023286307,0.015647356615091253,0.05116171862174257,15,False
65,16,-0.0018468201023286307,0.015647356615091253,0.05116171862174257,16,False
65,17,-0.0018468201023286307,0.019602851677454458,0.0659813297404388,17,False
65,18,-0.0018468201023286307,0.019602851677454458,0.0659813297404388,18,False
65,19,-0.0018468201023286307,0.019602851677454458,0.0659813297404388,19,False
65,20,-0.0018468201023286307,0.019602851677454458,0.0659813297404388,20,False
65,21,-0.0018468201023286307,0.019602851677454458,0.0659813297404388,21,False
65,22,-0.0018468201023286307,0.019602851677454458,0.0659813297404388,22,False
65,23,-0.0018468201023286307,0.019602851677454458,0.0659813297404388,23,False
65,24,-0.0018468201023286307,0.019602851677454458,0.0659813297404388,24,False
65,25,-0.0018468201023286307,0.019602851677454458,0.0659813297404388,25,False
65,26,-0.0018468201023286307,0.019602851677454458,0.0659813297404388,26,False
65,27,-0.0018468201023286307,0.019602851677454458,0.0659813297404388,27,False
65,28,-0.0018468201023286307,0.019602851677454458,0.0659813297404388,28,False
65,29,-0.0018468201023286307,0.019602851677454458,0.0659813297404388,29,False
65,30,-0.0018468201023286307,0.019602851677454458,0.0659813297404388,30,False
65,31,-0.0018468201023286307,0.019602851677454458,0.0659813297404388,31,False
65,32,-0.0018468201023286307,0.019602851677454458,0.0659813297404388,32,False
65,33,-0.0018468201023286307,0.019602851677454458,0.0659813297404388,33,False
65,34,-0.0018468201023286307,0.019602851677454458,0.0659813297404388,34,False
65,35,-0.0018468201023286307,0.019602851677454458,0.0659813297404388,35,False
65,36,-0.0018468201023286307,0.019602851677454458,0.0659813297404388,36,False
65,37,-0.0018468201023286307,0.019602851677454458,0.0659813297404388,37,False
65,38,-0.0018468201023286307,0.019602851677454458,0.0659813297404388,38,False
65,39,-0.0018468201023286307,0.019602851677454458,0.0659813297404388,39,False
65,40,-0.05057638285905067,0.015647356615091253,0.22278144343113526,40,False
65,41,-0.05658727490586232,0.015647356615091253,0.2554164072120817,41,False
65,42,-0.05658727490586232,0.015647356615091253,0.2554164072120817,42,False
65,43,-0.05658727490586232,0.015647356615091253,0.2554164072120817,43,False
65,44,-0.05658727490586232,0.015647356615091253,0.2554164072120817,44,False
65,45,-0.05658727490586232,0.019602851677454458,0.26232081321139633,45,False
65,46,-0.05658727490586232,0.019602851677454458,0.26232081321139633,46,False
65,47,-0.05658727490586232,0.019602851677454458,0.26232081321139633,47,False
65,48,-0.07317587673447672,0.015647356615091253,0.35430265768619096,48,False
65,49,-0.07317587673447672,0.015647356615091253,0.35430265768619096,49,False
65,50,-0.07317587673447672,0.019602851677454458,0.3604269754377829,50,False
66,1,-0.0018468201023286307,-0.012747189097307397,0.04084266811205284,1,True
66,2,-0.0018468201023286307,-0.012747189097307397,0.04084266811205284,2,False
66,3,-0.0018468201023286307,-0.012747189097307397,0.04084266811205284,3,False
66,4,-0.0018468201023286307,-0.012747189097307397,0.04084266811205284,4,False
66,5,-0.0018468201023286307,0.015647356615091253,0.05116171862174257,5,False
66,6,-0.0018468201023286307,0.015647356615091253,0.05116171862174257,6,False
66,7,-0.0018468201023286307,0.015647356615091253,0.05116171862174257,7,False
66,8,-0.0018468201023286307,0.015647356615091253,0.05116171862174257,8,False
66,9,-0.0018468201023286307,0.015647356615091253,0.05116171862174257,9,False
66,10,-0.0018468201023286307,0.015647356615091253,0.05116171862174257,10,False
66,11,-0.0018468201023286307,0.015647356615091253,0.05116171862174257,11,False
66,12,-0.0018468201023286307,0.015647356615091253,0.05116171862174257,12,False
66,13,-0.0018468201023286307,0.015647356615091253,0.05116171862174257,13,False
66,14,-0.0018468201023286307,0.015647356615091253,0.05116171862174257,14,False
66,15,-0.0018468201023286307,0.015647356615091253,0.05116171862174257,15,False
66,16,-0.0018468201023286307,0.015647356615091253,0.05116171862174257,16,False
66,17,-0.0018468201023286307,0.015647356615091253,0.05116171862174257,17,False
66,18,-0.0018468201023286307,0.015647356615091253,0.05116171862174257,18,False
66,19,-0.0018468201023286307,0.019602851677454458,0.0659813297404388,19,False
66,20,-0.0018468201023286307,0.019602851677454458,0.0659813297404388,20,False
66,21,-0.0018468201023286307,0.019602851677454458,0.0659813297404388,21,False
66,22,-0.0018468201023286307,0.019602851677454458,0.0659813297404388,22,False
66,23,-0.0018468201023286307,0.019602851677454458,0.0659813297404388,23,False
66,24,-0.0018468201023286307,0.019602851677454458,0.0659813297404388,24,False
66,25,-0.0018468201023286307,0.019602851677454458,0.0659813297404388,25,False
66,26,-0.0018468201023286307,0.019602851677454458,0.0659813297404388,26,False
66,27,-0.0018468201023286307,0.019602851677454458,0.0659813297404388,27,False
66,28,-0.0018468201023286307,0.019602851677454458,0.0659813297404388,28,False
66,29,-0.0018468201023286307,0.019602851677454458,0.0659813297404388,29,False
66,30,-0.0018468201023286307,0.019602851677454458,0.0659813297404388,30,False
66,31,-0.0018468201023286307,0.019602851677454458,0.0659813297404388,31,False
66,32,-0.0018468201023286307,0.019602851677454458,0.0659813297404388,32,False
66,33,-0.0018468201023286307,0.019602851677454458,0.0659813297404388,33,False
66,34,-0.0018468201023286307,0.019602851677454458,0.0659813297404388,34,False
66,35,-0.0018468201023286307,0.019602851677454458,0.0659813297404388,35,False
66,36,-0.0018468201023286307,0.019602851677454458,0.0659813297404388,36,False
66,37,-0.0018468201023286307,0.019602851677454458,0.0659813297404388,37,False
66,38,-0.0018468201023286307,0.019602851677454458,0.0659813297404388,38,False
66,39,-0.0018468201023286307,0.019602851677454458,0.0659813297404388,39,False
66,40,-0.0018468201023286307,0.019602851677454458,0.0659813297404388,40,False
66,41,-0.0018468201023286307,0.019602851677454458,0.0659813297404388,41,False
66,42,-0.0018468201023286307,0.019602851677454458,0.0659813297404388,42,False
66,43,-0.0018468201023286307,0.019602851677454458,0.0659813297404388,43,False
66,44,-0.0018468201023286307,0.019602851677454458,0.0659813297404388,44,False
66,45,-0.0018468201023286307,0.019602851677454458,0.0659813297404388,45,False
66,46,-0.05658727490586232,0.015647356615091253,0.2554164072120817,46,False
66,47,-0.05658727490586232,0.019602851677454458,0.26232081321139633,47,False
66,48,-0.05658727490586232,0.019602851677454458,0.26232081321139633,48,False
66,49,-0.0018468201023286307,-0.964328685014854,2.5835995281011077,49,False
66,50,-0.38934501080695094,0.015647356615091253,2.6702351901104078,50,False
67,1,-0.0018468201023286307,-0.012747189097307397,0.04084266811205284,1,True
67,2,-0.0018468201023286307,-0.012747189097307397,0.04084266811205284,2,False
67,3,-0.0018468201023286307,-0.012747189097307397,0.04084266811205284,3,False
67,4,-0.0018468201023286307,-0.012747189097307397,0.04084266811205284,4,False
67,5,-0.0018468201023286307,-0.012747189097307397,0.04084266811205284,5,False
67,6,-0.0018468201023286307,-0.012747189097307397,0.04084266811205284,6,False
67,7,-0.0018468201023286307,-0.012747189097307397,0.04084266811205284,7,False
67,8,-0.0018468201023286307,-0.012747189097307397,0.04084266811205284,8,False
67,9,-0.0018468201023286307,-0.012747189097307397,0.04084266811205284,9,False
67,10,-0.0018468201023286307,0.015647356615091253,0.05116171862174257,10,False
67,11,-0.0018468201023286307,0.015647356615091253,0.05116171862174257,11,False
67,12,-0.0018468201023286307,0.015647356615091253,0.05116171862174257,12,False
67,13,-0.0018468201023286307,0.015647356615091253,0.05116171862174257,13,False
67,14,-0.0018468201023286307,0.015647356615091253,0.05116171862174257,14,False
67,15,-0.0018468201023286307,0.015647356615091253,0.05116171862174257,15,False
67,16,-0.0018468201023286307,0.015647356615091253,0.05116171862174257,16,False
67,17,-0.0018468201023286307,0.015647356615091253,0.05116171862174257,17,False
67,18,-0.0018468201023286307,0.015647356615091253,0.05116171862174257,18,False
67,19,-0.0018468201023286307,0.015647356615091253,0.05116171862174257,19,False
67,20,-0.0018468201023286307,0.015647356615091253,0.05116171862174257,20,False
67,21,-0.0018468201023286307,0.019602851677454458,0.0659813297404388,21,False
67,22,-0.0018468201023286307,0.019602851677454458,0.0659813297404388,22,False
67,23,-0.0018468201023286307,0.019602851677454458,0.0659813297404388,23,False
67,24,-0.0018468201023286307,0.019602851677454458,0.0659813297404388,24,False
67,25,-0.0018468201023286307,0.019602851677454458,0.0659813297404388,25,False
67,26,-0.0018468201023286307,0.019602851677454458,0.0659813297404388,26,False
67,27,-0.0018468201023286307,0.019602851677454458,0.0659813297404388,27,False
67,28,-0.0018468201023286307,0.019602851677454458,0.0659813297404388,28,False
67,29,-0.0018468201023286307,0.019602851677454458,0.0659813297404388,29,False
67,30,-0.0018468201023286307,0.019602851677454458,0.0659813297404388,30,False
67,31,-0.0018468201023286307,0.019602851677454458,0.0659813297404388,31,False
67,32,-0.0018468201023286307,0.019602851677454458,0.0659813297404388,32,False
67,33,-0.0018468201023286307,0.019602851677454458,0.0659813297404388,33,False
67,34,-0.0018468201023286307,0.019602851677454458,0.0659813297404388,34,False
67,35,-0.0018468201023286307,0.019602851677454458,0.0659813297404388,35,False
67,36,-0.0018468201023286307,0.019602851677454458,0.0659813297404388,36,False
67,37,-0.0018468201023286307,0.019602851677454458,0.0659813297404388,37,False
67,38,-0.0018468201023286307,0.019602851677454458,0.0659813297404388,38,False
67,39,-0.0018468201023286307,0.019602851677454458,0.0659813297404388,39,False
67,40,-0.0018468201023286307,0.019602851677454458,0.0659813297404388,40,False
67,41,-0.0018468201023286307,0.019602851677454458,0.0659813297404388,41,False
67,42,-0.0018468201023286307,0.019602851677454458,0.0659813297404388,42,False
67,43,-0.0018468201023286307,0.019602851677454458,0.0659813297404388,43,False
67,44,-0.0018468201023286307,0.019602851677454458,0.0659813297404388,44,False
67,45,-0.0018468201023286307,0.019602851677454458,0.0659813297404388,45,False
67,46,-0.05658727490586232,0.015647356615091253,0.2554164072120817,46,False
67,47,-0.05658727490586232,0.015647356615091253,0.2554164072120817,47,False
67,48,-0.05658727490586232,0.019602851677454458,0.26232081321139633,48,False
67,49,-0.0018468201023286307,0.1635903485345287,1.0410822532038932,49,False
67,50,-0.18693632541236388,0.019602851677454458,1.2508142998369505,50,False
68,1,-0.0018468201023286307,-0.012747189097307397,0.04084266811205284,1,True
68,2,-0.0018468201023286307,-0.012747189097307397,0.04084266811205284,2,False
68,3,-0.0018468201023286307,-0.012747189097307397,0.04084266811205284,3,False
68,4,-0.0018468201023286307,-0.012747189097307397,0.04084266811205284,4,False
68,5,-0.0018468201023286307,-0.012747189097307397,0.04084266811205284,5,False
68,6,-0.0018468201023286307,-0.012747189097307397,0.04084266811205284,6,False
68,7,-0.0018468201023286307,-0.012747189097307397,0.04084266811205284,7,False
68,8,-0.0018468201023286307,-0.012747189097307397,0.04084266811205284,8,False
68,9,-0.0018468201023286307,-0.012747189097307397,0.04084266811205284,9,False
68,10,-0.0018468201023286307,-0.012747189097307397,0.04084266811205284,10,False
68,11,-0.0018468201023286307,0.015647356615091253,0.05116171862174257,11,False
68,12,-0.0018468201023286307,0.015647356615091253,0.05116171862174257,12,False
68,13,-0.0018468201023286307,0.015647356615091253,0.05116171862174257,13,False
68,14,-0.0018468201023286307,0.015647356615091253,0.05116171862174257,14,False
68,15,-0.0018468201023286307,0.015647356615091253,0.05116171862174257,15,False
68,16,-0.0018468201023286307,0.015647356615091253,0.05116171862174257,16,False
68,17,-0.0018468201023286307,0.015647356615091253,0.05116171862174257,17,False
68,18,-0.0018468201023286307,0.015647356615091253,0.05116171862174257,18,False
68,19,-0.0018468201023286307,0.015647356615091253,0.05116171862174257,19,False
68,20,-0.0018468201023286307,0.015647356615091253,0.05116171862174257,20,False
68,21,-0.0018468201023286307,0.015647356615091253,0.05116171862174257,21,False
68,22,-0.0018468201023286307,0.015647356615091253,0.05116171862174257,22,False
68,23,-0.0018468201023286307,0.015647356615091253,0.05116171862174257,23,False
68,24,-0.0018468201023286307,0.015647356615091253,0.05116171862174257,24,False
68,25,-0.0018468201023286307,0.019602851677454458,0.0659813297404388,25,False
68,26,-0.0018468201023286307,0.019602851677454458,0.0659813297404388,26,False
68,27,-0.0018468201023286307,0.019602851677454458,0.0659813297404388,27,False
68,28,-0.0018468201023286307,0.019602851677454458,0.0659813297404388,28,False
68,29,-0.0018468201023286307,0.019602851677454458,0.0659813297404388,29,False
68,30,-0.0018468201023286307,0.019602851677454458,0.0659813297404388,30,False
68,31,-0.0018468201023286307,0.019602851677454458,0.0659813297404388,31,False
68,32,-0.0018468201023286307,0.019602851677454458,0.0659813297404388,32,False
68,33,-0.0018468201023286307,0.019602851677454458,0.0659813297404388,33,False
68,34,-0.0018468201023286307,0.019602851677454458,0.0659813297404388,34,False
68,35,-0.0018468201023286307,0.019602851677454458,0.0659813297404388,35,False
68,36,-0.0018468201023286307,0.019602851677454458,0.0659813297404388,36,False
68,37,-0.0018468201023286307,0.019602851677454458,0.0659813297404388,37,False
68,38,-0.0018468201023286307,0.019602851677454458,0.0659813297404388,38,False
68,39,-0.0018468201023286307,0.019602851677454458,0.0659813297404388,39,False
68,40,-0.0018468201023286307,0.019602851677454458,0.0659813297404388,40,False
68,41,-0.0018468201023286307,0.019602851677454458,0.0659813297404388,41,False
68,42,-0.0018468201023286307,0.019602851677454458,0.0659813297404388,42,False
68,43,-0.0018468201023286307,0.019602851677454458,0.0659813297404388,43,False
68,44,-0.0018468201023286307,0.019602851677454458,0.0659813297404388,44,False
68,45,-0.0018468201023286307,0.019602851677454458,0.0659813297404388,45,False
68,46,-0.0018468201023286307,0.019602851677454458,0.0659813297404388,46,False
68,47,-0.0018468201023286307,0.019602851677454458,0.0659813297404388,47,False
68,48,-0.05658727490586232,-0.012747189097307397,0.25130310637126074,48,False
68,49,-0.05658727490586232,0.015647356615091253,0.2554164072120817,49,False
68,50,-0.05658727490586232,0.015647356615091253,0.2554164072120817,50,False
69,1,-0.0018468201023286307,-0.012747189097307397,0.04084266811205284,1,True
69,2,-0.0018468201023286307,-0.012747189097307397,0.04084266811205284,2,False
69,3,-0.0018468201023286307,-0.012747189097307397,0.04084266811205284,3,False
69,4,-0.0018468201023286307,-0.012747189097307397,0.04084266811205284,4,False
69,5,-0.0018468201023286307,-0.012747189097307397,0.04084266811205284,5,False
69,6,-0.0018468201023286307,-0.012747189097307397,0.04084266811205284,6,False
69,7,-0.0018468201023286307,-0.012747189097307397,0.04084266811205284,7,False
69,8,-0.0018468201023286307,-0.012747189097307397,0.04084266811205284,8,False
69,9,-0.0018468201023286307,-0.012747189097307397,0.04084266811205284,9,False
69,10,-0.0018468201023286307,-0.012747189097307397,0.04084266811205284,10,False
69,11,-0.0018468201023286307,-0.012747189097307397,0.04084266811205284,11,False
69,12,-0.0018468201023286307,-0.012747189097307397,0.04084266811205284,12,False
69,13,-0.0018468201023286307,0.015647356615091253,0.05116171862174257,13,False
69,14,-0.0018468201023286307,0.015647356615091253,0.05116171862174257,14,False
69,15,-0.0018468201023286307,0.015647356615091253,0.05116171862174257,15,False
69,16,-0.0018468201023286307,0.015647356615091253,0.05116171862174257,16,False
69,17,-0.0018468201023286307,0.015647356615091253,0.05116171862174257,17,False
69,18,-0.0018468201023286307,0.015647356615091253,0.05116171862174257,18,False
69,19,-0.0018468201023286307,0.015647356615091253,0.05116171862174257,19,False
69,20,-0.0018468201023286307,0.015647356615091253,0.05116171862174257,20,False
69,21,-0.0018468201023286307,0.015647356615091253,0.05116171862174257,21,False
69,22,-0.0018468201023286307,0.015647356615091253,0.05116171862174257,22,False
69,23,-0.0018468201023286307,0.015647356615091253,0.05116171862174257,23,False
69,24,-0.0018468201023286307,0.015647356615091253,0.05116171862174257,24,False
69,25,-0.0018468201023286307,0.015647356615091253,0.05116171862174257,25,False
69,26,-0.0018468201023286307,0.015647356615091253,0.05116171862174257,26,False
69,27,-0.0018468201023286307,0.015647356615091253,0.05116171862174257,27,False
69,28,-0.0018468201023286307,0.015647356615091253,0.05116171862174257,28,False
69,29,-0.0018468201023286307,0.015647356615091253,0.05116171862174257,29,False
69,30,-0.0018468201023286307,0.015647356615091253,0.05116171862174257,30,False
69,31,-0.0018468201023286307,0.015647356615091253,0.05116171862174257,31,False
69,32,-0.0018468201023286307,0.019602851677454458,0.0659813297404388,32,False
69,33,-0.0018468201023286307,0.019602851677454458,0.0659813297404388,33,False
69,34,-0.0018468201023286307,0.019602851677454458,0.0659813297404388,34,False
69,35,-0.0018468201023286307,0.019602851677454458,0.0659813297404388,35,False
69,36,-0.0018468201023286307,0.019602851677454458,0.0659813297404388,36,False
69,37,-0.0018468201023286307,0.019602851677454458,0.0659813297404388,37,False
69,38,-0.0018468201023286307,0.019602851677454458,0.0659813297404388,38,False
69,39,-0.0018468201023286307,0.019602851677454458,0.0659813297404388,39,False
69,40,-0.0018468201023286307,0.019602851677454458,0.0659813297404388,40,False
69,41,-0.0018468201023286307,0.019602851677454458,0.0659813297404388,41,False
69,42,-0.0018468201023286307,0.019602851677454458,0.0659813297404388,42,False
69,43,-0.0018468201023286307,0.019602851677454458,0.0659813297404388,43,False
69,44,-0.0018468201023286307,0.019602851677454458,0.0659813297404388,44,False
69,45,-0.0018468201023286307,0.019602851677454458,0.0659813297404388,45,False
69,46,-0.0018468201023286307,0.03770417130736779,0.14427454011112717,46,False
69,47,-0.12209629934352578,0.019602851677454458,0.7109083563803975,47,False
69,48,-1.096964729736243,0.019602851677454458,3.117673736904742,48,False
69,49,-0.6784812664575919,0.019602851677454458,3.2270248097837073,49,False
69,50,0.6162251662621385,0.019602851677454458,3.2565589754303557,50,False
70,1,-0.0018468201023286307,-0.012747189097307397,0.04084266811205284,1,True
70,2,-0.0018468201023286307,-0.012747189097307397,0.04084266811205284,2,False
70,3,-0.0018468201023286307,-0.012747189097307397,0.04084266811205284,3,False
70,4,-0.0018468201023286307,-0.012747189097307397,0.04084266811205284,4,False
70,5,-0.0018468201023286307,-0.012747189097307397,0.04084266811205284,5,False
70,6,-0.0018468201023286307,-0.012747189097307397,0.04084266811205284,6,False
70,7,-0.0018468201023286307,-0.012747189097307397,0.04084266811205284,7,False
70,8,-0.0018468201023286307,-0.012747189097307397,0.04084266811205284,8,False
70,9,-0.0018468201023286307,-0.012747189097307397,0.04084266811205284,9,False
70,10,-0.0018468201023286307,-0.012747189097307397,0.04084266811205284,10,False
70,11,-0.0018468201023286307,-0.012747189097307397,0.04084266811205284,11,False
70,12,-0.0018468201023286307,-0.012747189097307397,0.04084266811205284,12,False
70,13,-0.0018468201023286307,-0.012747189097307397,0.04084266811205284,13,False
70,14,-0.0018468201023286307,0.015647356615091253,0.05116171862174257,14,False
70,15,-0.0018468201023286307,0.015647356615091253,0.05116171862174257,15,False
70,16,-0.0018468201023286307,0.015647356615091253,0.05116171862174257,16,False
70,17,-0.0018468201023286307,0.015647356615091253,0.05116171862174257,17,False
70,18,-0.0018468201023286307,0.015647356615091253,0.05116171862174257,18,False
70,19,-0.0018468201023286307,0.015647356615091253,0.05116171862174257,19,False
70,20,-0.0018468201023286307,0.015647356615091253,0.05116171862174257,20,False
70,21,-0.0018468201023286307,0.015647356615091253,0.05116171862174257,21,False
70,22,-0.0018468201023286307,0.015647356615091253,0.05116171862174257,22,False
70,23,-0.0018468201023286307,0.015647356615091253,0.05116171862174257,23,False
70,24,-0.0018468201023286307,0.015647356615091253,0.05116171862174257,24,False
70,25,-0.0018468201023286307,0.015647356615091253,0.05116171862174257,25,False
70,26,-0.0018468201023286307,0.015647356615091253,0.05116171862174257,26,False
70,27,-0.0018468201023286307,0.015647356615091253,0.05116171862174257,27,False
70,28,-0.0018468201023286307,0.015647356615091253,0.05116171862174257,28,False
70,29,-0.0018468201023286307,0.019602851677454458,0.0659813297404388,29,False
70,30,-0.0018468201023286307,0.019602851677454458,0.0659813297404388,30,False
70,31,-0.0018468201023286307,0.019602851677454458,0.0659813297404388,31,False
70,32,-0.0018468201023286307,0.019602851677454458,0.0659813297404388,32,False
70,33,-0.0018468201023286307,0.019602851677454458,0.0659813297404388,33,False
70,34,-0.0018468201023286307,0.019602851677454458,0.0659813297404388,34,False
70,35,-0.0018468201023286307,0.019602851677454458,0.0659813297404388,35,False
70,36,-0.0018468201023286307,0.019602851677454458,0.0659813297404388,36,False
70,37,-0.0018468201023286307,0.019602851677454458,0.0659813297404388,37,False
70,38,-0.0018468201023286307,0.019602851677454458,0.0659813297404388,38,False
70,39,-0.0018468201023286307,0.019602851677454458,0.0659813297404388,39,False
70,40,-0.0018468201023286307,0.019602851677454458,0.0659813297404388,40,False
70,41,-0.0018468201023286307,0.019602851677454458,0.0659813297404388,41,False
70,42,-0.0018468201023286307,0.019602851677454458,0.0659813297404388,42,False
70,43,-0.0018468201023286307,0.019602851677454458,0.0659813297404388,43,False
70,44,-0.0018468201023286307,0.019602851677454458,0.0659813297404388,44,False
70,45,-0.0018468201023286307,0.019602851677454458,0.0659813297404388,45,False
70,46,-0.0018468201023286307,0.019602851677454458,0.0659813297404388,46,False
70,47,-0.0018468201023286307,0.03770417130736779,0.14427454011112717,47,False
70,48,-0.0018468201023286307,0.03770417130736779,0.14427454011112717,48,False
70,49,-0.12209629934352578,0.015647356615091253,0.7061026778974449,49,False
70,50,-0.0018468201023286307,0.6213099539951606,3.252292911402002,50,False
71,1,-0.0018468201023286307,-0.012747189097307397,0.04084266811205284,1,True
71,2,-0.0018468201023286307,-0.012747189097307397,0.04084266811205284,2,False
71,3,-0.0018468201023286307,-0.012747189097307397,0.04084266811205284,3,False
71,4,-0.0018468201023286307,-0.012747189097307397,0.04084266811205284,4,False
71,5,-0.0018468201023286307,-0.012747189097307397,0.04084266811205284,5,False
71,6,-0.0018468201023286307,-0.012747189097307397,0.04084266811205284,6,False
71,7,-0.0018468201023286307,-0.012747189097307397,0.04084266811205284,7,False
71,8,-0.0018468201023286307,-0.012747189097307397,0.04084266811205284,8,False
71,9,-0.0018468201023286307,-0.012747189097307397,0.04084266811205284,9,False
71,10,-0.0018468201023286307,-0.012747189097307397,0.04084266811205284,10,False
71,11,-0.0018468201023286307,-0.012747189097307397,0.04084266811205284,11,False
71,12,-0.0018468201023286307,-0.012747189097307397,0.04084266811205284,12,False
71,13,-0.0018468201023286307,-0.012747189097307397,0.04084266811205284,13,False
71,14,-0.0018468201023286307,-0.012747189097307397,0.04084266811205284,14,False
71,15,-0.0018468201023286307,-0.012747189097307397,0.04084266811205284,15,False
71,16,-0.0018468201023286307,0.015647356615091253,0.05116171862174257,16,False
71,17,-0.0018468201023286307,0.015647356615091253,0.05116171862174257,17,False
71,18,-0.0018468201023286307,0.015647356615091253,0.05116171862174257,18,False
71,19,-0.0018468201023286307,0.015647356615091253,0.05116171862174257,19,False
71,20,-0.0018468201023286307,0.015647356615091253,0.05116171862174257,20,False
71,21,-0.0018468201023286307,0.015647356615091253,0.05116171862174257,21,False
71,22,-0.0018468201023286307,0.015647356615091253,0.05116171862174257,22,False
71,23,-0.0018468201023286307,0.015647356615091253,0.05116171862174257,23,False
71,24,-0.0018468201023286307,0.015647356615091253,0.05116171862174257,24,False
71,25,-0.0018468201023286307,0.015647356615091253,0.05116171862174257,25,False
71,26,-0.0018468201023286307,0.015647356615091253,0.05116171862174257,26,False
71,27,-0.0018468201023286307,0.015647356615091253,0.05116171862174257,27,False
71,28,-0.0018468201023286307,0.015647356615091253,0.05116171862174257,28,False
71,29,-0.0018468201023286307,0.015647356615091253,0.05116171862174257,29,False
71,30,-0.0018468201023286307,0.015647356615091253,0.05116171862174257,30,False
71,31,-0.0018468201023286307,0.015647356615091253,0.05116171862174257,31,False
71,32,-0.0018468201023286307,0.015647356615091253,0.05116171862174257,32,False
71,33,-0.0018468201023286307,0.019602851677454458,0.0659813297404388,33,False
71,34,-0.0018468201023286307,0.019602851677454458,0.0659813297404388,34,False
71,35,-0.0018468201023286307,0.019602851677454458,0.0659813297404388,35,False
71,36,-0.0018468201023286307,0.019602851677454458,0.0659813297404388,36,False
71,37,-0.0018468201023286307,0.019602851677454458,0.0659813297404388,37,False
71,38,-0.0018468201023286307,0.019602851677454458,0.0659813297404388,38,False
71,39,-0.0018468201023286307,0.019602851677454458,0.0659813297404388,39,False
71,40,-0.0018468201023286307,0.019602851677454458,0.0659813297404388,40,False
71,41,-0.0018468201023286307,0.019602851677454458,0.0659813297404388,41,False
71,42,-0.0018468201023286307,0.019602851677454458,0.0659813297404388,42,False
71,43,-0.0018468201023286307,0.03770417130736779,0.14427454011112717,43,False
71,44,-0.0018468201023286307,0.03770417130736779,0.14427454011112717,44,False
71,45,-0.0018468201023286307,0.03770417130736779,0.14427454011112717,45,False
71,46,-0.0018468201023286307,0.03770417130736779,0.14427454011112717,46,False
71,47,-0.12209629934352578,0.019602851677454458,0.7109083563803975,47,False
71,48,-0.12209629934352578,0.019602851677454458,0.7109083563803975,48,False
71,49,-0.0018468201023286307,0.16927335145929392,1.0895029654538857,49,False
71,50,-0.0018468201023286307,1.2193102173524877,4.071596383803957,50,False
72,1,-0.0018468201023286307,-0.012747189097307397,0.04084266811205284,1,True
72,2,-0.0018468201023286307,-0.012747189097307397,0.04084266811205284,2,False
72,3,-0.0018468201023286307,-0.012747189097307397,0.04084266811205284,3,False
72,4,-0.0018468201023286307,-0.012747189097307397,0.04084266811205284,4,False
72,5,-0.0018468201023286307,-0.012747189097307397,0.04084266811205284,5,False
72,6,-0.0018468201023286307,-0.012747189097307397,0.04084266811205284,6,False
72,7,-0.0018468201023286307,-0.012747189097307397,0.04084266811205284,7,False
72,8,-0.0018468201023286307,-0.012747189097307397,0.04084266811205284,8,False
72,9,-0.0018468201023286307,-0.012747189097307397,0.04084266811205284,9,False
72,10,-0.0018468201023286307,-0.012747189097307397,0.04084266811205284,10,False
72,11,-0.0018468201023286307,-0.012747189097307397,0.04084266811205284,11,False
72,12,-0.0018468201023286307,-0.012747189097307397,0.04084266811205284,12,False
72,13,-0.0018468201023286307,-0.012747189097307397,0.04084266811205284,13,False
72,14,-0.0018468201023286307,-0.012747189097307397,0.04084266811205284,14,False
72,15,-0.0018468201023286307,-0.012747189097307397,0.04084266811205284,15,False
72,16,-0.0018468201023286307,0.015647356615091253,0.05116171862174257,16,False
72,17,-0.0018468201023286307,0.015647356615091253,0.05116171862174257,17,False
72,18,-0.0018468201023286307,0.015647356615091253,0.05116171862174257,18,False
72,19,-0.0018468201023286307,0.015647356615091253,0.05116171862174257,19,False
72,20,-0.0018468201023286307,0.015647356615091253,0.05116171862174257,20,False
72,21,-0.0018468201023286307,0.015647356615091253,0.05116171862174257,21,False
72,22,-0.0018468201023286307,0.015647356615091253,0.05116171862174257,22,False
72,23,-0.0018468201023286307,0.015647356615091253,0.05116171862174257,23,False
72,24,-0.0018468201023286307,0.015647356615091253,0.05116171862174257,24,False
72,25,-0.0018468201023286307,0.015647356615091253,0.05116171862174257,25,False
72,26,-0.0018468201023286307,0.015647356615091253,0.05116171862174257,26,False
72,27,-0.0018468201023286307,0.015647356615091253,0.05116171862174257,27,False
72,28,-0.0018468201023286307,0.015647356615091253,0.05116171862174257,28,False
72,29,-0.0018468201023286307,0.015647356615091253,0.05116171862174257,29,False
72,30,-0.0018468201023286307,0.015647356615091253,0.05116171862174257,30,False
72,31,-0.0018468201023286307,0.015647356615091253,0.05116171862174257,31,False
72,32,-0.0018468201023286307,0.015647356615091253,0.05116171862174257,32,False
72,33,-0.0018468201023286307,0.019602851677454458,0.0659813297404388,33,False
72,34,-0.0018468201023286307,0.019602851677454458,0.0659813297404388,34,False
72,35,-0.0018468201023286307,0.019602851677454458,0.0659813297404388,35,False
72,36,-0.0018468201023286307,0.019602851677454458,0.0659813297404388,36,False
72,37,-0.0018468201023286307,0.019602851677454458,0.0659813297404388,37,False
72,38,-0.0018468201023286307,0.019602851677454458,0.0659813297404388,38,False
72,39,-0.0018468201023286307,0.019602851677454458,0.0659813297404388,39,False
72,40,-0.0018468201023286307,0.019602851677454458,0.0659813297404388,40,False
72,41,-0.0018468201023286307,0.019602851677454458,0.0659813297404388,41,False
72,42,-0.0018468201023286307,0.019602851677454458,0.0659813297404388,42,False
72,43,-0.0018468201023286307,0.019602851677454458,0.0659813297404388,43,False
72,44,-0.0018468201023286307,0.03770417130736779,0.14427454011112717,44,False
72,45,-0.0018468201023286307,0.03770417130736779,0.14427454011112717,45,False
72,46,-0.0018468201023286307,0.03770417130736779,0.14427454011112717,46,False
72,47,-0.0018468201023286307,0.03770417130736779,0.14427454011112717,47,False
72,48,-0.0018468201023286307,0.03770417130736779,0.14427454011112717,48,False
72,49,-0.0018468201023286307,-0.423520408844025,2.8227963153803732,49,False
72,50,0.5236095302916698,0.019602851677454458,3.145027081516844,50,False
73,1,-0.0018468201023286307,-0.012747189097307397,0.04084266811205284,1,True
73,2,-0.0018468201023286307,-0.012747189097307397,0.04084266811205284,2,False
73,3,-0.0018468201023286307,-0.012747189097307397,0.04084266811205284,3,False
73,4,-0.0018468201023286307,-0.012747189097307397,0.04084266811205284,4,False
73,5,-0.0018468201023286307,-0.012747189097307397,0.04084266811205284,5,False
73,6,-0.0018468201023286307,-0.012747189097307397,0.04084266811205284,6,False
73,7,-0.0018468201023286307,-0.012747189097307397,0.04084266811205284,7,False
73,8,-0.0018468201023286307,-0.012747189097307397,0.04084266811205284,8,False
73,9,-0.0018468201023286307,-0.012747189097307397,0.04084266811205284,9,False
73,10,-0.0018468201023286307,-0.012747189097307397,0.04084266811205284,10,False
73,11,-0.0018468201023286307,-0.012747189097307397,0.04084266811205284,11,False
73,12,-0.0018468201023286307,-0.012747189097307397,0.04084266811205284,12,False
73,13,-0.0018468201023286307,0.015647356615091253,0.05116171862174257,13,False
73,14,-0.0018468201023286307,0.015647356615091253,0.05116171862174257,14,False
73,15,-0.0018468201023286307,0.015647356615091253,0.05116171862174257,15,False
73,16,-0.0018468201023286307,0.015647356615091253,0.05116171862174257,16,False
73,17,-0.0018468201023286307,0.015647356615091253,0.05116171862174257,17,False
73,18,-0.0018468201023286307,0.015647356615091253,0.05116171862174257,18,False
73,19,-0.0018468201023286307,0.015647356615091253,0.05116171862174257,19,False
73,20,-0.0018468201023286307,0.015647356615091253,0.05116171862174257,20,False
73,21,-0.0018468201023286307,0.015647356615091253,0.05116171862174257,21,False
73,22,-0.0018468201023286307,0.015647356615091253,0.05116171862174257,22,False
73,23,-0.0018468201023286307,0.015647356615091253,0.05116171862174257,23,False
73,24,-0.0018468201023286307,0.015647356615091253,0.05116171862174257,24,False
73,25,-0.0018468201023286307,0.015647356615091253,0.05116171862174257,25,False
73,26,-0.0018468201023286307,0.015647356615091253,0.05116171862174257,26,False
73,27,-0.0018468201023286307,0.015647356615091253,0.05116171862174257,27,False
73,28,-0.0018468201023286307,0.015647356615091253,0.05116171862174257,28,False
73,29,-0.0018468201023286307,0.015647356615091253,0.05116171862174257,29,False
73,30,-0.0018468201023286307,0.015647356615091253,0.05116171862174257,30,False
73,31,-0.0018468201023286307,0.015647356615091253,0.05116171862174257,31,False
73,32,-0.0018468201023286307,0.015647356615091253,0.05116171862174257,32,False
73,33,-0.0018468201023286307,0.015647356615091253,0.05116171862174257,33,False
73,34,-0.0018468201023286307,0.019602851677454458,0.0659813297404388,34,False
73,35,-0.0018468201023286307,0.019602851677454458,0.0659813297404388,35,False
73,36,-0.0018468201023286307,0.019602851677454458,0.0659813297404388,36,False
73,37,-0.0018468201023286307,0.019602851677454458,0.0659813297404388,37,False
73,38,-0.0018468201023286307,0.019602851677454458,0.0659813297404388,38,False
73,39,-0.0018468201023286307,0.019602851677454458,0.0659813297404388,39,False
73,40,-0.0018468201023286307,0.019602851677454458,0.0659813297404388,40,False
73,41,-0.0018468201023286307,0.019602851677454458,0.0659813297404388,41,False
73,42,-0.0018468201023286307,0.019602851677454458,0.0659813297404388,42,False
73,43,-0.0018468201023286307,0.03770417130736779,0.14427454011112717,43,False
73,44,-0.0018468201023286307,0.03770417130736779,0.14427454011112717,44,False
73,45,-0.0018468201023286307,0.03770417130736779,0.14427454011112717,45,False
73,46,-0.0018468201023286307,0.03770417130736779,0.14427454011112717,46,False
73,47,-0.0018468201023286307,0.03770417130736779,0.14427454011112717,47,False
73,48,-0.0018468201023286307,0.03770417130736779,0.14427454011112717,48,False
73,49,-0.0018468201023286307,0.03770417130736779,0.14427454011112717,49,False
73,50,0.40200698124838874,0.019602851677454458,2.7328668243367287,50,False
74,1,-0.0018468201023286307,-0.012747189097307397,0.04084266811205284,1,True
74,2,-0.0018468201023286307,-0.012747189097307397,0.04084266811205284,2,False
74,3,-0.0018468201023286307,-0.012747189097307397,0.04084266811205284,3,False
74,4,-0.0018468201023286307,-0.012747189097307397,0.04084266811205284,4,False
74,5,-0.0018468201023286307,-0.012747189097307397,0.04084266811205284,5,False
74,6,-0.0018468201023286307,-0.012747189097307397,0.04084266811205284,6,False
74,7,-0.0018468201023286307,-0.012747189097307397,0.04084266811205284,7,False
74,8,-0.0018468201023286307,-0.012747189097307397,0.04084266811205284,8,False
74,9,-0.0018468201023286307,-0.012747189097307397,0.04084266811205284,9,False
74,10,-0.0018468201023286307,-0.012747189097307397,0.04084266811205284,10,False
74,11,-0.0018468201023286307,-0.012747189097307397,0.04084266811205284,11,False
74,12,-0.0018468201023286307,-0.012747189097307397,0.04084266811205284,12,False
74,13,-0.0018468201023286307,-0.012747189097307397,0.04084266811205284,13,False
74,14,-0.0018468201023286307,-0.012747189097307397,0.04084266811205284,14,False
74,15,-0.0018468201023286307,0.015647356615091253,0.05116171862174257,15,False
74,16,-0.0018468201023286307,0.015647356615091253,0.05116171862174257,16,False
74,17,-0.0018468201023286307,0.015647356615091253,0.05116171862174257,17,False
74,18,-0.0018468201023286307,0.015647356615091253,0.05116171862174257,18,False
74,19,-0.0018468201023286307,0.015647356615091253,0.05116171862174257,19,False
74,20,-0.0018468201023286307,0.015647356615091253,0.05116171862174257,20,False
74,21,-0.0018468201023286307,0.015647356615091253,0.05116171862174257,21,False
74,22,-0.0018468201023286307,0.015647356615091253,0.05116171862174257,22,False
74,23,-0.0018468201023286307,0.015647356615091253,0.05116171862174257,23,False
74,24,-0.0018468201023286307,0.015647356615091253,0.05116171862174257,24,False
74,25,-0.0018468201023286307,0.015647356615091253,0.05116171862174257,25,False
74,26,-0.0018468201023286307,0.015647356615091253,0.05116171862174257,26,False
74,27,-0.0018468201023286307,0.015647356615091253,0.05116171862174257,27,False
74,28,-0.0018468201023286307,0.015647356615091253,0.05116171862174257,28,False
74,29,-0.0018468201023286307,0.015647356615091253,0.05116171862174257,29,False
74,30,-0.0018468201023286307,0.015647356615091253,0.05116171862174257,30,False
74,31,-0.0018468201023286307,0.015647356615091253,0.05116171862174257,31,False
74,32,-0.0018468201023286307,0.015647356615091253,0.05116171862174257,32,False
74,33,-0.0018468201023286307,0.015647356615091253,0.05116171862174257,33,False
74,34,-0.0018468201023286307,0.015647356615091253,0.05116171862174257,34,False
74,35,-0.0018468201023286307,0.015647356615091253,0.05116171862174257,35,False
74,36,-0.0018468201023286307,0.015647356615091253,0.05116171862174257,36,False
74,37,-0.0018468201023286307,0.019602851677454458,0.0659813297404388,37,False
74,38,-0.0018468201023286307,0.019602851677454458,0.0659813297404388,38,False
74,39,-0.0018468201023286307,0.019602851677454458,0.0659813297404388,39,False
74,40,-0.0018468201023286307,0.019602851677454458,0.0659813297404388,40,False
74,41,-0.0018468201023286307,0.019602851677454458,0.0659813297404388,41,False
74,42,-0.0018468201023286307,0.019602851677454458,0.0659813297404388,42,False
74,43,-0.0018468201023286307,0.03770417130736779,0.14427454011112717,43,False
74,44,-0.0018468201023286307,0.03770417130736779,0.14427454011112717,44,False
74,45,-0.0018468201023286307,0.03770417130736779,0.14427454011112717,45,False
74,46,-0.0018468201023286307,0.03770417130736779,0.14427454011112717,46,False
74,47,-0.0018468201023286307,0.03770417130736779,0.14427454011112717,47,False
74,48,-0.0018468201023286307,0.03770417130736779,0.14427454011112717,48,False
74,49,-0.0018468201023286307,0.03770417130736779,0.14427454011112717,49,False
74,50,-0.0018468201023286307,0.03770417130736779,0.14427454011112717,50,False
75,1,-0.0018468201023286307,-0.012747189097307397,0.04084266811205284,1,True
75,2,-0.0018468201023286307,-0.012747189097307397,0.04084266811205284,2,False
75,3,-0.0018468201023286307,-0.012747189097307397,0.04084266811205284,3,False
75,4,-0.0018468201023286307,-0.012747189097307397,0.04084266811205284,4,False
75,5,-0.0018468201023286307,-0.012747189097307397,0.04084266811205284,5,False
75,6,-0.0018468201023286307,-0.012747189097307397,0.04084266811205284,6,False
75,7,-0.0018468201023286307,-0.012747189097307397,0.04084266811205284,7,False
75,8,-0.0018468201023286307,-0.012747189097307397,0.04084266811205284,8,False
75,9,-0.0018468201023286307,-0.012747189097307397,0.04084266811205284,9,False
75,10,-0.0018468201023286307,-0.012747189097307397,0.04084266811205284,10,False
75,11,-0.0018468201023286307,-0.012747189097307397,0.04084266811205284,11,False
75,12,-0.0018468201023286307,-0.012747189097307397,0.04084266811205284,12,False
75,13,-0.0018468201023286307,-0.012747189097307397,0.04084266811205284,13,False
75,14,-0.0018468201023286307,-0.012747189097307397,0.04084266811205284,14,False
75,15,-0.0018468201023286307,-0.012747189097307397,0.04084266811205284,15,False
75,16,-0.0018468201023286307,-0.012747189097307397,0.04084266811205284,16,False
75,17,-0.0018468201023286307,0.015647356615091253,0.05116171862174257,17,False
75,18,-0.0018468201023286307,0.015647356615091253,0.05116171862174257,18,False
75,19,-0.0018468201023286307,0.015647356615091253,0.05116171862174257,19,False
75,20,-0.0018468201023286307,0.015647356615091253,0.05116171862174257,20,False
75,21,-0.0018468201023286307,0.015647356615091253,0.05116171862174257,21,False
75,22,-0.0018468201023286307,0.015647356615091253,0.05116171862174257,22,False
75,23,-0.0018468201023286307,0.015647356615091253,0.05116171862174257,23,False
75,24,-0.0018468201023286307,0.015647356615091253,0.05116171862174257,24,False
75,25,-0.0018468201023286307,0.015647356615091253,0.05116171862174257,25,False
75,26,-0.0018468201023286307,0.015647356615091253,0.05116171862174257,26,False
75,27,-0.0018468201023286307,0.015647356615091253,0.05116171862174257,27,False
75,28,-0.0018468201023286307,0.015647356615091253,0.05116171862174257,28,False
75,29,-0.0018468201023286307,0.015647356615091253,0.05116171862174257,29,False
75,30,-0.0018468201023286307,0.015647356615091253,0.05116171862174257,30,False
75,31,-0.0018468201023286307,0.015647356615091253,0.05116171862174257,31,False
75,32,-0.0018468201023286307,0.015647356615091253,0.05116171862174257,32,False
75,33,-0.0018468201023286307,0.015647356615091253,0.05116171862174257,33,False
75,34,-0.0018468201023286307,0.015647356615091253,0.05116171862174257,34,False
75,35,-0.0018468201023286307,0.015647356615091253,0.05116171862174257,35,False
75,36,-0.0018468201023286307,0.015647356615091253,0.05116171862174257,36,False
75,37,-0.0018468201023286307,0.015647356615091253,0.05116171862174257,37,False
75,38,-0.0018468201023286307,0.015647356615091253,0.05116171862174257,38,False
75,39,-0.0018468201023286307,0.015647356615091253,0.05116171862174257,39,False
75,40,-0.0018468201023286307,0.015647356615091253,0.05116171862174257,40,False
75,41,-0.0018468201023286307,0.015647356615091253,0.05116171862174257,41,False
75,42,-0.0018468201023286307,0.015647356615091253,0.05116171862174257,42,False
75,43,-0.0018468201023286307,0.015647356615091253,0.05116171862174257,43,False
75,44,-0.0018468201023286307,0.015647356615091253,0.05116171862174257,44,False
75,45,-0.0018468201023286307,0.015647356615091253,0.05116171862174257,45,False
75,46,-0.0018468201023286307,0.019602851677454458,0.0659813297404388,46,False
75,47,-0.0018468201023286307,0.019602851677454458,0.0659813297404388,47,False
75,48,-0.0018468201023286307,0.019602851677454458,0.0659813297404388,48,False
75,49,-0.0018468201023286307,0.07039691939556464,0.3259831023657971,49,False
75,50,-0.22960688204065288,0.019602851677454458,1.6087100482044439,50,False
76,1,-0.0018468201023286307,0.004958947112135738,0.015712625676908676,1,True
76,2,-0.0018468201023286307,-0.012747189097307397,0.04084266811205284,2,False
76,3,-0.0018468201023286307,-0.012747189097307397,0.04084266811205284,3,False
76,4,-0.0018468201023286307,-0.012747189097307397,0.04084266811205284,4,False
76,5,-0.0018468201023286307,-0.012747189097307397,0.04084266811205284,5,False
76,6,-0.0018468201023286307,-0.012747189097307397,0.04084266811205284,6,False
76,7,-0.0018468201023286307,-0.012747189097307397,0.04084266811205284,7,False
76,8,-0.0018468201023286307,-0.012747189097307397,0.04084266811205284,8,False
76,9,-0.0018468201023286307,-0.012747189097307397,0.04084266811205284,9,False
76,10,-0.0018468201023286307,-0.012747189097307397,0.04084266811205284,10,False
76,11,-0.0018468201023286307,-0.012747189097307397,0.04084266811205284,11,False
76,12,-0.0018468201023286307,-0.012747189097307397,0.04084266811205284,12,False
76,13,-0.0018468201023286307,-0.012747189097307397,0.04084266811205284,13,False
76,14,-0.0018468201023286307,-0.012747189097307397,0.04084266811205284,14,False
76,15,-0.0018468201023286307,-0.012747189097307397,0.04084266811205284,15,False
76,16,-0.0018468201023286307,-0.012747189097307397,0.04084266811205284,16,False
76,17,-0.0018468201023286307,-0.012747189097307397,0.04084266811205284,17,False
76,18,-0.0018468201023286307,-0.012747189097307397,0.04084266811205284,18,False
76,19,-0.0018468201023286307,-0.012747189097307397,0.04084266811205284,19,False
76,20,-0.0018468201023286307,-0.012747189097307397,0.04084266811205284,20,False
76,21,-0.0018468201023286307,-0.012747189097307397,0.04084266811205284,21,False
76,22,-0.0018468201023286307,-0.012747189097307397,0.04084266811205284,22,False
76,23,-0.0018468201023286307,-0.012747189097307397,0.04084266811205284,23,False
76,24,-0.0018468201023286307,-0.012747189097307397,0.04084266811205284,24,False
76,25,-0.0018468201023286307,0.015647356615091253,0.05116171862174257,25,False
76,26,-0.0018468201023286307,0.015647356615091253,0.05116171862174257,26,False
76,27,-0.0018468201023286307,0.015647356615091253,0.05116171862174257,27,False
76,28,-0.0018468201023286307,0.015647356615091253,0.05116171862174257,28,False
76,29,-0.0018468201023286307,0.015647356615091253,0.05116171862174257,29,False
76,30,-0.0018468201023286307,0.015647356615091253,0.05116171862174257,30,False
76,31,-0.0018468201023286307,0.015647356615091253,0.05116171862174257,31,False
76,32,-0.0018468201023286307,0.015647356615091253,0.05116171862174257,32,False
76,33,-0.0018468201023286307,0.015647356615091253,0.05116171862174257,33,False
76,34,-0.0018468201023286307,0.015647356615091253,0.05116171862174257,34,False
76,35,-0.0018468201023286307,0.015647356615091253,0.05116171862174257,35,False
76,36,-0.0018468201023286307,0.015647356615091253,0.05116171862174257,36,False
76,37,-0.0018468201023286307,0.015647356615091253,0.05116171862174257,37,False
76,38,-0.0018468201023286307,0.015647356615091253,0.05116171862174257,38,False
76,39,-0.0018468201023286307,0.015647356615091253,0.05116171862174257,39,False
76,40,-0.0018468201023286307,0.015647356615091253,0.05116171862174257,40,False
76,41,-0.0018468201023286307,0.015647356615091253,0.05116171862174257,41,False
76,42,-0.0018468201023286307,0.015647356615091253,0.05116171862174257,42,False
76,43,-0.0018468201023286307,0.015647356615091253,0.05116171862174257,43,False
76,44,-0.0018468201023286307,0.015647356615091253,0.05116171862174257,44,False
76,45,-0.0018468201023286307,0.015647356615091253,0.05116171862174257,45,False
76,46,-0.0018468201023286307,0.019602851677454458,0.0659813297404388,46,False
76,47,-0.0018468201023286307,0.019602851677454458,0.0659813297404388,47,False
76,48,-0.0018468201023286307,-0.19679074374059052,1.324631797463209,48,False
76,49,0.20018110395771932,-0.012747189097307397,1.3575794941431636,49,False
76,50,-0.0018468201023286307,0.4485069306517255,2.9212196847797363,50,False
77,1,-0.0018468201023286307,0.004958947112135738,0.015712625676908676,1,True
77,2,-0.0018468201023286307,0.004958947112135738,0.015712625676908676,2,False
77,3,-0.0018468201023286307,0.004958947112135738,0.015712625676908676,3,False
77,4,-0.0018468201023286307,0.004958947112135738,0.015712625676908676,4,False
77,5,-0.0018468201023286307,-0.012747189097307397,0.04084266811205284,5,False
77,6,-0.0018468201023286307,-0.012747189097307397,0.04084266811205284,6,False
77,7,-0.0018468201023286307,-0.012747189097307397,0.04084266811205284,7,False
77,8,-0.0018468201023286307,-0.012747189097307397,0.04084266811205284,8,False
77,9,-0.0018468201023286307,-0.012747189097307397,0.04084266811205284,9,False
77,10,-0.0018468201023286307,-0.012747189097307397,0.04084266811205284,10,False
77,11,-0.0018468201023286307,-0.012747189097307397,0.04084266811205284,11,False
77,12,-0.0018468201023286307,-0.012747189097307397,0.04084266811205284,12,False
77,13,-0.0018468201023286307,-0.012747189097307397,0.04084266811205284,13,False
77,14,-0.0018468201023286307,-0.012747189097307397,0.04084266811205284,14,False
77,15,-0.0018468201023286307,-0.012747189097307397,0.04084266811205284,15,False
77,16,-0.0018468201023286307,-0.012747189097307397,0.04084266811205284,16,False
77,17,-0.0018468201023286307,-0.012747189097307397,0.04084266811205284,17,False
77,18,-0.0018468201023286307,-0.012747189097307397,0.04084266811205284,18,False
77,19,-0.0018468201023286307,-0.012747189097307397,0.04084266811205284,19,False
77,20,-0.0018468201023286307,-0.012747189097307397,0.04084266811205284,20,False
77,21,-0.0018468201023286307,-0.012747189097307397,0.04084266811205284,21,False
77,22,-0.0018468201023286307,-0.012747189097307397,0.04084266811205284,22,False
77,23,-0.0018468201023286307,-0.012747189097307397,0.04084266811205284,23,False
77,24,-0.0018468201023286307,0.015647356615091253,0.05116171862174257,24,False
77,25,-0.0018468201023286307,0.015647356615091253,0.05116171862174257,25,False
77,26,-0.0018468201023286307,0.015647356615091253,0.05116171862174257,26,False
77,27,-0.0018468201023286307,0.015647356615091253,0.05116171862174257,27,False
77,28,-0.0018468201023286307,0.015647356615091253,0.05116171862174257,28,False
77,29,-0.0018468201023286307,0.015647356615091253,0.05116171862174257,29,False
77,30,-0.0018468201023286307,0.015647356615091253,0.05116171862174257,30,False
77,31,-0.0018468201023286307,0.015647356615091253,0.05116171862174257,31,False
77,32,-0.0018468201023286307,0.015647356615091253,0.05116171862174257,32,False
77,33,-0.0018468201023286307,0.015647356615091253,0.05116171862174257,33,False
77,34,-0.0018468201023286307,0.015647356615091253,0.05116171862174257,34,False
77,35,-0.0018468201023286307,0.015647356615091253,0.05116171862174257,35,False
77,36,-0.0018468201023286307,0.015647356615091253,0.05116171862174257,36,False
77,37,-0.0018468201023286307,0.015647356615091253,0.05116171862174257,37,False
77,38,-0.0018468201023286307,0.015647356615091253,0.05116171862174257,38,False
77,39,-0.0018468201023286307,0.015647356615091253,0.05116171862174257,39,False
77,40,-0.0018468201023286307,0.015647356615091253,0.05116171862174257,40,False
77,41,-0.0018468201023286307,0.015647356615091253,0.05116171862174257,41,False
77,42,-0.0018468201023286307,0.015647356615091253,0.05116171862174257,42,False
77,43,-0.0018468201023286307,0.015647356615091253,0.05116171862174257,43,False
77,44,-0.0018468201023286307,0.015647356615091253,0.05116171862174257,44,False
77,45,-0.0018468201023286307,0.015647356615091253,0.05116171862174257,45,False
77,46,-0.0018468201023286307,0.015647356615091253,0.05116171862174257,46,False
77,47,-0.0018468201023286307,0.019602851677454458,0.0659813297404388,47,False
77,48,-0.0018468201023286307,0.24789077612973684,1.7476676950795178,48,False
77,49,-0.0018468201023286307,-0.3952560933422099,2.6955348818022,49,False
77,50,-0.0018468201023286307,0.40695116945264825,2.7502746677029895,50,False
78,1,-0.0018468201023286307,0.004958947112135738,0.015712625676908676,1,True
78,2,-0.0018468201023286307,0.004958947112135738,0.015712625676908676,2,False
78,3,-0.0018468201023286307,0.004958947112135738,0.015712625676908676,3,False
78,4,-0.0018468201023286307,0.004958947112135738,0.015712625676908676,4,False
78,5,-0.0018468201023286307,0.004958947112135738,0.015712625676908676,5,False
78,6,-0.0018468201023286307,0.004958947112135738,0.015712625676908676,6,False
78,7,-0.0018468201023286307,0.004958947112135738,0.015712625676908676,7,False
78,8,-0.0018468201023286307,-0.012747189097307397,0.04084266811205284,8,False
78,9,-0.0018468201023286307,-0.012747189097307397,0.04084266811205284,9,False
78,10,-0.0018468201023286307,-0.012747189097307397,0.04084266811205284,10,False
78,11,-0.0018468201023286307,-0.012747189097307397,0.04084266811205284,11,False
78,12,-0.0018468201023286307,-0.012747189097307397,0.04084266811205284,12,False
78,13,-0.0018468201023286307,-0.012747189097307397,0.04084266811205284,13,False
78,14,-0.0018468201023286307,-0.012747189097307397,0.04084266811205284,14,False
78,15,-0.0018468201023286307,-0.012747189097307397,0.04084266811205284,15,False
78,16,-0.0018468201023286307,-0.012747189097307397,0.04084266811205284,16,False
78,17,-0.0018468201023286307,-0.012747189097307397,0.04084266811205284,17,False
78,18,-0.0018468201023286307,-0.012747189097307397,0.04084266811205284,18,False
78,19,-0.0018468201023286307,-0.012747189097307397,0.04084266811205284,19,False
78,20,-0.0018468201023286307,-0.012747189097307397,0.04084266811205284,20,False
78,21,-0.0018468201023286307,-0.012747189097307397,0.04084266811205284,21,False
78,22,-0.0018468201023286307,-0.012747189097307397,0.04084266811205284,22,False
78,23,-0.0018468201023286307,-0.012747189097307397,0.04084266811205284,23,False
78,24,-0.0018468201023286307,-0.012747189097307397,0.04084266811205284,24,False
78,25,-0.0018468201023286307,0.015647356615091253,0.05116171862174257,25,False
78,26,-0.0018468201023286307,0.015647356615091253,0.05116171862174257,26,False
78,27,-0.0018468201023286307,0.015647356615091253,0.05116171862174257,27,False
78,28,-0.0018468201023286307,0.015647356615091253,0.05116171862174257,28,False
78,29,-0.0018468201023286307,0.015647356615091253,0.05116171862174257,29,False
78,30,-0.0018468201023286307,0.015647356615091253,0.05116171862174257,30,False
78,31,-0.0018468201023286307,0.015647356615091253,0.05116171862174257,31,False
78,32,-0.0018468201023286307,0.015647356615091253,0.05116171862174257,32,False
78,33,-0.0018468201023286307,0.015647356615091253,0.05116171862174257,33,False
78,34,-0.0018468201023286307,0.015647356615091253,0.05116171862174257,34,False
78,35,-0.0018468201023286307,0.015647356615091253,0.05116171862174257,35,False
78,36,-0.0018468201023286307,0.015647356615091253,0.05116171862174257,36,False
78,37,-0.0018468201023286307,0.015647356615091253,0.05116171862174257,37,False
78,38,-0.0018468201023286307,0.015647356615091253,0.05116171862174257,38,False
78,39,-0.0018468201023286307,0.015647356615091253,0.05116171862174257,39,False
78,40,-0.0018468201023286307,0.015647356615091253,0.05116171862174257,40,False
78,41,-0.0018468201023286307,0.015647356615091253,0.05116171862174257,41,False
78,42,-0.0018468201023286307,0.015647356615091253,0.05116171862174257,42,False
78,43,-0.0018468201023286307,0.015647356615091253,0.05116171862174257,43,False
78,44,-0.0018468201023286307,0.015647356615091253,0.05116171862174257,44,False
78,45,-0.0018468201023286307,0.015647356615091253,0.05116171862174257,45,False
78,46,-0.0018468201023286307,0.015647356615091253,0.05116171862174257,46,False
78,47,-0.0018468201023286307,0.019602851677454458,0.0659813297404388,47,False
78,48,-0.11266677052780034,-0.012747189097307397,0.629719593320655,48,False
78,49,0.21456663229438977,-0.012747189097307397,1.4788718609787144,49,False
78,50,0.30212294676739115,-0.012747189097307397,2.1540215265681124,50,False
79,1,-0.0018468201023286307,0.004958947112135738,0.015712625676908676,1,True
79,2,-0.0018468201023286307,0.004958947112135738,0.015712625676908676,2,False
79,3,-0.0018468201023286307,0.004958947112135738,0.015712625676908676,3,False
79,4,-0.0018468201023286307,0.004958947112135738,0.015712625676908676,4,False
79,5,-0.0018468201023286307,0.004958947112135738,0.015712625676908676,5,False
79,6,-0.0018468201023286307,0.004958947112135738,0.015712625676908676,6,False
79,7,-0.0018468201023286307,0.004958947112135738,0.015712625676908676,7,False
79,8,-0.0018468201023286307,0.004958947112135738,0.015712625676908676,8,False
79,9,-0.0018468201023286307,-0.012747189097307397,0.04084266811205284,9,False
79,10,-0.0018468201023286307,-0.012747189097307397,0.04084266811205284,10,False
79,11,-0.0018468201023286307,-0.012747189097307397,0.04084266811205284,11,False
79,12,-0.0018468201023286307,-0.012747189097307397,0.04084266811205284,12,False
79,13,-0.0018468201023286307,-0.012747189097307397,0.04084266811205284,13,False
79,14,-0.0018468201023286307,-0.012747189097307397,0.04084266811205284,14,False
79,15,-0.0018468201023286307,-0.012747189097307397,0.04084266811205284,15,False
79,16,-0.0018468201023286307,-0.012747189097307397,0.04084266811205284,16,False
79,17,-0.0018468201023286307,-0.012747189097307397,0.04084266811205284,17,False
79,18,-0.0018468201023286307,-0.012747189097307397,0.04084266811205284,18,False
79,19,-0.0018468201023286307,-0.012747189097307397,0.04084266811205284,19,False
79,20,-0.0018468201023286307,-0.012747189097307397,0.04084266811205284,20,False
79,21,-0.0018468201023286307,-0.012747189097307397,0.04084266811205284,21,False
79,22,-0.0018468201023286307,-0.012747189097307397,0.04084266811205284,22,False
79,23,-0.0018468201023286307,-0.012747189097307397,0.04084266811205284,23,False
79,24,-0.0018468201023286307,-0.012747189097307397,0.04084266811205284,24,False
79,25,-0.0018468201023286307,0.015647356615091253,0.05116171862174257,25,False
79,26,-0.0018468201023286307,0.015647356615091253,0.05116171862174257,26,False
79,27,-0.0018468201023286307,0.015647356615091253,0.05116171862174257,27,False
79,28,-0.0018468201023286307,0.015647356615091253,0.05116171862174257,28,False
79,29,-0.0018468201023286307,0.015647356615091253,0.05116171862174257,29,False
79,30,-0.0018468201023286307,0.015647356615091253,0.05116171862174257,30,False
79,31,-0.0018468201023286307,0.015647356615091253,0.05116171862174257,31,False
79,32,-0.0018468201023286307,0.015647356615091253,0.05116171862174257,32,False
79,33,-0.0018468201023286307,0.015647356615091253,0.05116171862174257,33,False
79,34,-0.0018468201023286307,0.015647356615091253,0.05116171862174257,34,False
79,35,-0.0018468201023286307,0.015647356615091253,0.05116171862174257,35,False
79,36,-0.0018468201023286307,0.015647356615091253,0.05116171862174257,36,False
79,37,-0.0018468201023286307,0.015647356615091253,0.05116171862174257,37,False
79,38,-0.0018468201023286307,0.015647356615091253,0.05116171862174257,38,False
79,39,-0.0018468201023286307,0.015647356615091253,0.05116171862174257,39,False
79,40,-0.0018468201023286307,0.015647356615091253,0.05116171862174257,40,False
79,41,-0.0018468201023286307,0.015647356615091253,0.05116171862174257,41,False
79,42,-0.0018468201023286307,0.015647356615091253,0.05116171862174257,42,False
79,43,-0.0018468201023286307,0.015647356615091253,0.05116171862174257,43,False
79,44,-0.0018468201023286307,0.015647356615091253,0.05116171862174257,44,False
79,45,-0.0018468201023286307,0.019602851677454458,0.0659813297404388,45,False
79,46,-0.08458509681612487,0.015647356615091253,0.4290995742989314,46,False
79,47,-0.11266677052780034,0.015647356615091253,0.6326813636296476,47,False
79,48,0.324985171705082,-0.012747189097307397,2.3054940037267895,48,False
79,49,0.4553052430124577,0.015647356615091253,2.948887273654066,49,False
79,50,-0.0018468201023286307,-0.5323850037130896,3.158477100366199,50,False
80,1,-0.0018468201023286307,0.004958947112135738,0.015712625676908676,1,True
80,2,-0.0018468201023286307,0.004958947112135738,0.015712625676908676,2,False
80,3,-0.0018468201023286307,0.004958947112135738,0.015712625676908676,3,False
80,4,-0.0018468201023286307,0.004958947112135738,0.015712625676908676,4,False
80,5,-0.0018468201023286307,0.004958947112135738,0.015712625676908676,5,False
80,6,-0.0018468201023286307,-0.012747189097307397,0.04084266811205284,6,False
80,7,-0.0018468201023286307,-0.012747189097307397,0.04084266811205284,7,False
80,8,-0.0018468201023286307,-0.012747189097307397,0.04084266811205284,8,False
80,9,-0.0018468201023286307,-0.012747189097307397,0.04084266811205284,9,False
80,10,-0.0018468201023286307,-0.012747189097307397,0.04084266811205284,10,False
80,11,-0.0018468201023286307,-0.012747189097307397,0.04084266811205284,11,False
80,12,-0.0018468201023286307,-0.012747189097307397,0.04084266811205284,12,False
80,13,-0.0018468201023286307,-0.012747189097307397,0.04084266811205284,13,False
80,14,-0.0018468201023286307,-0.012747189097307397,0.04084266811205284,14,False
80,15,-0.0018468201023286307,-0.012747189097307397,0.04084266811205284,15,False
80,16,-0.0018468201023286307,0.015647356615091253,0.05116171862174257,16,False
80,17,-0.0018468201023286307,0.015647356615091253,0.05116171862174257,17,False
80,18,-0.0018468201023286307,0.015647356615091253,0.05116171862174257,18,False
80,19,-0.0018468201023286307,0.015647356615091253,0.05116171862174257,19,False
80,20,-0.0018468201023286307,0.015647356615091253,0.05116171862174257,20,False
80,21,-0.0018468201023286307,0.015647356615091253,0.05116171862174257,21,False
80,22,-0.0018468201023286307,0.015647356615091253,0.05116171862174257,22,False
80,23,-0.0018468201023286307,0.015647356615091253,0.05116171862174257,23,False
80,24,-0.0018468201023286307,0.015647356615091253,0.05116171862174257,24,False
80,25,-0.0018468201023286307,0.015647356615091253,0.05116171862174257,25,False
80,26,-0.0018468201023286307,0.015647356615091253,0.05116171862174257,26,False
80,27,-0.0018468201023286307,0.015647356615091253,0.05116171862174257,27,False
80,28,-0.0018468201023286307,0.015647356615091253,0.05116171862174257,28,False
80,29,-0.0018468201023286307,0.015647356615091253,0.05116171862174257,29,False
80,30,-0.0018468201023286307,0.015647356615091253,0.05116171862174257,30,False
80,31,-0.0018468201023286307,0.015647356615091253,0.05116171862174257,31,False
80,32,-0.0018468201023286307,0.015647356615091253,0.05116171862174257,32,False
80,33,-0.0018468201023286307,0.015647356615091253,0.05116171862174257,33,False
80,34,-0.0018468201023286307,0.015647356615091253,0.05116171862174257,34,False
80,35,-0.0018468201023286307,0.015647356615091253,0.05116171862174257,35,False
80,36,-0.0018468201023286307,0.015647356615091253,0.05116171862174257,36,False
80,37,-0.0018468201023286307,0.015647356615091253,0.05116171862174257,37,False
80,38,-0.0018468201023286307,0.015647356615091253,0.05116171862174257,38,False
80,39,-0.0018468201023286307,0.015647356615091253,0.05116171862174257,39,False
80,40,-0.0018468201023286307,0.015647356615091253,0.05116171862174257,40,False
80,41,-0.0018468201023286307,0.015647356615091253,0.05116171862174257,41,False
80,42,-0.0018468201023286307,0.015647356615091253,0.05116171862174257,42,False
80,43,-0.0018468201023286307,0.015647356615091253,0.05116171862174257,43,False
80,44,-0.08458509681612487,-0.012747189097307397,0.42570314006563637,44,False
80,45,-0.11266677052780034,0.015647356615091253,0.6326813636296476,45,False
80,46,-0.8774047508451273,-0.012747189097307397,2.695720691814732,46,False
80,47,0.4141907740435371,0.015647356615091253,2.7860120381738054,47,False
80,48,-0.0018468201023286307,-0.44648548442067976,2.9137394895239237,48,False
80,49,0.4553052430124577,0.015647356615091253,2.948887273654066,49,False
80,50,0.5293093725337363,-0.012747189097307397,3.154261163787528,50,False
81,1,-0.0018468201023286307,0.004958947112135738,0.015712625676908676,1,True
81,2,-0.0018468201023286307,0.004958947112135738,0.015712625676908676,2,False
81,3,-0.0018468201023286307,0.004958947112135738,0.015712625676908676,3,False
81,4,-0.0018468201023286307,0.004958947112135738,0.015712625676908676,4,False
81,5,-0.0018468201023286307,0.004958947112135738,0.015712625676908676,5,False
81,6,-0.0018468201023286307,0.004958947112135738,0.015712625676908676,6,False
81,7,-0.0018468201023286307,0.004958947112135738,0.015712625676908676,7,False
81,8,-0.0018468201023286307,0.004958947112135738,0.015712625676908676,8,False
81,9,-0.0018468201023286307,-0.012747189097307397,0.04084266811205284,9,False
81,10,-0.0018468201023286307,-0.012747189097307397,0.04084266811205284,10,False
81,11,-0.0018468201023286307,-0.012747189097307397,0.04084266811205284,11,False
81,12,-0.0018468201023286307,-0.012747189097307397,0.04084266811205284,12,False
81,13,-0.0018468201023286307,-0.012747189097307397,0.04084266811205284,13,False
81,14,-0.0018468201023286307,-0.012747189097307397,0.04084266811205284,14,False
81,15,-0.0018468201023286307,-0.012747189097307397,0.04084266811205284,15,False
81,16,-0.0018468201023286307,-0.012747189097307397,0.04084266811205284,16,False
81,17,-0.0018468201023286307,-0.012747189097307397,0.04084266811205284,17,False
81,18,-0.0018468201023286307,-0.012747189097307397,0.04084266811205284,18,False
81,19,-0.0018468201023286307,0.015647356615091253,0.05116171862174257,19,False
81,20,-0.0018468201023286307,0.015647356615091253,0.05116171862174257,20,False
81,21,-0.0018468201023286307,0.015647356615091253,0.05116171862174257,21,False
81,22,-0.0018468201023286307,0.015647356615091253,0.05116171862174257,22,False
81,23,-0.0018468201023286307,0.015647356615091253,0.05116171862174257,23,False
81,24,-0.0018468201023286307,0.015647356615091253,0.05116171862174257,24,False
81,25,-0.0018468201023286307,0.015647356615091253,0.05116171862174257,25,False
81,26,-0.0018468201023286307,0.015647356615091253,0.05116171862174257,26,False
81,27,-0.0018468201023286307,0.015647356615091253,0.05116171862174257,27,False
81,28,-0.0018468201023286307,0.015647356615091253,0.05116171862174257,28,False
81,29,-0.0018468201023286307,0.015647356615091253,0.05116171862174257,29,False
81,30,-0.0018468201023286307,0.015647356615091253,0.05116171862174257,30,False
81,31,-0.0018468201023286307,0.015647356615091253,0.05116171862174257,31,False
81,32,-0.0018468201023286307,0.015647356615091253,0.05116171862174257,32,False
81,33,-0.0018468201023286307,0.015647356615091253,0.05116171862174257,33,False
81,34,-0.0018468201023286307,0.015647356615091253,0.05116171862174257,34,False
81,35,-0.0018468201023286307,0.015647356615091253,0.05116171862174257,35,False
81,36,-0.0018468201023286307,0.015647356615091253,0.05116171862174257,36,False
81,37,-0.0018468201023286307,0.015647356615091253,0.05116171862174257,37,False
81,38,-0.0018468201023286307,0.015647356615091253,0.05116171862174257,38,False
81,39,-0.0018468201023286307,0.015647356615091253,0.05116171862174257,39,False
81,40,-0.0018468201023286307,0.015647356615091253,0.05116171862174257,40,False
81,41,-0.0018468201023286307,0.015647356615091253,0.05116171862174257,41,False
81,42,-0.0018468201023286307,0.015647356615091253,0.05116171862174257,42,False
81,43,-0.0018468201023286307,0.015647356615091253,0.05116171862174257,43,False
81,44,-0.0018468201023286307,0.015647356615091253,0.05116171862174257,44,False
81,45,-0.0018468201023286307,0.015647356615091253,0.05116171862174257,45,False
81,46,-0.0018468201023286307,0.015647356615091253,0.05116171862174257,46,False
81,47,-0.0018468201023286307,0.019387179829614902,0.06515152781082323,47,False
81,48,-0.08458509681612487,0.015647356615091253,0.4290995742989314,48,False
81,49,-0.11266677052780034,0.004958947112135738,0.6247465714471336,49,False
81,50,-0.0018468201023286307,0.2809798193788262,2.0007597118117144,50,False
82,1,-0.0018468201023286307,0.004958947112135738,0.015712625676908676,1,True
82,2,-0.0018468201023286307,0.004958947112135738,0.015712625676908676,2,False
82,3,-0.0018468201023286307,0.004958947112135738,0.015712625676908676,3,False
82,4,-0.0018468201023286307,0.004958947112135738,0.015712625676908676,4,False
82,5,-0.0018468201023286307,0.004958947112135738,0.015712625676908676,5,False
82,6,-0.0018468201023286307,0.004958947112135738,0.015712625676908676,6,False
82,7,-0.0018468201023286307,-0.012747189097307397,0.04084266811205284,7,False
82,8,-0.0018468201023286307,-0.012747189097307397,0.04084266811205284,8,False
82,9,-0.0018468201023286307,-0.012747189097307397,0.04084266811205284,9,False
82,10,-0.0018468201023286307,-0.012747189097307397,0.04084266811205284,10,False
82,11,-0.0018468201023286307,-0.012747189097307397,0.04084266811205284,11,False
82,12,-0.0018468201023286307,-0.012747189097307397,0.04084266811205284,12,False
82,13,-0.0018468201023286307,-0.012747189097307397,0.04084266811205284,13,False
82,14,-0.0018468201023286307,0.015647356615091253,0.05116171862174257,14,False
82,15,-0.0018468201023286307,0.015647356615091253,0.05116171862174257,15,False
82,16,-0.0018468201023286307,0.015647356615091253,0.05116171862174257,16,False
82,17,-0.0018468201023286307,0.015647356615091253,0.05116171862174257,17,False
82,18,-0.0018468201023286307,0.015647356615091253,0.05116171862174257,18,False
82,19,-0.0018468201023286307,0.015647356615091253,0.05116171862174257,19,False
82,20,-0.0018468201023286307,0.015647356615091253,0.05116171862174257,20,False
82,21,-0.0018468201023286307,0.015647356615091253,0.05116171862174257,21,False
82,22,-0.0018468201023286307,0.015647356615091253,0.05116171862174257,22,False
82,23,-0.0018468201023286307,0.015647356615091253,0.05116171862174257,23,False
82,24,-0.0018468201023286307,0.015647356615091253,0.05116171862174257,24,False
82,25,-0.0018468201023286307,0.015647356615091253,0.05116171862174257,25,False
82,26,-0.0018468201023286307,0.015647356615091253,0.05116171862174257,26,False
82,27,-0.0018468201023286307,0.015647356615091253,0.05116171862174257,27,False
82,28,-0.0018468201023286307,0.015647356615091253,0.05116171862174257,28,False
82,29,-0.0018468201023286307,0.015647356615091253,0.05116171862174257,29,False
82,30,-0.0018468201023286307,0.015647356615091253,0.05116171862174257,30,False
82,31,-0.0018468201023286307,0.015647356615091253,0.05116171862174257,31,False
82,32,-0.0018468201023286307,0.015647356615091253,0.05116171862174257,32,False
82,33,-0.0018468201023286307,0.015647356615091253,0.05116171862174257,33,False
82,34,-0.0018468201023286307,0.015647356615091253,0.05116171862174257,34,False
82,35,-0.0018468201023286307,0.015647356615091253,0.05116171862174257,35,False
82,36,-0.0018468201023286307,0.015647356615091253,0.05116171862174257,36,False
82,37,-0.0018468201023286307,0.015647356615091253,0.05116171862174257,37,False
82,38,-0.0018468201023286307,0.015647356615091253,0.05116171862174257,38,False
82,39,-0.0018468201023286307,0.015647356615091253,0.05116171862174257,39,False
82,40,-0.0018468201023286307,0.015647356615091253,0.05116171862174257,40,False
82,41,-0.0018468201023286307,0.015647356615091253,0.05116171862174257,41,False
82,42,-0.0018468201023286307,0.015647356615091253,0.05116171862174257,42,False
82,43,-0.0018468201023286307,0.015647356615091253,0.05116171862174257,43,False
82,44,-0.0018468201023286307,0.015647356615091253,0.05116171862174257,44,False
82,45,-0.0018468201023286307,0.015647356615091253,0.05116171862174257,45,False
82,46,-0.0018468201023286307,0.015647356615091253,0.05116171862174257,46,False
82,47,-0.0018468201023286307,0.015647356615091253,0.05116171862174257,47,False
82,48,-0.08458509681612487,0.015647356615091253,0.4290995742989314,48,False
82,49,-0.08458509681612487,0.015647356615091253,0.4290995742989314,49,False
82,50,-0.11266677052780034,-0.012747189097307397,0.629719593320655,50,False
83,1,-0.0018468201023286307,0.004958947112135738,0.015712625676908676,1,True
83,2,-0.0018468201023286307,0.004958947112135738,0.015712625676908676,2,False
83,3,-0.0018468201023286307,0.004958947112135738,0.015712625676908676,3,False
83,4,-0.0018468201023286307,0.004958947112135738,0.015712625676908676,4,False
83,5,-0.0018468201023286307,0.004958947112135738,0.015712625676908676,5,False
83,6,-0.0018468201023286307,0.004958947112135738,0.015712625676908676,6,False
83,7,-0.0018468201023286307,0.004958947112135738,0.015712625676908676,7,False
83,8,-0.0018468201023286307,-0.012747189097307397,0.04084266811205284,8,False
83,9,-0.0018468201023286307,-0.012747189097307397,0.04084266811205284,9,False
83,10,-0.0018468201023286307,-0.012747189097307397,0.04084266811205284,10,False
83,11,-0.0018468201023286307,-0.012747189097307397,0.04084266811205284,11,False
83,12,-0.0018468201023286307,-0.012747189097307397,0.04084266811205284,12,False
83,13,-0.0018468201023286307,-0.012747189097307397,0.04084266811205284,13,False
83,14,-0.0018468201023286307,-0.012747189097307397,0.04084266811205284,14,False
83,15,-0.0018468201023286307,0.015647356615091253,0.05116171862174257,15,False
83,16,-0.0018468201023286307,0.015647356615091253,0.05116171862174257,16,False
83,17,-0.0018468201023286307,0.015647356615091253,0.05116171862174257,17,False
83,18,-0.0018468201023286307,0.015647356615091253,0.05116171862174257,18,False
83,19,-0.0018468201023286307,0.015647356615091253,0.05116171862174257,19,False
83,20,-0.0018468201023286307,0.015647356615091253,0.05116171862174257,20,False
83,21,-0.0018468201023286307,0.015647356615091253,0.05116171862174257,21,False
83,22,-0.0018468201023286307,0.015647356615091253,0.05116171862174257,22,False
83,23,-0.0018468201023286307,0.015647356615091253,0.05116171862174257,23,False
83,24,-0.0018468201023286307,0.015647356615091253,0.05116171862174257,24,False
83,25,-0.0018468201023286307,0.015647356615091253,0.05116171862174257,25,False
83,26,-0.0018468201023286307,0.015647356615091253,0.05116171862174257,26,False
83,27,-0.0018468201023286307,0.015647356615091253,0.05116171862174257,27,False
83,28,-0.0018468201023286307,0.015647356615091253,0.05116171862174257,28,False
83,29,-0.0018468201023286307,0.015647356615091253,0.05116171862174257,29,False
83,30,-0.0018468201023286307,0.015647356615091253,0.05116171862174257,30,False
83,31,-0.0018468201023286307,0.015647356615091253,0.05116171862174257,31,False
83,32,-0.0018468201023286307,0.015647356615091253,0.05116171862174257,32,False
83,33,-0.0018468201023286307,0.015647356615091253,0.05116171862174257,33,False
83,34,-0.0018468201023286307,0.015647356615091253,0.05116171862174257,34,False
83,35,-0.0018468201023286307,0.015647356615091253,0.05116171862174257,35,False
83,36,-0.0018468201023286307,0.015647356615091253,0.05116171862174257,36,False
83,37,-0.0018468201023286307,0.015647356615091253,0.05116171862174257,37,False
83,38,-0.0018468201023286307,0.015647356615091253,0.05116171862174257,38,False
83,39,-0.0018468201023286307,0.015647356615091253,0.05116171862174257,39,False
83,40,-0.0018468201023286307,0.015647356615091253,0.05116171862174257,40,False
83,41,-0.0018468201023286307,0.015647356615091253,0.05116171862174257,41,False
83,42,-0.0018468201023286307,0.015647356615091253,0.05116171862174257,42,False
83,43,-0.0018468201023286307,0.015647356615091253,0.05116171862174257,43,False
83,44,-0.0018468201023286307,0.015647356615091253,0.05116171862174257,44,False
83,45,-0.0018468201023286307,0.015647356615091253,0.05116171862174257,45,False
83,46,-0.0018468201023286307,0.015647356615091253,0.05116171862174257,46,False
83,47,-0.0018468201023286307,0.015647356615091253,0.05116171862174257,47,False
83,48,-0.0018468201023286307,0.015647356615091253,0.05116171862174257,48,False
83,49,-0.08458509681612487,0.015647356615091253,0.4290995742989314,49,False
83,50,0.2272937865427458,0.015647356615091253,1.586486568718254,50,False
84,1,-0.0018468201023286307,0.004958947112135738,0.015712625676908676,1,True
84,2,-0.0018468201023286307,0.004958947112135738,0.015712625676908676,2,False
84,3,-0.0018468201023286307,0.004958947112135738,0.015712625676908676,3,False
84,4,-0.0018468201023286307,0.004958947112135738,0.015712625676908676,4,False
84,5,-0.0018468201023286307,0.004958947112135738,0.015712625676908676,5,False
84,6,-0.0018468201023286307,0.004958947112135738,0.015712625676908676,6,False
84,7,-0.0018468201023286307,0.004958947112135738,0.015712625676908676,7,False
84,8,-0.0018468201023286307,-0.012747189097307397,0.04084266811205284,8,False
84,9,-0.0018468201023286307,-0.012747189097307397,0.04084266811205284,9,False
84,10,-0.0018468201023286307,-0.012747189097307397,0.04084266811205284,10,False
84,11,-0.0018468201023286307,-0.012747189097307397,0.04084266811205284,11,False
84,12,-0.0018468201023286307,-0.012747189097307397,0.04084266811205284,12,False
84,13,-0.0018468201023286307,-0.012747189097307397,0.04084266811205284,13,False
84,14,-0.0018468201023286307,-0.012747189097307397,0.04084266811205284,14,False
84,15,-0.0018468201023286307,-0.012747189097307397,0.04084266811205284,15,False
84,16,-0.0018468201023286307,0.015647356615091253,0.05116171862174257,16,False
84,17,-0.0018468201023286307,0.015647356615091253,0.05116171862174257,17,False
84,18,-0.0018468201023286307,0.015647356615091253,0.05116171862174257,18,False
84,19,-0.0018468201023286307,0.015647356615091253,0.05116171862174257,19,False
84,20,-0.0018468201023286307,0.015647356615091253,0.05116171862174257,20,False
84,21,-0.0018468201023286307,0.015647356615091253,0.05116171862174257,21,False
84,22,-0.0018468201023286307,0.015647356615091253,0.05116171862174257,22,False
84,23,-0.0018468201023286307,0.015647356615091253,0.05116171862174257,23,False
84,24,-0.0018468201023286307,0.015647356615091253,0.05116171862174257,24,False
84,25,-0.0018468201023286307,0.015647356615091253,0.05116171862174257,25,False
84,26,-0.0018468201023286307,0.015647356615091253,0.05116171862174257,26,False
84,27,-0.0018468201023286307,0.015647356615091253,0.05116171862174257,27,False
84,28,-0.0018468201023286307,0.015647356615091253,0.05116171862174257,28,False
84,29,-0.0018468201023286307,0.015647356615091253,0.05116171862174257,29,False
84,30,-0.0018468201023286307,0.015647356615091253,0.05116171862174257,30,False
84,31,-0.0018468201023286307,0.015647356615091253,0.05116171862174257,31,False
84,32,-0.0018468201023286307,0.015647356615091253,0.05116171862174257,32,False
84,33,-0.0018468201023286307,0.015647356615091253,0.05116171862174257,33,False
84,34,-0.0018468201023286307,0.015647356615091253,0.05116171862174257,34,False
84,35,-0.0018468201023286307,0.015647356615091253,0.05116171862174257,35,False
84,36,-0.0018468201023286307,0.015647356615091253,0.05116171862174257,36,False
84,37,-0.0018468201023286307,0.015647356615091253,0.05116171862174257,37,False
84,38,-0.0018468201023286307,0.015647356615091253,0.05116171862174257,38,False
84,39,-0.0018468201023286307,0.015647356615091253,0.05116171862174257,39,False
84,40,-0.0018468201023286307,0.015647356615091253,0.05116171862174257,40,False
84,41,-0.0018468201023286307,0.015647356615091253,0.05116171862174257,41,False
84,42,-0.0018468201023286307,0.015647356615091253,0.05116171862174257,42,False
84,43,-0.0018468201023286307,0.015647356615091253,0.05116171862174257,43,False
84,44,-0.0018468201023286307,0.015647356615091253,0.05116171862174257,44,False
84,45,-0.0018468201023286307,0.015647356615091253,0.05116171862174257,45,False
84,46,-0.0018468201023286307,0.015647356615091253,0.05116171862174257,46,False
84,47,-0.08458509681612487,0.015647356615091253,0.4290995742989314,47,False
84,48,-0.0018468201023286307,0.17506887668531892,1.1390123578787485,48,False
84,49,0.28860586266255717,0.015647356615091253,2.0606838980116007,49,False
84,50,-0.3967279818090101,0.015647356615091253,2.7060331177411006,50,False
85,1,-0.0018468201023286307,0.004958947112135738,0.015712625676908676,1,True
85,2,-0.0018468201023286307,0.004958947112135738,0.015712625676908676,2,False
85,3,-0.0018468201023286307,0.004958947112135738,0.015712625676908676,3,False
85,4,-0.0018468201023286307,-0.012747189097307397,0.04084266811205284,4,False
85,5,-0.0018468201023286307,-0.012747189097307397,0.04084266811205284,5,False
85,6,-0.0018468201023286307,-0.012747189097307397,0.04084266811205284,6,False
85,7,-0.0018468201023286307,-0.012747189097307397,0.04084266811205284,7,False
85,8,-0.0018468201023286307,-0.012747189097307397,0.04084266811205284,8,False
85,9,-0.0018468201023286307,0.015647356615091253,0.05116171862174257,9,False
85,10,-0.0018468201023286307,0.015647356615091253,0.05116171862174257,10,False
85,11,-0.0018468201023286307,0.015647356615091253,0.05116171862174257,11,False
85,12,-0.0018468201023286307,0.015647356615091253,0.05116171862174257,12,False
85,13,-0.0018468201023286307,0.015647356615091253,0.05116171862174257,13,False
85,14,-0.0018468201023286307,0.015647356615091253,0.05116171862174257,14,False
85,15,-0.0018468201023286307,0.015647356615091253,0.05116171862174257,15,False
85,16,-0.0018468201023286307,0.015647356615091253,0.05116171862174257,16,False
85,17,-0.0018468201023286307,0.015647356615091253,0.05116171862174257,17,False
85,18,-0.0018468201023286307,0.015647356615091253,0.05116171862174257,18,False
85,19,-0.0018468201023286307,0.015647356615091253,0.05116171862174257,19,False
85,20,-0.0018468201023286307,0.015647356615091253,0.05116171862174257,20,False
85,21,-0.0018468201023286307,0.015647356615091253,0.05116171862174257,21,False
85,22,-0.0018468201023286307,0.015647356615091253,0.05116171862174257,22,False
85,23,-0.0018468201023286307,0.015647356615091253,0.05116171862174257,23,False
85,24,-0.0018468201023286307,0.015647356615091253,0.05116171862174257,24,False
85,25,-0.0018468201023286307,0.015647356615091253,0.05116171862174257,25,False
85,26,-0.0018468201023286307,0.015647356615091253,0.05116171862174257,26,False
85,27,-0.0018468201023286307,0.015647356615091253,0.05116171862174257,27,False
85,28,-0.0018468201023286307,0.015647356615091253,0.05116171862174257,28,False
85,29,-0.0018468201023286307,0.015647356615091253,0.05116171862174257,29,False
85,30,-0.0018468201023286307,0.015647356615091253,0.05116171862174257,30,False
85,31,-0.0018468201023286307,0.015647356615091253,0.05116171862174257,31,False
85,32,-0.0018468201023286307,0.015647356615091253,0.05116171862174257,32,False
85,33,-0.0018468201023286307,0.015647356615091253,0.05116171862174257,33,False
85,34,-0.0018468201023286307,0.015647356615091253,0.05116171862174257,34,False
85,35,-0.0018468201023286307,0.015647356615091253,0.05116171862174257,35,False
85,36,-0.0018468201023286307,0.015647356615091253,0.05116171862174257,36,False
85,37,-0.0018468201023286307,0.015647356615091253,0.05116171862174257,37,False
85,38,-0.0018468201023286307,0.015647356615091253,0.05116171862174257,38,False
85,39,-0.0018468201023286307,0.015647356615091253,0.05116171862174257,39,False
85,40,-0.0018468201023286307,0.015647356615091253,0.05116171862174257,40,False
85,41,-0.0018468201023286307,0.015647356615091253,0.05116171862174257,41,False
85,42,-0.0018468201023286307,0.015647356615091253,0.05116171862174257,42,False
85,43,-0.0018468201023286307,0.015647356615091253,0.05116171862174257,43,False
85,44,-0.0018468201023286307,0.015647356615091253,0.05116171862174257,44,False
85,45,-0.0018468201023286307,0.015647356615091253,0.05116171862174257,45,False
85,46,-0.0018468201023286307,0.015647356615091253,0.05116171862174257,46,False
85,47,-0.08458509681612487,0.015647356615091253,0.4290995742989314,47,False
85,48,-0.08458509681612487,0.015647356615091253,0.4290995742989314,48,False
85,49,0.28860586266255717,0.015647356615091253,2.0606838980116007,49,False
85,50,-0.0018468201023286307,-0.5312588967300135,3.1562324367277026,50,False
86,1,-0.0018468201023286307,0.004958947112135738,0.015712625676908676,1,True
86,2,-0.0018468201023286307,0.004958947112135738,0.015712625676908676,2,False
86,3,-0.0018468201023286307,0.004958947112135738,0.015712625676908676,3,False
86,4,-0.0018468201023286307,0.004958947112135738,0.015712625676908676,4,False
86,5,-0.0018468201023286307,-0.012747189097307397,0.04084266811205284,5,False
86,6,-0.0018468201023286307,-0.012747189097307397,0.04084266811205284,6,False
86,7,-0.0018468201023286307,-0.012747189097307397,0.04084266811205284,7,False
86,8,-0.0018468201023286307,-0.012747189097307397,0.04084266811205284,8,False
86,9,-0.0018468201023286307,-0.012747189097307397,0.04084266811205284,9,False
86,10,-0.0018468201023286307,-0.012747189097307397,0.04084266811205284,10,False
86,11,-0.0018468201023286307,0.015647356615091253,0.05116171862174257,11,False
86,12,-0.0018468201023286307,0.015647356615091253,0.05116171862174257,12,False
86,13,-0.0018468201023286307,0.015647356615091253,0.05116171862174257,13,False
86,14,-0.0018468201023286307,0.015647356615091253,0.05116171862174257,14,False
86,15,-0.0018468201023286307,0.015647356615091253,0.05116171862174257,15,False
86,16,-0.0018468201023286307,0.015647356615091253,0.05116171862174257,16,False
86,17,-0.0018468201023286307,0.015647356615091253,0.05116171862174257,17,False
86,18,-0.0018468201023286307,0.015647356615091253,0.05116171862174257,18,False
86,19,-0.0018468201023286307,0.015647356615091253,0.05116171862174257,19,False
86,20,-0.0018468201023286307,0.015647356615091253,0.05116171862174257,20,False
86,21,-0.0018468201023286307,0.015647356615091253,0.05116171862174257,21,False
86,22,-0.0018468201023286307,0.015647356615091253,0.05116171862174257,22,False
86,23,-0.0018468201023286307,0.015647356615091253,0.05116171862174257,23,False
86,24,-0.0018468201023286307,0.015647356615091253,0.05116171862174257,24,False
86,25,-0.0018468201023286307,0.015647356615091253,0.05116171862174257,25,False
86,26,-0.0018468201023286307,0.015647356615091253,0.05116171862174257,26,False
86,27,-0.0018468201023286307,0.015647356615091253,0.05116171862174257,27,False
86,28,-0.0018468201023286307,0.015647356615091253,0.05116171862174257,28,False
86,29,-0.0018468201023286307,0.015647356615091253,0.05116171862174257,29,False
86,30,-0.0018468201023286307,0.015647356615091253,0.05116171862174257,30,False
86,31,-0.0018468201023286307,0.015647356615091253,0.05116171862174257,31,False
86,32,-0.0018468201023286307,0.015647356615091253,0.05116171862174257,32,False
86,33,-0.0018468201023286307,0.015647356615091253,0.05116171862174257,33,False
86,34,-0.0018468201023286307,0.015647356615091253,0.05116171862174257,34,False
86,35,-0.0018468201023286307,0.015647356615091253,0.05116171862174257,35,False
86,36,-0.0018468201023286307,0.015647356615091253,0.05116171862174257,36,False
86,37,-0.0018468201023286307,0.015647356615091253,0.05116171862174257,37,False
86,38,-0.0018468201023286307,0.015647356615091253,0.05116171862174257,38,False
86,39,-0.0018468201023286307,0.015647356615091253,0.05116171862174257,39,False
86,40,-0.0018468201023286307,0.015647356615091253,0.05116171862174257,40,False
86,41,-0.0018468201023286307,0.015647356615091253,0.05116171862174257,41,False
86,42,-0.0018468201023286307,0.015647356615091253,0.05116171862174257,42,False
86,43,-0.0018468201023286307,0.015647356615091253,0.05116171862174257,43,False
86,44,-0.0018468201023286307,0.015647356615091253,0.05116171862174257,44,False
86,45,-0.0018468201023286307,0.015647356615091253,0.05116171862174257,45,False
86,46,-0.0018468201023286307,0.015647356615091253,0.05116171862174257,46,False
86,47,-0.08458509681612487,0.015647356615091253,0.4290995742989314,47,False
86,48,-0.08458509681612487,0.015647356615091253,0.4290995742989314,48,False
86,49,-0.0018468201023286307,-0.10190721758898272,0.5426216057944129,49,False
86,50,0.28860586266255717,0.015647356615091253,2.0606838980116007,50,False
87,1,-0.0018468201023286307,0.004958947112135738,0.015712625676908676,1,True
87,2,-0.0018468201023286307,0.004958947112135738,0.015712625676908676,2,False
87,3,-0.0018468201023286307,0.004958947112135738,0.015712625676908676,3,False
87,4,-0.0018468201023286307,0.004958947112135738,0.015712625676908676,4,False
87,5,-0.0018468201023286307,0.004958947112135738,0.015712625676908676,5,False
87,6,-0.0018468201023286307,0.004958947112135738,0.015712625676908676,6,False
87,7,-0.0018468201023286307,0.004958947112135738,0.015712625676908676,7,False
87,8,-0.0018468201023286307,-0.012747189097307397,0.04084266811205284,8,False
87,9,-0.0018468201023286307,-0.012747189097307397,0.04084266811205284,9,False
87,10,-0.0018468201023286307,-0.012747189097307397,0.04084266811205284,10,False
87,11,-0.0018468201023286307,-0.012747189097307397,0.04084266811205284,11,False
87,12,-0.0018468201023286307,-0.012747189097307397,0.04084266811205284,12,False
87,13,-0.0018468201023286307,-0.012747189097307397,0.04084266811205284,13,False
87,14,-0.0018468201023286307,-0.012747189097307397,0.04084266811205284,14,False
87,15,-0.0018468201023286307,0.015647356615091253,0.05116171862174257,15,False
87,16,-0.0018468201023286307,0.015647356615091253,0.05116171862174257,16,False
87,17,-0.0018468201023286307,0.015647356615091253,0.05116171862174257,17,False
87,18,-0.0018468201023286307,0.015647356615091253,0.05116171862174257,18,False
87,19,-0.0018468201023286307,0.015647356615091253,0.05116171862174257,19,False
87,20,-0.0018468201023286307,0.015647356615091253,0.05116171862174257,20,False
87,21,-0.0018468201023286307,0.015647356615091253,0.05116171862174257,21,False
87,22,-0.0018468201023286307,0.015647356615091253,0.05116171862174257,22,False
87,23,-0.0018468201023286307,0.015647356615091253,0.05116171862174257,23,False
87,24,-0.0018468201023286307,0.015647356615091253,0.05116171862174257,24,False
87,25,-0.0018468201023286307,0.015647356615091253,0.05116171862174257,25,False
87,26,-0.0018468201023286307,0.015647356615091253,0.05116171862174257,26,False
87,27,-0.0018468201023286307,0.015647356615091253,0.05116171862174257,27,False
87,28,-0.0018468201023286307,0.015647356615091253,0.05116171862174257,28,False
87,29,-0.0018468201023286307,0.015647356615091253,0.05116171862174257,29,False
87,30,-0.0018468201023286307,0.015647356615091253,0.05116171862174257,30,False
87,31,-0.0018468201023286307,0.015647356615091253,0.05116171862174257,31,False
87,32,-0.0018468201023286307,0.015647356615091253,0.05116171862174257,32,False
87,33,-0.0018468201023286307,0.015647356615091253,0.05116171862174257,33,False
87,34,-0.0018468201023286307,0.015647356615091253,0.05116171862174257,34,False
87,35,-0.0018468201023286307,0.015647356615091253,0.05116171862174257,35,False
87,36,-0.0018468201023286307,0.015647356615091253,0.05116171862174257,36,False
87,37,-0.0018468201023286307,0.015647356615091253,0.05116171862174257,37,False
87,38,-0.0018468201023286307,0.015647356615091253,0.05116171862174257,38,False
87,39,-0.0018468201023286307,0.015647356615091253,0.05116171862174257,39,False
87,40,-0.0018468201023286307,0.015647356615091253,0.05116171862174257,40,False
87,41,-0.0018468201023286307,0.015647356615091253,0.05116171862174257,41,False
87,42,-0.0018468201023286307,0.015647356615091253,0.05116171862174257,42,False
87,43,-0.0018468201023286307,0.015647356615091253,0.05116171862174257,43,False
87,44,-0.0018468201023286307,0.015647356615091253,0.05116171862174257,44,False
87,45,-0.0018468201023286307,0.015647356615091253,0.05116171862174257,45,False
87,46,-0.0018468201023286307,0.015647356615091253,0.05116171862174257,46,False
87,47,-0.0018468201023286307,0.015647356615091253,0.05116171862174257,47,False
87,48,-0.08458509681612487,-0.012747189097307397,0.42570314006563637,48,False
87,49,-0.0018468201023286307,-0.10190721758898272,0.5426216057944129,49,False
87,50,0.15492297070050576,0.015647356615091253,0.9749702074630986,50,False
88,1,-0.0018468201023286307,0.004958947112135738,0.015712625676908676,1,True
88,2,-0.0018468201023286307,0.004958947112135738,0.015712625676908676,2,False
88,3,-0.0018468201023286307,0.004958947112135738,0.015712625676908676,3,False
88,4,-0.0018468201023286307,0.004958947112135738,0.015712625676908676,4,False
88,5,-0.0018468201023286307,0.004958947112135738,0.015712625676908676,5,False
88,6,-0.0018468201023286307,0.004958947112135738,0.015712625676908676,6,False
88,7,-0.0018468201023286307,0.004958947112135738,0.015712625676908676,7,False
88,8,-0.0018468201023286307,0.004958947112135738,0.015712625676908676,8,False
88,9,-0.0018468201023286307,-0.012747189097307397,0.04084266811205284,9,False
88,10,-0.0018468201023286307,-0.012747189097307397,0.04084266811205284,10,False
88,11,-0.0018468201023286307,-0.012747189097307397,0.04084266811205284,11,False
88,12,-0.0018468201023286307,-0.012747189097307397,0.04084266811205284,12,False
88,13,-0.0018468201023286307,-0.012747189097307397,0.04084266811205284,13,False
88,14,-0.0018468201023286307,-0.012747189097307397,0.04084266811205284,14,False
88,15,-0.0018468201023286307,-0.012747189097307397,0.04084266811205284,15,False
88,16,-0.0018468201023286307,-0.012747189097307397,0.04084266811205284,16,False
88,17,-0.0018468201023286307,-0.012747189097307397,0.04084266811205284,17,False
88,18,-0.0018468201023286307,0.015647356615091253,0.05116171862174257,18,False
88,19,-0.0018468201023286307,0.015647356615091253,0.05116171862174257,19,False
88,20,-0.0018468201023286307,0.015647356615091253,0.05116171862174257,20,False
88,21,-0.0018468201023286307,0.015647356615091253,0.05116171862174257,21,False
88,22,-0.0018468201023286307,0.015647356615091253,0.05116171862174257,22,False
88,23,-0.0018468201023286307,0.015647356615091253,0.05116171862174257,23,False
88,24,-0.0018468201023286307,0.015647356615091253,0.05116171862174257,24,False
88,25,-0.0018468201023286307,0.015647356615091253,0.05116171862174257,25,False
88,26,-0.0018468201023286307,0.015647356615091253,0.05116171862174257,26,False
88,27,-0.0018468201023286307,0.015647356615091253,0.05116171862174257,27,False
88,28,-0.0018468201023286307,0.015647356615091253,0.05116171862174257,28,False
88,29,-0.0018468201023286307,0.015647356615091253,0.05116171862174257,29,False
88,30,-0.0018468201023286307,0.015647356615091253,0.05116171862174257,30,False
88,31,-0.0018468201023286307,0.015647356615091253,0.05116171862174257,31,False
88,32,-0.0018468201023286307,0.015647356615091253,0.05116171862174257,32,False
88,33,-0.0018468201023286307,0.015647356615091253,0.05116171862174257,33,False
88,34,-0.0018468201023286307,0.015647356615091253,0.05116171862174257,34,False
88,35,-0.0018468201023286307,0.015647356615091253,0.05116171862174257,35,False
88,36,-0.0018468201023286307,0.015647356615091253,0.05116171862174257,36,False
88,37,-0.0018468201023286307,0.015647356615091253,0.05116171862174257,37,False
88,38,-0.0018468201023286307,0.015647356615091253,0.05116171862174257,38,False
88,39,-0.0018468201023286307,0.015647356615091253,0.05116171862174257,39,False
88,40,-0.0018468201023286307,0.015647356615091253,0.05116171862174257,40,False
88,41,-0.0018468201023286307,0.015647356615091253,0.05116171862174257,41,False
88,42,-0.0018468201023286307,0.015647356615091253,0.05116171862174257,42,False
88,43,-0.0018468201023286307,0.015647356615091253,0.05116171862174257,43,False
88,44,-0.0018468201023286307,0.015647356615091253,0.05116171862174257,44,False
88,45,-0.0018468201023286307,0.015647356615091253,0.05116171862174257,45,False
88,46,-0.0018468201023286307,0.015647356615091253,0.05116171862174257,46,False
88,47,-0.0018468201023286307,0.015647356615091253,0.05116171862174257,47,False
88,48,-0.0018468201023286307,0.015647356615091253,0.05116171862174257,48,False
88,49,-0.788665868053348,0.015647356615091253,2.97449222367035,49,False
88,50,-1.5432493915767354,0.015647356615091253,5.623887163738292,50,False
89,1,-0.0018468201023286307,0.004958947112135738,0.015712625676908676,1,True
89,2,-0.0018468201023286307,0.004958947112135738,0.015712625676908676,2,False
89,3,-0.0018468201023286307,0.004958947112135738,0.015712625676908676,3,False
89,4,-0.0018468201023286307,0.004958947112135738,0.015712625676908676,4,False
89,5,-0.0018468201023286307,0.004958947112135738,0.015712625676908676,5,False
89,6,-0.0018468201023286307,0.004958947112135738,0.015712625676908676,6,False
89,7,-0.0018468201023286307,0.004958947112135738,0.015712625676908676,7,False
89,8,-0.0018468201023286307,0.004958947112135738,0.015712625676908676,8,False
89,9,-0.0018468201023286307,0.004958947112135738,0.015712625676908676,9,False
89,10,-0.0018468201023286307,0.004958947112135738,0.015712625676908676,10,False
89,11,-0.0018468201023286307,0.004958947112135738,0.015712625676908676,11,False
89,12,-0.0018468201023286307,-0.012747189097307397,0.04084266811205284,12,False
89,13,-0.0018468201023286307,-0.012747189097307397,0.04084266811205284,13,False
89,14,-0.0018468201023286307,-0.012747189097307397,0.04084266811205284,14,False
89,15,-0.0018468201023286307,-0.012747189097307397,0.04084266811205284,15,False
89,16,-0.0018468201023286307,-0.012747189097307397,0.04084266811205284,16,False
89,17,-0.0018468201023286307,-0.012747189097307397,0.04084266811205284,17,False
89,18,-0.0018468201023286307,-0.012747189097307397,0.04084266811205284,18,False
89,19,-0.0018468201023286307,0.015647356615091253,0.05116171862174257,19,False
89,20,-0.0018468201023286307,0.015647356615091253,0.05116171862174257,20,False
89,21,-0.0018468201023286307,0.015647356615091253,0.05116171862174257,21,False
89,22,-0.0018468201023286307,0.015647356615091253,0.05116171862174257,22,False
89,23,-0.0018468201023286307,0.015647356615091253,0.05116171862174257,23,False
89,24,-0.0018468201023286307,0.015647356615091253,0.05116171862174257,24,False
89,25,-0.0018468201023286307,0.015647356615091253,0.05116171862174257,25,False
89,26,-0.0018468201023286307,0.015647356615091253,0.05116171862174257,26,False
89,27,-0.0018468201023286307,0.015647356615091253,0.05116171862174257,27,False
89,28,-0.0018468201023286307,0.015647356615091253,0.05116171862174257,28,False
89,29,-0.0018468201023286307,0.015647356615091253,0.05116171862174257,29,False
89,30,-0.0018468201023286307,0.015647356615091253,0.05116171862174257,30,False
89,31,-0.0018468201023286307,0.015647356615091253,0.05116171862174257,31,False
89,32,-0.0018468201023286307,0.015647356615091253,0.05116171862174257,32,False
89,33,-0.0018468201023286307,0.015647356615091253,0.05116171862174257,33,False
89,34,-0.0018468201023286307,0.015647356615091253,0.05116171862174257,34,False
89,35,-0.0018468201023286307,0.015647356615091253,0.05116171862174257,35,False
89,36,-0.0018468201023286307,0.015647356615091253,0.05116171862174257,36,False
89,37,-0.0018468201023286307,0.015647356615091253,0.05116171862174257,37,False
89,38,-0.0018468201023286307,0.015647356615091253,0.05116171862174257,38,False
89,39,-0.0018468201023286307,0.015647356615091253,0.05116171862174257,39,False
89,40,-0.0018468201023286307,0.015647356615091253,0.05116171862174257,40,False
89,41,-0.0018468201023286307,0.015647356615091253,0.05116171862174257,41,False
89,42,-0.0018468201023286307,0.015647356615091253,0.05116171862174257,42,False
89,43,-0.0018468201023286307,0.015647356615091253,0.05116171862174257,43,False
89,44,-0.0018468201023286307,0.015647356615091253,0.05116171862174257,44,False
89,45,-0.0018468201023286307,0.015647356615091253,0.05116171862174257,45,False
89,46,-0.10439982270232522,0.015647356615091253,0.5702101480784703,46,False
89,47,-0.0018468201023286307,0.25022193420394345,1.7661424678644448,47,False
89,48,-0.2995330343347854,0.004958947112135738,2.133593047841878,48,False
89,49,-0.788665868053348,0.015647356615091253,2.97449222367035,49,False
89,50,-0.0018468201023286307,1.0797657331918535,2.994497634079828,50,False
90,1,-0.0018468201023286307,0.004958947112135738,0.015712625676908676,1,True
90,2,-0.0018468201023286307,0.004958947112135738,0.015712625676908676,2,False
90,3,-0.0018468201023286307,0.004958947112135738,0.015712625676908676,3,False
90,4,-0.0018468201023286307,0.004958947112135738,0.015712625676908676,4,False
90,5,-0.0018468201023286307,0.004958947112135738,0.015712625676908676,5,False
90,6,-0.0018468201023286307,0.004958947112135738,0.015712625676908676,6,False
90,7,-0.0018468201023286307,0.004958947112135738,0.015712625676908676,7,False
90,8,-0.0018468201023286307,0.004958947112135738,0.015712625676908676,8,False
90,9,-0.0018468201023286307,0.004958947112135738,0.015712625676908676,9,False
90,10,-0.0018468201023286307,0.004958947112135738,0.015712625676908676,10,False
90,11,-0.0018468201023286307,-0.012747189097307397,0.04084266811205284,11,False
90,12,-0.0018468201023286307,-0.012747189097307397,0.04084266811205284,12,False
90,13,-0.0018468201023286307,-0.012747189097307397,0.04084266811205284,13,False
90,14,-0.0018468201023286307,-0.012747189097307397,0.04084266811205284,14,False
90,15,-0.0018468201023286307,-0.012747189097307397,0.04084266811205284,15,False
90,16,-0.0018468201023286307,-0.012747189097307397,0.04084266811205284,16,False
90,17,-0.0018468201023286307,-0.012747189097307397,0.04084266811205284,17,False
90,18,-0.0018468201023286307,-0.012747189097307397,0.04084266811205284,18,False
90,19,-0.0018468201023286307,-0.012747189097307397,0.04084266811205284,19,False
90,20,-0.0018468201023286307,-0.012747189097307397,0.04084266811205284,20,False
90,21,-0.0018468201023286307,0.015647356615091253,0.05116171862174257,21,False
90,22,-0.0018468201023286307,0.015647356615091253,0.05116171862174257,22,False
90,23,-0.0018468201023286307,0.015647356615091253,0.05116171862174257,23,False
90,24,-0.0018468201023286307,0.015647356615091253,0.05116171862174257,24,False
90,25,-0.0018468201023286307,0.015647356615091253,0.05116171862174257,25,False
90,26,-0.0018468201023286307,0.015647356615091253,0.05116171862174257,26,False
90,27,-0.0018468201023286307,0.015647356615091253,0.05116171862174257,27,False
90,28,-0.0018468201023286307,0.015647356615091253,0.05116171862174257,28,False
90,29,-0.0018468201023286307,0.015647356615091253,0.05116171862174257,29,False
90,30,-0.0018468201023286307,0.015647356615091253,0.05116171862174257,30,False
90,31,-0.0018468201023286307,0.015647356615091253,0.05116171862174257,31,False
90,32,-0.0018468201023286307,0.015647356615091253,0.05116171862174257,32,False
90,33,-0.0018468201023286307,0.015647356615091253,0.05116171862174257,33,False
90,34,-0.0018468201023286307,0.015647356615091253,0.05116171862174257,34,False
90,35,-0.0018468201023286307,0.015647356615091253,0.05116171862174257,35,False
90,36,-0.0018468201023286307,0.015647356615091253,0.05116171862174257,36,False
90,37,-0.0018468201023286307,0.015647356615091253,0.05116171862174257,37,False
90,38,-0.0018468201023286307,0.015647356615091253,0.05116171862174257,38,False
90,39,-0.0018468201023286307,0.015647356615091253,0.05116171862174257,39,False
90,40,-0.0018468201023286307,0.015647356615091253,0.05116171862174257,40,False
90,41,-0.0018468201023286307,0.015647356615091253,0.05116171862174257,41,False
90,42,-0.0018468201023286307,0.015647356615091253,0.05116171862174257,42,False
90,43,-0.0018468201023286307,0.015647356615091253,0.05116171862174257,43,False
90,44,-0.0018468201023286307,0.015647356615091253,0.05116171862174257,44,False
90,45,-0.0018468201023286307,0.015647356615091253,0.05116171862174257,45,False
90,46,-0.0018468201023286307,0.015647356615091253,0.05116171862174257,46,False
90,47,-0.0018468201023286307,0.015647356615091253,0.05116171862174257,47,False
90,48,-0.10439982270232522,-0.012747189097307397,0.5671363970038965,48,False
90,49,-0.0018468201023286307,0.25022193420394345,1.7661424678644448,49,False
90,50,-0.0018468201023286307,-0.6704286674448985,3.230146116799592,50,False
91,1,-0.0018468201023286307,0.004958947112135738,0.015712625676908676,1,True
91,2,-0.0018468201023286307,0.004958947112135738,0.015712625676908676,2,False
91,3,-0.0018468201023286307,0.004958947112135738,0.015712625676908676,3,False
91,4,-0.0018468201023286307,0.004958947112135738,0.015712625676908676,4,False
91,5,-0.0018468201023286307,0.004958947112135738,0.015712625676908676,5,False
91,6,-0.0018468201023286307,0.004958947112135738,0.015712625676908676,6,False
91,7,-0.0018468201023286307,0.004958947112135738,0.015712625676908676,7,False
91,8,-0.0018468201023286307,0.004958947112135738,0.015712625676908676,8,False
91,9,-0.0018468201023286307,0.004958947112135738,0.015712625676908676,9,False
91,10,-0.0018468201023286307,0.004958947112135738,0.015712625676908676,10,False
91,11,-0.0018468201023286307,0.004958947112135738,0.015712625676908676,11,False
91,12,-0.0018468201023286307,0.004958947112135738,0.015712625676908676,12,False
91,13,-0.0018468201023286307,0.004958947112135738,0.015712625676908676,13,False
91,14,-0.0018468201023286307,-0.012747189097307397,0.04084266811205284,14,False
91,15,-0.0018468201023286307,-0.012747189097307397,0.04084266811205284,15,False
91,16,-0.0018468201023286307,-0.012747189097307397,0.04084266811205284,16,False
91,17,-0.0018468201023286307,-0.012747189097307397,0.04084266811205284,17,False
91,18,-0.0018468201023286307,-0.012747189097307397,0.04084266811205284,18,False
91,19,-0.0018468201023286307,-0.012747189097307397,0.04084266811205284,19,False
91,20,-0.0018468201023286307,-0.012747189097307397,0.04084266811205284,20,False
91,21,-0.0018468201023286307,-0.012747189097307397,0.04084266811205284,21,False
91,22,-0.0018468201023286307,-0.012747189097307397,0.04084266811205284,22,False
91,23,-0.0018468201023286307,-0.012747189097307397,0.04084266811205284,23,False
91,24,-0.0018468201023286307,-0.012747189097307397,0.04084266811205284,24,False
91,25,-0.0018468201023286307,0.015647356615091253,0.05116171862174257,25,False
91,26,-0.0018468201023286307,0.015647356615091253,0.05116171862174257,26,False
91,27,-0.0018468201023286307,0.015647356615091253,0.05116171862174257,27,False
91,28,-0.0018468201023286307,0.015647356615091253,0.05116171862174257,28,False
91,29,-0.0018468201023286307,0.015647356615091253,0.05116171862174257,29,False
91,30,-0.0018468201023286307,0.015647356615091253,0.05116171862174257,30,False
91,31,-0.0018468201023286307,0.015647356615091253,0.05116171862174257,31,False
91,32,-0.0018468201023286307,0.015647356615091253,0.05116171862174257,32,False
91,33,-0.0018468201023286307,0.015647356615091253,0.05116171862174257,33,False
91,34,-0.0018468201023286307,0.015647356615091253,0.05116171862174257,34,False
91,35,-0.0018468201023286307,0.015647356615091253,0.05116171862174257,35,False
91,36,-0.0018468201023286307,0.015647356615091253,0.05116171862174257,36,False
91,37,-0.0018468201023286307,0.015647356615091253,0.05116171862174257,37,False
91,38,-0.0018468201023286307,0.015647356615091253,0.05116171862174257,38,False
91,39,-0.0018468201023286307,0.015647356615091253,0.05116171862174257,39,False
91,40,-0.0018468201023286307,0.015647356615091253,0.05116171862174257,40,False
91,41,-0.0018468201023286307,0.015647356615091253,0.05116171862174257,41,False
91,42,-0.0018468201023286307,0.015647356615091253,0.05116171862174257,42,False
91,43,-0.0018468201023286307,0.015647356615091253,0.05116171862174257,43,False
91,44,-0.0018468201023286307,0.015647356615091253,0.05116171862174257,44,False
91,45,-0.0018468201023286307,0.015647356615091253,0.05116171862174257,45,False
91,46,-0.0018468201023286307,0.015647356615091253,0.05116171862174257,46,False
91,47,-0.0018468201023286307,0.015647356615091253,0.05116171862174257,47,False
91,48,-0.0018468201023286307,0.015647356615091253,0.05116171862174257,48,False
91,49,-0.0018468201023286307,0.25022193420394345,1.7661424678644448,49,False
91,50,-0.0018468201023286307,0.9367722348523394,2.585491965070141,50,False
92,1,-0.0018468201023286307,0.004958947112135738,0.015712625676908676,1,True
92,2,-0.0018468201023286307,0.004958947112135738,0.015712625676908676,2,False
92,3,-0.0018468201023286307,0.004958947112135738,0.015712625676908676,3,False
92,4,-0.0018468201023286307,0.004958947112135738,0.015712625676908676,4,False
92,5,-0.0018468201023286307,0.004958947112135738,0.015712625676908676,5,False
92,6,-0.0018468201023286307,0.004958947112135738,0.015712625676908676,6,False
92,7,-0.0018468201023286307,0.004958947112135738,0.015712625676908676,7,False
92,8,-0.0018468201023286307,0.004958947112135738,0.015712625676908676,8,False
92,9,-0.0018468201023286307,-0.012747189097307397,0.04084266811205284,9,False
92,10,-0.0018468201023286307,-0.012747189097307397,0.04084266811205284,10,False
92,11,-0.0018468201023286307,-0.012747189097307397,0.04084266811205284,11,False
92,12,-0.0018468201023286307,-0.012747189097307397,0.04084266811205284,12,False
92,13,-0.0018468201023286307,-0.012747189097307397,0.04084266811205284,13,False
92,14,-0.0018468201023286307,-0.012747189097307397,0.04084266811205284,14,False
92,15,-0.0018468201023286307,-0.012747189097307397,0.04084266811205284,15,False
92,16,-0.0018468201023286307,-0.012747189097307397,0.04084266811205284,16,False
92,17,-0.0018468201023286307,-0.012747189097307397,0.04084266811205284,17,False
92,18,-0.0018468201023286307,-0.012747189097307397,0.04084266811205284,18,False
92,19,-0.0018468201023286307,0.015647356615091253,0.05116171862174257,19,False
92,20,-0.0018468201023286307,0.015647356615091253,0.05116171862174257,20,False
92,21,-0.0018468201023286307,0.015647356615091253,0.05116171862174257,21,False
92,22,-0.0018468201023286307,0.015647356615091253,0.05116171862174257,22,False
92,23,-0.0018468201023286307,0.015647356615091253,0.05116171862174257,23,False
92,24,-0.0018468201023286307,0.015647356615091253,0.05116171862174257,24,False
92,25,-0.0018468201023286307,0.015647356615091253,0.05116171862174257,25,False
92,26,-0.0018468201023286307,0.015647356615091253,0.05116171862174257,26,False
92,27,-0.0018468201023286307,0.015647356615091253,0.05116171862174257,27,False
92,28,-0.0018468201023286307,0.015647356615091253,0.05116171862174257,28,False
92,29,-0.0018468201023286307,0.015647356615091253,0.05116171862174257,29,False
92,30,-0.0018468201023286307,0.015647356615091253,0.05116171862174257,30,False
92,31,-0.0018468201023286307,0.015647356615091253,0.05116171862174257,31,False
92,32,-0.0018468201023286307,0.015647356615091253,0.05116171862174257,32,False
92,33,-0.0018468201023286307,0.015647356615091253,0.05116171862174257,33,False
92,34,-0.0018468201023286307,0.015647356615091253,0.05116171862174257,34,False
92,35,-0.0018468201023286307,0.015647356615091253,0.05116171862174257,35,False
92,36,-0.0018468201023286307,0.015647356615091253,0.05116171862174257,36,False
92,37,-0.0018468201023286307,0.015647356615091253,0.05116171862174257,37,False
92,38,-0.0018468201023286307,0.015647356615091253,0.05116171862174257,38,False
92,39,-0.0018468201023286307,0.015647356615091253,0.05116171862174257,39,False
92,40,-0.0018468201023286307,0.015647356615091253,0.05116171862174257,40,False
92,41,-0.0018468201023286307,0.015647356615091253,0.05116171862174257,41,False
92,42,-0.0018468201023286307,0.015647356615091253,0.05116171862174257,42,False
92,43,-0.0018468201023286307,0.015647356615091253,0.05116171862174257,43,False
92,44,-0.0018468201023286307,0.015647356615091253,0.05116171862174257,44,False
92,45,-0.3726458233655277,-0.012747189097307397,2.5836124884714207,45,False
92,46,-0.0018468201023286307,0.3950454723641711,2.694521820344289,46,False
92,47,-0.0018468201023286307,-0.763566779640619,3.045095749711298,47,False
92,48,0.544596958818125,-0.012747189097307397,3.1831423211490883,48,False
92,49,-0.704482543715009,0.004958947112135738,3.183391462094314,49,False
92,50,-0.0018468201023286307,-0.6318057156071092,3.25211124044564,50,False
93,1,-0.0018468201023286307,0.004958947112135738,0.015712625676908676,1,True
93,2,-0.0018468201023286307,0.004958947112135738,0.015712625676908676,2,False
93,3,-0.0018468201023286307,0.004958947112135738,0.015712625676908676,3,False
93,4,-0.0018468201023286307,0.004958947112135738,0.015712625676908676,4,False
93,5,-0.0018468201023286307,0.004958947112135738,0.015712625676908676,5,False
93,6,-0.0018468201023286307,0.004958947112135738,0.015712625676908676,6,False
93,7,-0.0018468201023286307,0.004958947112135738,0.015712625676908676,7,False
93,8,-0.0018468201023286307,0.004958947112135738,0.015712625676908676,8,False
93,9,-0.0018468201023286307,0.004958947112135738,0.015712625676908676,9,False
93,10,-0.0018468201023286307,-0.012747189097307397,0.04084266811205284,10,False
93,11,-0.0018468201023286307,-0.012747189097307397,0.04084266811205284,11,False
93,12,-0.0018468201023286307,-0.012747189097307397,0.04084266811205284,12,False
93,13,-0.0018468201023286307,-0.012747189097307397,0.04084266811205284,13,False
93,14,-0.0018468201023286307,-0.012747189097307397,0.04084266811205284,14,False
93,15,-0.0018468201023286307,-0.012747189097307397,0.04084266811205284,15,False
93,16,-0.0018468201023286307,-0.012747189097307397,0.04084266811205284,16,False
93,17,-0.0018468201023286307,-0.012747189097307397,0.04084266811205284,17,False
93,18,-0.0018468201023286307,-0.012747189097307397,0.04084266811205284,18,False
93,19,-0.0018468201023286307,-0.012747189097307397,0.04084266811205284,19,False
93,20,-0.0018468201023286307,-0.012747189097307397,0.04084266811205284,20,False
93,21,-0.0018468201023286307,-0.012747189097307397,0.04084266811205284,21,False
93,22,-0.0018468201023286307,-0.012747189097307397,0.04084266811205284,22,False
93,23,-0.0018468201023286307,-0.012747189097307397,0.04084266811205284,23,False
93,24,-0.0018468201023286307,-0.012747189097307397,0.04084266811205284,24,False
93,25,-0.0018468201023286307,-0.012747189097307397,0.04084266811205284,25,False
93,26,-0.0018468201023286307,0.015647356615091253,0.05116171862174257,26,False
93,27,-0.0018468201023286307,0.015647356615091253,0.05116171862174257,27,False
93,28,-0.0018468201023286307,0.015647356615091253,0.05116171862174257,28,False
93,29,-0.0018468201023286307,0.015647356615091253,0.05116171862174257,29,False
93,30,-0.0018468201023286307,0.015647356615091253,0.05116171862174257,30,False
93,31,-0.0018468201023286307,0.015647356615091253,0.05116171862174257,31,False
93,32,-0.0018468201023286307,0.015647356615091253,0.05116171862174257,32,False
93,33,-0.0018468201023286307,0.015647356615091253,0.05116171862174257,33,False
93,34,-0.0018468201023286307,0.015647356615091253,0.05116171862174257,34,False
93,35,-0.0018468201023286307,0.015647356615091253,0.05116171862174257,35,False
93,36,-0.0018468201023286307,0.015647356615091253,0.05116171862174257,36,False
93,37,-0.0018468201023286307,0.015647356615091253,0.05116171862174257,37,False
93,38,-0.0018468201023286307,0.015647356615091253,0.05116171862174257,38,False
93,39,-0.0018468201023286307,0.015647356615091253,0.05116171862174257,39,False
93,40,-0.0018468201023286307,0.015647356615091253,0.05116171862174257,40,False
93,41,-0.0018468201023286307,0.015647356615091253,0.05116171862174257,41,False
93,42,-0.0018468201023286307,0.015647356615091253,0.05116171862174257,42,False
93,43,-0.0018468201023286307,0.015647356615091253,0.05116171862174257,43,False
93,44,-0.0018468201023286307,0.015647356615091253,0.05116171862174257,44,False
93,45,-0.0018468201023286307,0.015647356615091253,0.05116171862174257,45,False
93,46,-0.0018468201023286307,0.015647356615091253,0.05116171862174257,46,False
93,47,-0.0018468201023286307,0.015647356615091253,0.05116171862174257,47,False
93,48,-0.0018468201023286307,0.015647356615091253,0.05116171862174257,48,False
93,49,-0.3726458233655277,0.004958947112135738,2.5815346392829963,49,False
93,50,-0.3726458233655277,0.015647356615091253,2.5848514762238293,50,False
94,1,-0.0018468201023286307,0.004958947112135738,0.015712625676908676,1,True
94,2,-0.0018468201023286307,0.004958947112135738,0.015712625676908676,2,False
94,3,-0.0018468201023286307,0.004958947112135738,0.015712625676908676,3,False
94,4,-0.0018468201023286307,0.004958947112135738,0.015712625676908676,4,False
94,5,-0.0018468201023286307,0.004958947112135738,0.015712625676908676,5,False
94,6,-0.0018468201023286307,0.004958947112135738,0.015712625676908676,6,False
94,7,-0.0018468201023286307,0.004958947112135738,0.015712625676908676,7,False
94,8,-0.0018468201023286307,0.004958947112135738,0.015712625676908676,8,False
94,9,-0.0018468201023286307,0.004958947112135738,0.015712625676908676,9,False
94,10,-0.0018468201023286307,0.004958947112135738,0.015712625676908676,10,False
94,11,-0.0018468201023286307,0.004958947112135738,0.015712625676908676,11,False
94,12,-0.0018468201023286307,0.004958947112135738,0.015712625676908676,12,False
94,13,-0.0018468201023286307,0.004958947112135738,0.015712625676908676,13,False
94,14,-0.0018468201023286307,-0.012747189097307397,0.04084266811205284,14,False
94,15,-0.0018468201023286307,-0.012747189097307397,0.04084266811205284,15,False
94,16,-0.0018468201023286307,-0.012747189097307397,0.04084266811205284,16,False
94,17,-0.0018468201023286307,-0.012747189097307397,0.04084266811205284,17,False
94,18,-0.0018468201023286307,-0.012747189097307397,0.04084266811205284,18,False
94,19,-0.0018468201023286307,-0.012747189097307397,0.04084266811205284,19,False
94,20,-0.0018468201023286307,-0.012747189097307397,0.04084266811205284,20,False
94,21,-0.0018468201023286307,-0.012747189097307397,0.04084266811205284,21,False
94,22,-0.0018468201023286307,-0.012747189097307397,0.04084266811205284,22,False
94,23,-0.0018468201023286307,-0.012747189097307397,0.04084266811205284,23,False
94,24,-0.0018468201023286307,0.015647356615091253,0.05116171862174257,24,False
94,25,-0.0018468201023286307,0.015647356615091253,0.05116171862174257,25,False
94,26,-0.0018468201023286307,0.015647356615091253,0.05116171862174257,26,False
94,27,-0.0018468201023286307,0.015647356615091253,0.05116171862174257,27,False
94,28,-0.0018468201023286307,0.015647356615091253,0.05116171862174257,28,False
94,29,-0.0018468201023286307,0.015647356615091253,0.05116171862174257,29,False
94,30,-0.0018468201023286307,0.015647356615091253,0.05116171862174257,30,False
94,31,-0.0018468201023286307,0.015647356615091253,0.05116171862174257,31,False
94,32,-0.0018468201023286307,0.015647356615091253,0.05116171862174257,32,False
94,33,-0.0018468201023286307,0.015647356615091253,0.05116171862174257,33,False
94,34,-0.0018468201023286307,0.015647356615091253,0.05116171862174257,34,False
94,35,-0.0018468201023286307,0.015647356615091253,0.05116171862174257,35,False
94,36,-0.0018468201023286307,0.015647356615091253,0.05116171862174257,36,False
94,37,-0.0018468201023286307,0.015647356615091253,0.05116171862174257,37,False
94,38,-0.0018468201023286307,0.015647356615091253,0.05116171862174257,38,False
94,39,-0.0018468201023286307,0.015647356615091253,0.05116171862174257,39,False
94,40,-0.0018468201023286307,0.015647356615091253,0.05116171862174257,40,False
94,41,-0.0018468201023286307,0.015647356615091253,0.05116171862174257,41,False
94,42,-0.0018468201023286307,0.015647356615091253,0.05116171862174257,42,False
94,43,-0.0018468201023286307,0.015647356615091253,0.05116171862174257,43,False
94,44,-0.0018468201023286307,0.015647356615091253,0.05116171862174257,44,False
94,45,-0.0018468201023286307,0.015647356615091253,0.05116171862174257,45,False
94,46,-0.0018468201023286307,0.015647356615091253,0.05116171862174257,46,False
94,47,-0.0018468201023286307,0.015647356615091253,0.05116171862174257,47,False
94,48,-0.0018468201023286307,0.015647356615091253,0.05116171862174257,48,False
94,49,-0.0018468201023286307,0.015647356615091253,0.05116171862174257,49,False
94,50,0.28551054345566756,0.015647356615091253,2.0384238511367134,50,False
95,1,-0.0018468201023286307,0.004958947112135738,0.015712625676908676,1,True
95,2,-0.0018468201023286307,0.004958947112135738,0.015712625676908676,2,False
95,3,-0.0018468201023286307,0.004958947112135738,0.015712625676908676,3,False
95,4,-0.0018468201023286307,0.004958947112135738,0.015712625676908676,4,False
95,5,-0.0018468201023286307,0.004958947112135738,0.015712625676908676,5,False
95,6,-0.0018468201023286307,0.004958947112135738,0.015712625676908676,6,False
95,7,-0.0018468201023286307,0.004958947112135738,0.015712625676908676,7,False
95,8,-0.0018468201023286307,0.004958947112135738,0.015712625676908676,8,False
95,9,-0.0018468201023286307,0.004958947112135738,0.015712625676908676,9,False
95,10,-0.0018468201023286307,0.004958947112135738,0.015712625676908676,10,False
95,11,-0.0018468201023286307,0.004958947112135738,0.015712625676908676,11,False
95,12,-0.0018468201023286307,0.004958947112135738,0.015712625676908676,12,False
95,13,-0.0018468201023286307,0.004958947112135738,0.015712625676908676,13,False
95,14,-0.0018468201023286307,-0.012747189097307397,0.04084266811205284,14,False
95,15,-0.0018468201023286307,-0.012747189097307397,0.04084266811205284,15,False
95,16,-0.0018468201023286307,-0.012747189097307397,0.04084266811205284,16,False
95,17,-0.0018468201023286307,-0.012747189097307397,0.04084266811205284,17,False
95,18,-0.0018468201023286307,-0.012747189097307397,0.04084266811205284,18,False
95,19,-0.0018468201023286307,-0.012747189097307397,0.04084266811205284,19,False
95,20,-0.0018468201023286307,-0.012747189097307397,0.04084266811205284,20,False
95,21,-0.0018468201023286307,0.015647356615091253,0.05116171862174257,21,False
95,22,-0.0018468201023286307,0.015647356615091253,0.05116171862174257,22,False
95,23,-0.0018468201023286307,0.015647356615091253,0.05116171862174257,23,False
95,24,-0.0018468201023286307,0.015647356615091253,0.05116171862174257,24,False
95,25,-0.0018468201023286307,0.015647356615091253,0.05116171862174257,25,False
95,26,-0.0018468201023286307,0.015647356615091253,0.05116171862174257,26,False
95,27,-0.0018468201023286307,0.015647356615091253,0.05116171862174257,27,False
95,28,-0.0018468201023286307,0.015647356615091253,0.05116171862174257,28,False
95,29,-0.0018468201023286307,0.015647356615091253,0.05116171862174257,29,False
95,30,-0.0018468201023286307,0.015647356615091253,0.05116171862174257,30,False
95,31,-0.0018468201023286307,0.015647356615091253,0.05116171862174257,31,False
95,32,-0.0018468201023286307,0.015647356615091253,0.05116171862174257,32,False
95,33,-0.0018468201023286307,0.015647356615091253,0.05116171862174257,33,False
95,34,-0.0018468201023286307,0.015647356615091253,0.05116171862174257,34,False
95,35,-0.0018468201023286307,0.015647356615091253,0.05116171862174257,35,False
95,36,-0.0018468201023286307,0.015647356615091253,0.05116171862174257,36,False
95,37,-0.0018468201023286307,0.015647356615091253,0.05116171862174257,37,False
95,38,-0.0018468201023286307,0.015647356615091253,0.05116171862174257,38,False
95,39,-0.0018468201023286307,0.015647356615091253,0.05116171862174257,39,False
95,40,-0.0018468201023286307,0.015647356615091253,0.05116171862174257,40,False
95,41,-0.0018468201023286307,0.015647356615091253,0.05116171862174257,41,False
95,42,-0.0018468201023286307,0.015647356615091253,0.05116171862174257,42,False
95,43,-0.0018468201023286307,0.015647356615091253,0.05116171862174257,43,False
95,44,-0.0018468201023286307,0.015647356615091253,0.05116171862174257,44,False
95,45,-0.0018468201023286307,0.015647356615091253,0.05116171862174257,45,False
95,46,-0.0018468201023286307,0.015647356615091253,0.05116171862174257,46,False
95,47,-0.0018468201023286307,0.015647356615091253,0.05116171862174257,47,False
95,48,-0.0018468201023286307,0.015647356615091253,0.05116171862174257,48,False
95,49,0.21059577784841255,-0.012747189097307397,1.4455575557054954,49,False
95,50,-0.4685580890026619,0.015647356615091253,2.9939627095539803,50,False
96,1,-0.0018468201023286307,0.004958947112135738,0.015712625676908676,1,True
96,2,-0.0018468201023286307,0.004958947112135738,0.015712625676908676,2,False
96,3,-0.0018468201023286307,0.004958947112135738,0.015712625676908676,3,False
96,4,-0.0018468201023286307,0.004958947112135738,0.015712625676908676,4,False
96,5,-0.0018468201023286307,0.004958947112135738,0.015712625676908676,5,False
96,6,-0.0018468201023286307,0.004958947112135738,0.015712625676908676,6,False
96,7,-0.0018468201023286307,0.004958947112135738,0.015712625676908676,7,False
96,8,-0.0018468201023286307,0.004958947112135738,0.015712625676908676,8,False
96,9,-0.0018468201023286307,0.004958947112135738,0.015712625676908676,9,False
96,10,-0.0018468201023286307,0.004958947112135738,0.015712625676908676,10,False
96,11,-0.0018468201023286307,0.004958947112135738,0.015712625676908676,11,False
96,12,-0.0018468201023286307,0.004958947112135738,0.015712625676908676,12,False
96,13,-0.0018468201023286307,0.004958947112135738,0.015712625676908676,13,False
96,14,-0.0018468201023286307,0.004958947112135738,0.015712625676908676,14,False
96,15,-0.0018468201023286307,0.004958947112135738,0.015712625676908676,15,False
96,16,-0.0018468201023286307,0.004958947112135738,0.015712625676908676,16,False
96,17,-0.0018468201023286307,-0.012747189097307397,0.04084266811205284,17,False
96,18,-0.0018468201023286307,-0.012747189097307397,0.04084266811205284,18,False
96,19,-0.0018468201023286307,-0.012747189097307397,0.04084266811205284,19,False
96,20,-0.0018468201023286307,-0.012747189097307397,0.04084266811205284,20,False
96,21,-0.0018468201023286307,0.015647356615091253,0.05116171862174257,21,False
96,22,-0.0018468201023286307,0.015647356615091253,0.05116171862174257,22,False
96,23,-0.0018468201023286307,0.015647356615091253,0.05116171862174257,23,False
96,24,-0.0018468201023286307,0.015647356615091253,0.05116171862174257,24,False
96,25,-0.0018468201023286307,0.015647356615091253,0.05116171862174257,25,False
96,26,-0.0018468201023286307,0.015647356615091253,0.05116171862174257,26,False
96,27,-0.0018468201023286307,0.015647356615091253,0.05116171862174257,27,False
96,28,-0.0018468201023286307,0.015647356615091253,0.05116171862174257,28,False
96,29,-0.0018468201023286307,0.015647356615091253,0.05116171862174257,29,False
96,30,-0.0018468201023286307,0.015647356615091253,0.05116171862174257,30,False
96,31,-0.0018468201023286307,0.015647356615091253,0.05116171862174257,31,False
96,32,-0.0018468201023286307,0.015647356615091253,0.05116171862174257,32,False
96,33,-0.0018468201023286307,0.015647356615091253,0.05116171862174257,33,False
96,34,-0.0018468201023286307,0.015647356615091253,0.05116171862174257,34,False
96,35,-0.0018468201023286307,0.015647356615091253,0.05116171862174257,35,False
96,36,-0.0018468201023286307,0.015647356615091253,0.05116171862174257,36,False
96,37,-0.0018468201023286307,0.015647356615091253,0.05116171862174257,37,False
96,38,-0.0018468201023286307,0.015647356615091253,0.05116171862174257,38,False
96,39,-0.0018468201023286307,0.015647356615091253,0.05116171862174257,39,False
96,40,-0.0018468201023286307,0.015647356615091253,0.05116171862174257,40,False
96,41,-0.0018468201023286307,0.015647356615091253,0.05116171862174257,41,False
96,42,-0.0018468201023286307,0.015647356615091253,0.05116171862174257,42,False
96,43,-0.0018468201023286307,0.015647356615091253,0.05116171862174257,43,False
96,44,-0.0018468201023286307,0.015647356615091253,0.05116171862174257,44,False
96,45,-0.0018468201023286307,0.015647356615091253,0.05116171862174257,45,False
96,46,-0.0018468201023286307,0.015647356615091253,0.05116171862174257,46,False
96,47,-0.0018468201023286307,0.015647356615091253,0.05116171862174257,47,False
96,48,-0.0018468201023286307,0.015647356615091253,0.05116171862174257,48,False
96,49,-0.0018468201023286307,-0.1009984828433219,0.5359019132773821,49,False
96,50,-0.0018468201023286307,-0.18744882743037675,1.2449048750197034,50,False
97,1,-0.0018468201023286307,0.004958947112135738,0.015712625676908676,1,True
97,2,-0.0018468201023286307,0.004958947112135738,0.015712625676908676,2,False
97,3,-0.0018468201023286307,0.004958947112135738,0.015712625676908676,3,False
97,4,-0.0018468201023286307,0.004958947112135738,0.015712625676908676,4,False
97,5,-0.0018468201023286307,0.004958947112135738,0.015712625676908676,5,False
97,6,-0.0018468201023286307,0.004958947112135738,0.015712625676908676,6,False
97,7,-0.0018468201023286307,0.004958947112135738,0.015712625676908676,7,False
97,8,-0.0018468201023286307,0.004958947112135738,0.015712625676908676,8,False
97,9,-0.0018468201023286307,0.004958947112135738,0.015712625676908676,9,False
97,10,-0.0018468201023286307,0.004958947112135738,0.015712625676908676,10,False
97,11,-0.0018468201023286307,0.004958947112135738,0.015712625676908676,11,False
97,12,-0.0018468201023286307,0.004958947112135738,0.015712625676908676,12,False
97,13,-0.0018468201023286307,0.004958947112135738,0.015712625676908676,13,False
97,14,-0.0018468201023286307,0.004958947112135738,0.015712625676908676,14,False
97,15,-0.0018468201023286307,0.004958947112135738,0.015712625676908676,15,False
97,16,-0.0018468201023286307,-0.012747189097307397,0.04084266811205284,16,False
97,17,-0.0018468201023286307,-0.012747189097307397,0.04084266811205284,17,False
97,18,-0.0018468201023286307,-0.012747189097307397,0.04084266811205284,18,False
97,19,-0.0018468201023286307,-0.012747189097307397,0.04084266811205284,19,False
97,20,-0.0018468201023286307,-0.012747189097307397,0.04084266811205284,20,False
97,21,-0.0018468201023286307,0.015647356615091253,0.05116171862174257,21,False
97,22,-0.0018468201023286307,0.015647356615091253,0.05116171862174257,22,False
97,23,-0.0018468201023286307,0.015647356615091253,0.05116171862174257,23,False
97,24,-0.0018468201023286307,0.015647356615091253,0.05116171862174257,24,False
97,25,-0.0018468201023286307,0.015647356615091253,0.05116171862174257,25,False
97,26,-0.0018468201023286307,0.015647356615091253,0.05116171862174257,26,False
97,27,-0.0018468201023286307,0.015647356615091253,0.05116171862174257,27,False
97,28,-0.0018468201023286307,0.015647356615091253,0.05116171862174257,28,False
97,29,-0.0018468201023286307,0.015647356615091253,0.05116171862174257,29,False
97,30,-0.0018468201023286307,0.015647356615091253,0.05116171862174257,30,False
97,31,-0.0018468201023286307,0.015647356615091253,0.05116171862174257,31,False
97,32,-0.0018468201023286307,0.015647356615091253,0.05116171862174257,32,False
97,33,-0.0018468201023286307,0.015647356615091253,0.05116171862174257,33,False
97,34,-0.0018468201023286307,0.015647356615091253,0.05116171862174257,34,False
97,35,-0.0018468201023286307,0.015647356615091253,0.05116171862174257,35,False
97,36,-0.0018468201023286307,0.015647356615091253,0.05116171862174257,36,False
97,37,-0.0018468201023286307,0.015647356615091253,0.05116171862174257,37,False
97,38,-0.0018468201023286307,0.015647356615091253,0.05116171862174257,38,False
97,39,-0.0018468201023286307,0.015647356615091253,0.05116171862174257,39,False
97,40,-0.0018468201023286307,0.015647356615091253,0.05116171862174257,40,False
97,41,-0.0018468201023286307,0.015647356615091253,0.05116171862174257,41,False
97,42,-0.0018468201023286307,0.015647356615091253,0.05116171862174257,42,False
97,43,-0.0018468201023286307,0.015647356615091253,0.05116171862174257,43,False
97,44,-0.0018468201023286307,0.015647356615091253,0.05116171862174257,44,False
97,45,-0.0018468201023286307,0.015647356615091253,0.05116171862174257,45,False
97,46,-0.0018468201023286307,0.015647356615091253,0.05116171862174257,46,False
97,47,-0.0018468201023286307,0.015647356615091253,0.05116171862174257,47,False
97,48,-0.0018468201023286307,0.03743602153039696,0.14299287103590475,48,False
97,49,-0.0018468201023286307,0.27309025382273056,1.9422934325574635,49,False
97,50,-0.0018468201023286307,0.31312714638264083,2.225553363757229,50,False
98,1,-0.0018468201023286307,0.004958947112135738,0.015712625676908676,1,True
98,2,-0.0018468201023286307,0.004958947112135738,0.015712625676908676,2,False
98,3,-0.0018468201023286307,0.004958947112135738,0.015712625676908676,3,False
98,4,-0.0018468201023286307,0.004958947112135738,0.015712625676908676,4,False
98,5,-0.0018468201023286307,0.004958947112135738,0.015712625676908676,5,False
98,6,-0.0018468201023286307,0.004958947112135738,0.015712625676908676,6,False
98,7,-0.0018468201023286307,0.004958947112135738,0.015712625676908676,7,False
98,8,-0.0018468201023286307,0.004958947112135738,0.015712625676908676,8,False
98,9,-0.0018468201023286307,0.004958947112135738,0.015712625676908676,9,False
98,10,-0.0018468201023286307,0.004958947112135738,0.015712625676908676,10,False
98,11,-0.0018468201023286307,0.004958947112135738,0.015712625676908676,11,False
98,12,-0.0018468201023286307,0.004958947112135738,0.015712625676908676,12,False
98,13,-0.0018468201023286307,0.004958947112135738,0.015712625676908676,13,False
98,14,-0.0018468201023286307,-0.012747189097307397,0.04084266811205284,14,False
98,15,-0.0018468201023286307,-0.012747189097307397,0.04084266811205284,15,False
98,16,-0.0018468201023286307,-0.012747189097307397,0.04084266811205284,16,False
98,17,-0.0018468201023286307,-0.012747189097307397,0.04084266811205284,17,False
98,18,-0.0018468201023286307,0.015647356615091253,0.05116171862174257,18,False
98,19,-0.0018468201023286307,0.015647356615091253,0.05116171862174257,19,False
98,20,-0.0018468201023286307,0.015647356615091253,0.05116171862174257,20,False
98,21,-0.0018468201023286307,0.015647356615091253,0.05116171862174257,21,False
98,22,-0.0018468201023286307,0.015647356615091253,0.05116171862174257,22,False
98,23,-0.0018468201023286307,0.015647356615091253,0.05116171862174257,23,False
98,24,-0.0018468201023286307,0.015647356615091253,0.05116171862174257,24,False
98,25,-0.0018468201023286307,0.015647356615091253,0.05116171862174257,25,False
98,26,-0.0018468201023286307,0.015647356615091253,0.05116171862174257,26,False
98,27,-0.0018468201023286307,0.015647356615091253,0.05116171862174257,27,False
98,28,-0.0018468201023286307,0.015647356615091253,0.05116171862174257,28,False
98,29,-0.0018468201023286307,0.015647356615091253,0.05116171862174257,29,False
98,30,-0.0018468201023286307,0.015647356615091253,0.05116171862174257,30,False
98,31,-0.0018468201023286307,0.015647356615091253,0.05116171862174257,31,False
98,32,-0.0018468201023286307,0.015647356615091253,0.05116171862174257,32,False
98,33,-0.0018468201023286307,0.015647356615091253,0.05116171862174257,33,False
98,34,-0.0018468201023286307,0.015647356615091253,0.05116171862174257,34,False
98,35,-0.0018468201023286307,0.015647356615091253,0.05116171862174257,35,False
98,36,-0.0018468201023286307,0.015647356615091253,0.05116171862174257,36,False
98,37,-0.0018468201023286307,0.015647356615091253,0.05116171862174257,37,False
98,38,-0.0018468201023286307,0.015647356615091253,0.05116171862174257,38,False
98,39,-0.0018468201023286307,0.015647356615091253,0.05116171862174257,39,False
98,40,-0.0018468201023286307,0.015647356615091253,0.05116171862174257,40,False
98,41,-0.0018468201023286307,0.015647356615091253,0.05116171862174257,41,False
98,42,-0.0018468201023286307,0.015647356615091253,0.05116171862174257,42,False
98,43,-0.0018468201023286307,0.015647356615091253,0.05116171862174257,43,False
98,44,-0.0018468201023286307,0.015647356615091253,0.05116171862174257,44,False
98,45,-0.0018468201023286307,0.015647356615091253,0.05116171862174257,45,False
98,46,-0.0018468201023286307,0.015647356615091253,0.05116171862174257,46,False
98,47,-0.0018468201023286307,0.015647356615091253,0.05116171862174257,47,False
98,48,-0.0018468201023286307,0.015647356615091253,0.05116171862174257,48,False
98,49,-0.0018468201023286307,0.015647356615091253,0.05116171862174257,49,False
98,50,-0.0018468201023286307,0.03743602153039696,0.14299287103590475,50,False
99,1,-0.0018468201023286307,0.004958947112135738,0.015712625676908676,1,True
99,2,-0.0018468201023286307,0.004958947112135738,0.015712625676908676,2,False
99,3,-0.0018468201023286307,0.004958947112135738,0.015712625676908676,3,False
99,4,-0.0018468201023286307,0.004958947112135738,0.015712625676908676,4,False
99,5,-0.0018468201023286307,0.004958947112135738,0.015712625676908676,5,False
99,6,-0.0018468201023286307,0.004958947112135738,0.015712625676908676,6,False
99,7,-0.0018468201023286307,0.004958947112135738,0.015712625676908676,7,False
99,8,-0.0018468201023286307,0.004958947112135738,0.015712625676908676,8,False
99,9,-0.0018468201023286307,0.004958947112135738,0.015712625676908676,9,False
99,10,-0.0018468201023286307,0.004958947112135738,0.015712625676908676,10,False
99,11,-0.0018468201023286307,0.004958947112135738,0.015712625676908676,11,False
99,12,-0.0018468201023286307,0.004958947112135738,0.015712625676908676,12,False
99,13,-0.0018468201023286307,0.004958947112135738,0.015712625676908676,13,False
99,14,-0.0018468201023286307,0.004958947112135738,0.015712625676908676,14,False
99,15,-0.0018468201023286307,0.004958947112135738,0.015712625676908676,15,False
99,16,-0.0018468201023286307,0.004958947112135738,0.015712625676908676,16,False
99,17,-0.0018468201023286307,0.004958947112135738,0.015712625676908676,17,False
99,18,-0.0018468201023286307,0.004958947112135738,0.015712625676908676,18,False
99,19,-0.0018468201023286307,0.004958947112135738,0.015712625676908676,19,False
99,20,-0.0018468201023286307,0.004958947112135738,0.015712625676908676,20,False
99,21,-0.0018468201023286307,0.004958947112135738,0.015712625676908676,21,False
99,22,-0.0018468201023286307,0.004958947112135738,0.015712625676908676,22,False
99,23,-0.0018468201023286307,0.004958947112135738,0.015712625676908676,23,False
99,24,-0.0018468201023286307,0.004958947112135738,0.015712625676908676,24,False
99,25,-0.0018468201023286307,0.015647356615091253,0.05116171862174257,25,False
99,26,-0.0018468201023286307,0.015647356615091253,0.05116171862174257,26,False
99,27,-0.0018468201023286307,0.015647356615091253,0.05116171862174257,27,False
99,28,-0.0018468201023286307,0.015647356615091253,0.05116171862174257,28,False
99,29,-0.0018468201023286307,0.015647356615091253,0.05116171862174257,29,False
99,30,-0.0018468201023286307,0.015647356615091253,0.05116171862174257,30,False
99,31,-0.0018468201023286307,0.015647356615091253,0.05116171862174257,31,False
99,32,-0.0018468201023286307,0.015647356615091253,0.05116171862174257,32,False
99,33,-0.0018468201023286307,0.015647356615091253,0.05116171862174257,33,False
99,34,-0.0018468201023286307,0.015647356615091253,0.05116171862174257,34,False
99,35,-0.0018468201023286307,0.015647356615091253,0.05116171862174257,35,False
99,36,-0.0018468201023286307,0.015647356615091253,0.05116171862174257,36,False
99,37,-0.0018468201023286307,0.015647356615091253,0.05116171862174257,37,False
99,38,-0.0018468201023286307,0.015647356615091253,0.05116171862174257,38,False
99,39,-0.0018468201023286307,0.015647356615091253,0.05116171862174257,39,False
99,40,-0.0018468201023286307,0.015647356615091253,0.05116171862174257,40,False
99,41,-0.0018468201023286307,0.015647356615091253,0.05116171862174257,41,False
99,42,-0.0018468201023286307,0.015647356615091253,0.05116171862174257,42,False
99,43,-0.0018468201023286307,0.015647356615091253,0.05116171862174257,43,False
99,44,-0.0018468201023286307,0.015647356615091253,0.05116171862174257,44,False
99,45,-0.0018468201023286307,0.015647356615091253,0.05116171862174257,45,False
99,46,-0.0018468201023286307,0.015647356615091253,0.05116171862174257,46,False
99,47,-0.0018468201023286307,0.015647356615091253,0.05116171862174257,47,False
99,48,-0.0018468201023286307,0.015647356615091253,0.05116171862174257,48,False
99,49,-0.0018468201023286307,0.015647356615091253,0.05116171862174257,49,False
99,50,-0.0018468201023286307,0.2248296449137249,1.5604737921636667,50,False
100,1,-0.0018468201023286307,0.004958947112135738,0.015712625676908676,1,True
100,2,-0.0018468201023286307,0.004958947112135738,0.015712625676908676,2,False
100,3,-0.0018468201023286307,0.004958947112135738,0.015712625676908676,3,False
100,4,-0.0018468201023286307,0.004958947112135738,0.015712625676908676,4,False
100,5,-0.0018468201023286307,0.004958947112135738,0.015712625676908676,5,False
100,6,-0.0018468201023286307,0.004958947112135738,0.015712625676908676,6,False
100,7,-0.0018468201023286307,0.004958947112135738,0.015712625676908676,7,False
100,8,-0.0018468201023286307,0.004958947112135738,0.015712625676908676,8,False
100,9,-0.0018468201023286307,0.004958947112135738,0.015712625676908676,9,False
100,10,-0.0018468201023286307,0.004958947112135738,0.015712625676908676,10,False
100,11,-0.0018468201023286307,0.004958947112135738,0.015712625676908676,11,False
100,12,-0.0018468201023286307,0.004958947112135738,0.015712625676908676,12,False
100,13,-0.0018468201023286307,0.004958947112135738,0.015712625676908676,13,False
100,14,-0.0018468201023286307,0.004958947112135738,0.015712625676908676,14,False
100,15,-0.0018468201023286307,0.004958947112135738,0.015712625676908676,15,False
100,16,-0.0018468201023286307,0.004958947112135738,0.015712625676908676,16,False
100,17,-0.0018468201023286307,0.004958947112135738,0.015712625676908676,17,False
100,18,-0.0018468201023286307,0.004958947112135738,0.015712625676908676,18,False
100,19,-0.0018468201023286307,0.004958947112135738,0.015712625676908676,19,False
100,20,-0.0018468201023286307,0.004958947112135738,0.015712625676908676,20,False
100,21,-0.0018468201023286307,0.004958947112135738,0.015712625676908676,21,False
100,22,-0.0018468201023286307,0.004958947112135738,0.015712625676908676,22,False
100,23,-0.0018468201023286307,0.004958947112135738,0.015712625676908676,23,False
100,24,-0.0018468201023286307,0.015647356615091253,0.05116171862174257,24,False
100,25,-0.0018468201023286307,0.015647356615091253,0.05116171862174257,25,False
100,26,-0.0018468201023286307,0.015647356615091253,0.05116171862174257,26,False
100,27,-0.0018468201023286307,0.015647356615091253,0.05116171862174257,27,False
100,28,-0.0018468201023286307,0.015647356615091253,0.05116171862174257,28,False
100,29,-0.0018468201023286307,0.015647356615091253,0.05116171862174257,29,False
100,30,-0.0018468201023286307,0.015647356615091253,0.05116171862174257,30,False
100,31,-0.0018468201023286307,0.015647356615091253,0.05116171862174257,31,False
100,32,-0.0018468201023286307,0.015647356615091253,0.05116171862174257,32,False
100,33,-0.0018468201023286307,0.015647356615091253,0.05116171862174257,33,False
100,34,-0.0018468201023286307,0.015647356615091253,0.05116171862174257,34,False
100,35,-0.0018468201023286307,0.015647356615091253,0.05116171862174257,35,False
100,36,-0.0018468201023286307,0.015647356615091253,0.05116171862174257,36,False
100,37,-0.0018468201023286307,0.015647356615091253,0.05116171862174257,37,False
100,38,-0.0018468201023286307,0.015647356615091253,0.05116171862174257,38,False
100,39,-0.0018468201023286307,0.015647356615091253,0.05116171862174257,39,False
100,40,-0.0018468201023286307,0.015647356615091253,0.05116171862174257,40,False
100,41,-0.0018468201023286307,0.015647356615091253,0.05116171862174257,41,False
100,42,-0.0018468201023286307,0.015647356615091253,0.05116171862174257,42,False
100,43,-0.0018468201023286307,0.015647356615091253,0.05116171862174257,43,False
100,44,-0.0018468201023286307,0.015647356615091253,0.05116171862174257,44,False
100,45,-0.0018468201023286307,0.015647356615091253,0.05116171862174257,45,False
100,46,-0.0018468201023286307,0.015647356615091253,0.05116171862174257,46,False
100,47,-0.0018468201023286307,0.015647356615091253,0.05116171862174257,47,False
100,48,-0.0018468201023286307,0.015647356615091253,0.05116171862174257,48,False
100,49,-0.0018468201023286307,0.015647356615091253,0.05116171862174257,49,False
100,50,-0.3561281778109631,0.015647356615091253,2.4943006795105274,50,False
